time=2026-02-22T22:36:43.602-05:00 level=INFO msg="🔍 Checking JSONL content hash AFTER pull (fix: auto-pull-not-pulling)"
time=2026-02-22T22:36:43.604-05:00 level=INFO msg="JSONL content changed, proceeding with operation..." mode=auto-import
time=2026-02-22T22:36:43.680-05:00 level=INFO msg="Import failed" error="parent issue ac-4olo does not exist"
time=2026-02-22T22:36:44.588-05:00 level=INFO msg="Import triggered by file change"
time=2026-02-22T22:36:44.614-05:00 level=INFO msg="Starting auto-import" mode=auto-import
time=2026-02-22T22:36:45.084-05:00 level=INFO msg="File change detected" path=/Users/matthew/s-proj/main/.git/beads-worktrees/beads-sync/.beads/issues.jsonl
time=2026-02-22T22:36:45.096-05:00 level=INFO msg="Pulled sync branch" branch=beads-sync fast_forward=false merged=false
time=2026-02-22T22:36:45.096-05:00 level=INFO msg="🔍 Checking JSONL content hash AFTER pull (fix: auto-pull-not-pulling)"
time=2026-02-22T22:36:45.098-05:00 level=INFO msg="JSONL content changed, proceeding with operation..." mode=auto-import
time=2026-02-22T22:36:45.174-05:00 level=INFO msg="Import failed" error="parent issue ac-4olo does not exist"
time=2026-02-22T22:36:46.086-05:00 level=INFO msg="Import triggered by file change"
time=2026-02-22T22:36:46.133-05:00 level=INFO msg="Starting auto-import" mode=auto-import
time=2026-02-22T22:36:46.603-05:00 level=INFO msg="File change detected" path=/Users/matthew/s-proj/main/.git/beads-worktrees/beads-sync/.beads/issues.jsonl
time=2026-02-22T22:36:46.616-05:00 level=INFO msg="Pulled sync branch" branch=beads-sync fast_forward=false merged=false
time=2026-02-22T22:36:46.616-05:00 level=INFO msg="🔍 Checking JSONL content hash AFTER pull (fix: auto-pull-not-pulling)"
time=2026-02-22T22:36:46.617-05:00 level=INFO msg="JSONL content changed, proceeding with operation..." mode=auto-import
time=2026-02-22T22:36:46.694-05:00 level=INFO msg="Import failed" error="parent issue ac-4olo does not exist"
time=2026-02-22T22:36:47.604-05:00 level=INFO msg="Import triggered by file change"
time=2026-02-22T22:36:47.653-05:00 level=INFO msg="Starting auto-import" mode=auto-import
time=2026-02-22T22:36:48.095-05:00 level=INFO msg="File change detected" path=/Users/matthew/s-proj/main/.git/beads-worktrees/beads-sync/.beads/issues.jsonl
time=2026-02-22T22:36:48.107-05:00 level=INFO msg="Pulled sync branch" branch=beads-sync fast_forward=false merged=false
time=2026-02-22T22:36:48.107-05:00 level=INFO msg="🔍 Checking JSONL content hash AFTER pull (fix: auto-pull-not-pulling)"
time=2026-02-22T22:36:48.108-05:00 level=INFO msg="JSONL content changed, proceeding with operation..." mode=auto-import
time=2026-02-22T22:36:48.185-05:00 level=INFO msg="Import failed" error="parent issue ac-4olo does not exist"
time=2026-02-22T22:36:49.096-05:00 level=INFO msg="Import triggered by file change"
time=2026-02-22T22:36:49.125-05:00 level=INFO msg="Starting auto-import" mode=auto-import
time=2026-02-22T22:36:49.555-05:00 level=INFO msg="File change detected" path=/Users/matthew/s-proj/main/.git/beads-worktrees/beads-sync/.beads/issues.jsonl
time=2026-02-22T22:36:49.569-05:00 level=INFO msg="Pulled sync branch" branch=beads-sync fast_forward=false merged=false
time=2026-02-22T22:36:49.569-05:00 level=INFO msg="🔍 Checking JSONL content hash AFTER pull (fix: auto-pull-not-pulling)"
time=2026-02-22T22:36:49.571-05:00 level=INFO msg="JSONL content changed, proceeding with operation..." mode=auto-import
time=2026-02-22T22:36:49.647-05:00 level=INFO msg="Import failed" error="parent issue ac-4olo does not exist"
time=2026-02-22T22:36:50.557-05:00 level=INFO msg="Import triggered by file change"
time=2026-02-22T22:36:50.585-05:00 level=INFO msg="Starting auto-import" mode=auto-import
time=2026-02-22T22:36:50.997-05:00 level=INFO msg="File change detected" path=/Users/matthew/s-proj/main/.git/beads-worktrees/beads-sync/.beads/issues.jsonl
time=2026-02-22T22:36:51.012-05:00 level=INFO msg="Pulled sync branch" branch=beads-sync fast_forward=false merged=false
time=2026-02-22T22:36:51.012-05:00 level=INFO msg="🔍 Checking JSONL content hash AFTER pull (fix: auto-pull-not-pulling)"
time=2026-02-22T22:36:51.013-05:00 level=INFO msg="JSONL content changed, proceeding with operation..." mode=auto-import
time=2026-02-22T22:36:51.091-05:00 level=INFO msg="Import failed" error="parent issue ac-4olo does not exist"
time=2026-02-22T22:36:52.000-05:00 level=INFO msg="Import triggered by file change"
time=2026-02-22T22:36:52.035-05:00 level=INFO msg="Starting auto-import" mode=auto-import
time=2026-02-22T22:36:52.489-05:00 level=INFO msg="File change detected" path=/Users/matthew/s-proj/main/.git/beads-worktrees/beads-sync/.beads/issues.jsonl
time=2026-02-22T22:36:52.499-05:00 level=INFO msg="Pulled sync branch" branch=beads-sync fast_forward=false merged=false
time=2026-02-22T22:36:52.499-05:00 level=INFO msg="🔍 Checking JSONL content hash AFTER pull (fix: auto-pull-not-pulling)"
time=2026-02-22T22:36:52.500-05:00 level=INFO msg="JSONL content changed, proceeding with operation..." mode=auto-import
time=2026-02-22T22:36:52.576-05:00 level=INFO msg="Import failed" error="parent issue ac-4olo does not exist"
time=2026-02-22T22:36:53.491-05:00 level=INFO msg="Import triggered by file change"
time=2026-02-22T22:36:53.540-05:00 level=INFO msg="Starting auto-import" mode=auto-import
time=2026-02-22T22:36:53.975-05:00 level=INFO msg="File change detected" path=/Users/matthew/s-proj/main/.git/beads-worktrees/beads-sync/.beads/issues.jsonl
time=2026-02-22T22:36:53.989-05:00 level=INFO msg="Pulled sync branch" branch=beads-sync fast_forward=false merged=false
time=2026-02-22T22:36:53.989-05:00 level=INFO msg="🔍 Checking JSONL content hash AFTER pull (fix: auto-pull-not-pulling)"
time=2026-02-22T22:36:53.991-05:00 level=INFO msg="JSONL content changed, proceeding with operation..." mode=auto-import
time=2026-02-22T22:36:54.067-05:00 level=INFO msg="Import failed" error="parent issue ac-4olo does not exist"
time=2026-02-22T22:36:54.977-05:00 level=INFO msg="Import triggered by file change"
time=2026-02-22T22:36:55.007-05:00 level=INFO msg="Starting auto-import" mode=auto-import
time=2026-02-22T22:36:55.446-05:00 level=INFO msg="File change detected" path=/Users/matthew/s-proj/main/.git/beads-worktrees/beads-sync/.beads/issues.jsonl
time=2026-02-22T22:36:55.457-05:00 level=INFO msg="Pulled sync branch" branch=beads-sync fast_forward=false merged=false
time=2026-02-22T22:36:55.457-05:00 level=INFO msg="🔍 Checking JSONL content hash AFTER pull (fix: auto-pull-not-pulling)"
time=2026-02-22T22:36:55.458-05:00 level=INFO msg="JSONL content changed, proceeding with operation..." mode=auto-import
time=2026-02-22T22:36:55.536-05:00 level=INFO msg="Import failed" error="parent issue ac-4olo does not exist"
time=2026-02-22T22:36:56.447-05:00 level=INFO msg="Import triggered by file change"
time=2026-02-22T22:36:56.490-05:00 level=INFO msg="Starting auto-import" mode=auto-import
time=2026-02-22T22:36:56.935-05:00 level=INFO msg="File change detected" path=/Users/matthew/s-proj/main/.git/beads-worktrees/beads-sync/.beads/issues.jsonl
time=2026-02-22T22:36:56.950-05:00 level=INFO msg="Pulled sync branch" branch=beads-sync fast_forward=false merged=false
time=2026-02-22T22:36:56.950-05:00 level=INFO msg="🔍 Checking JSONL content hash AFTER pull (fix: auto-pull-not-pulling)"
time=2026-02-22T22:36:56.951-05:00 level=INFO msg="JSONL content changed, proceeding with operation..." mode=auto-import
time=2026-02-22T22:36:57.032-05:00 level=INFO msg="Import failed" error="parent issue ac-4olo does not exist"
time=2026-02-22T22:36:57.938-05:00 level=INFO msg="Import triggered by file change"
time=2026-02-22T22:36:57.969-05:00 level=INFO msg="Starting auto-import" mode=auto-import
time=2026-02-22T22:36:58.431-05:00 level=INFO msg="File change detected" path=/Users/matthew/s-proj/main/.git/beads-worktrees/beads-sync/.beads/issues.jsonl
time=2026-02-22T22:36:58.443-05:00 level=INFO msg="Pulled sync branch" branch=beads-sync fast_forward=false merged=false
time=2026-02-22T22:36:58.443-05:00 level=INFO msg="🔍 Checking JSONL content hash AFTER pull (fix: auto-pull-not-pulling)"
time=2026-02-22T22:36:58.445-05:00 level=INFO msg="JSONL content changed, proceeding with operation..." mode=auto-import
time=2026-02-22T22:36:58.521-05:00 level=INFO msg="Import failed" error="parent issue ac-4olo does not exist"
time=2026-02-22T22:36:59.433-05:00 level=INFO msg="Import triggered by file change"
time=2026-02-22T22:36:59.470-05:00 level=INFO msg="Starting auto-import" mode=auto-import
time=2026-02-22T22:36:59.918-05:00 level=INFO msg="File change detected" path=/Users/matthew/s-proj/main/.git/beads-worktrees/beads-sync/.beads/issues.jsonl
time=2026-02-22T22:36:59.942-05:00 level=INFO msg="Pulled sync branch" branch=beads-sync fast_forward=false merged=false
time=2026-02-22T22:36:59.942-05:00 level=INFO msg="🔍 Checking JSONL content hash AFTER pull (fix: auto-pull-not-pulling)"
time=2026-02-22T22:36:59.943-05:00 level=INFO msg="JSONL content changed, proceeding with operation..." mode=auto-import
time=2026-02-22T22:37:00.021-05:00 level=INFO msg="Import failed" error="parent issue ac-4olo does not exist"
time=2026-02-22T22:37:00.919-05:00 level=INFO msg="Import triggered by file change"
time=2026-02-22T22:37:00.954-05:00 level=INFO msg="Starting auto-import" mode=auto-import
time=2026-02-22T22:37:01.403-05:00 level=INFO msg="File change detected" path=/Users/matthew/s-proj/main/.git/beads-worktrees/beads-sync/.beads/issues.jsonl
time=2026-02-22T22:37:01.417-05:00 level=INFO msg="Pulled sync branch" branch=beads-sync fast_forward=false merged=false
time=2026-02-22T22:37:01.417-05:00 level=INFO msg="🔍 Checking JSONL content hash AFTER pull (fix: auto-pull-not-pulling)"
time=2026-02-22T22:37:01.419-05:00 level=INFO msg="JSONL content changed, proceeding with operation..." mode=auto-import
time=2026-02-22T22:37:01.498-05:00 level=INFO msg="Import failed" error="parent issue ac-4olo does not exist"
time=2026-02-22T22:37:02.407-05:00 level=INFO msg="Import triggered by file change"
time=2026-02-22T22:37:02.437-05:00 level=INFO msg="Starting auto-import" mode=auto-import
time=2026-02-22T22:37:02.844-05:00 level=INFO msg="File change detected" path=/Users/matthew/s-proj/main/.git/beads-worktrees/beads-sync/.beads/issues.jsonl
time=2026-02-22T22:37:02.858-05:00 level=INFO msg="Pulled sync branch" branch=beads-sync fast_forward=false merged=false
time=2026-02-22T22:37:02.858-05:00 level=INFO msg="🔍 Checking JSONL content hash AFTER pull (fix: auto-pull-not-pulling)"
time=2026-02-22T22:37:02.859-05:00 level=INFO msg="JSONL content changed, proceeding with operation..." mode=auto-import
time=2026-02-22T22:37:02.936-05:00 level=INFO msg="Import failed" error="parent issue ac-4olo does not exist"
time=2026-02-22T22:37:03.846-05:00 level=INFO msg="Import triggered by file change"
time=2026-02-22T22:37:03.896-05:00 level=INFO msg="Starting auto-import" mode=auto-import
time=2026-02-22T22:37:04.347-05:00 level=INFO msg="File change detected" path=/Users/matthew/s-proj/main/.git/beads-worktrees/beads-sync/.beads/issues.jsonl
time=2026-02-22T22:37:04.360-05:00 level=INFO msg="Pulled sync branch" branch=beads-sync fast_forward=false merged=false
time=2026-02-22T22:37:04.360-05:00 level=INFO msg="🔍 Checking JSONL content hash AFTER pull (fix: auto-pull-not-pulling)"
time=2026-02-22T22:37:04.361-05:00 level=INFO msg="JSONL content changed, proceeding with operation..." mode=auto-import
time=2026-02-22T22:37:04.438-05:00 level=INFO msg="Import failed" error="parent issue ac-4olo does not exist"
time=2026-02-22T22:37:05.349-05:00 level=INFO msg="Import triggered by file change"
time=2026-02-22T22:37:05.393-05:00 level=INFO msg="Starting auto-import" mode=auto-import
time=2026-02-22T22:37:05.863-05:00 level=INFO msg="File change detected" path=/Users/matthew/s-proj/main/.git/beads-worktrees/beads-sync/.beads/issues.jsonl
time=2026-02-22T22:37:05.876-05:00 level=INFO msg="Pulled sync branch" branch=beads-sync fast_forward=false merged=false
time=2026-02-22T22:37:05.876-05:00 level=INFO msg="🔍 Checking JSONL content hash AFTER pull (fix: auto-pull-not-pulling)"
time=2026-02-22T22:37:05.877-05:00 level=INFO msg="JSONL content changed, proceeding with operation..." mode=auto-import
time=2026-02-22T22:37:05.955-05:00 level=INFO msg="Import failed" error="parent issue ac-4olo does not exist"
time=2026-02-22T22:37:06.866-05:00 level=INFO msg="Import triggered by file change"
time=2026-02-22T22:37:06.903-05:00 level=INFO msg="Starting auto-import" mode=auto-import
time=2026-02-22T22:37:07.351-05:00 level=INFO msg="File change detected" path=/Users/matthew/s-proj/main/.git/beads-worktrees/beads-sync/.beads/issues.jsonl
time=2026-02-22T22:37:07.365-05:00 level=INFO msg="Pulled sync branch" branch=beads-sync fast_forward=false merged=false
time=2026-02-22T22:37:07.365-05:00 level=INFO msg="🔍 Checking JSONL content hash AFTER pull (fix: auto-pull-not-pulling)"
time=2026-02-22T22:37:07.366-05:00 level=INFO msg="JSONL content changed, proceeding with operation..." mode=auto-import
time=2026-02-22T22:37:07.448-05:00 level=INFO msg="Import failed" error="parent issue ac-4olo does not exist"
time=2026-02-22T22:37:08.354-05:00 level=INFO msg="Import triggered by file change"
time=2026-02-22T22:37:08.387-05:00 level=INFO msg="Starting auto-import" mode=auto-import
time=2026-02-22T22:37:08.835-05:00 level=INFO msg="File change detected" path=/Users/matthew/s-proj/main/.git/beads-worktrees/beads-sync/.beads/issues.jsonl
time=2026-02-22T22:37:08.847-05:00 level=INFO msg="Pulled sync branch" branch=beads-sync fast_forward=false merged=false
time=2026-02-22T22:37:08.847-05:00 level=INFO msg="🔍 Checking JSONL content hash AFTER pull (fix: auto-pull-not-pulling)"
time=2026-02-22T22:37:08.848-05:00 level=INFO msg="JSONL content changed, proceeding with operation..." mode=auto-import
time=2026-02-22T22:37:08.926-05:00 level=INFO msg="Import failed" error="parent issue ac-4olo does not exist"
time=2026-02-22T22:37:09.837-05:00 level=INFO msg="Import triggered by file change"
time=2026-02-22T22:37:09.879-05:00 level=INFO msg="Starting auto-import" mode=auto-import
time=2026-02-22T22:37:10.355-05:00 level=INFO msg="File change detected" path=/Users/matthew/s-proj/main/.git/beads-worktrees/beads-sync/.beads/issues.jsonl
time=2026-02-22T22:37:10.376-05:00 level=INFO msg="Pulled sync branch" branch=beads-sync fast_forward=false merged=false
time=2026-02-22T22:37:10.376-05:00 level=INFO msg="🔍 Checking JSONL content hash AFTER pull (fix: auto-pull-not-pulling)"
time=2026-02-22T22:37:10.377-05:00 level=INFO msg="JSONL content changed, proceeding with operation..." mode=auto-import
time=2026-02-22T22:37:10.453-05:00 level=INFO msg="Import failed" error="parent issue ac-4olo does not exist"
time=2026-02-22T22:37:11.357-05:00 level=INFO msg="Import triggered by file change"
time=2026-02-22T22:37:11.399-05:00 level=INFO msg="Starting auto-import" mode=auto-import
time=2026-02-22T22:37:11.825-05:00 level=INFO msg="File change detected" path=/Users/matthew/s-proj/main/.git/beads-worktrees/beads-sync/.beads/issues.jsonl
time=2026-02-22T22:37:11.835-05:00 level=INFO msg="Pulled sync branch" branch=beads-sync fast_forward=false merged=false
time=2026-02-22T22:37:11.835-05:00 level=INFO msg="🔍 Checking JSONL content hash AFTER pull (fix: auto-pull-not-pulling)"
time=2026-02-22T22:37:11.836-05:00 level=INFO msg="JSONL content changed, proceeding with operation..." mode=auto-import
time=2026-02-22T22:37:11.914-05:00 level=INFO msg="Import failed" error="parent issue ac-4olo does not exist"
time=2026-02-22T22:37:12.834-05:00 level=INFO msg="Import triggered by file change"
time=2026-02-22T22:37:12.864-05:00 level=INFO msg="Starting auto-import" mode=auto-import
time=2026-02-22T22:37:13.294-05:00 level=INFO msg="File change detected" path=/Users/matthew/s-proj/main/.git/beads-worktrees/beads-sync/.beads/issues.jsonl
time=2026-02-22T22:37:13.306-05:00 level=INFO msg="Pulled sync branch" branch=beads-sync fast_forward=false merged=false
time=2026-02-22T22:37:13.306-05:00 level=INFO msg="🔍 Checking JSONL content hash AFTER pull (fix: auto-pull-not-pulling)"
time=2026-02-22T22:37:13.307-05:00 level=INFO msg="JSONL content changed, proceeding with operation..." mode=auto-import
time=2026-02-22T22:37:13.384-05:00 level=INFO msg="Import failed" error="parent issue ac-4olo does not exist"
time=2026-02-22T22:37:14.299-05:00 level=INFO msg="Import triggered by file change"
time=2026-02-22T22:37:14.337-05:00 level=INFO msg="Starting auto-import" mode=auto-import
time=2026-02-22T22:37:14.793-05:00 level=INFO msg="File change detected" path=/Users/matthew/s-proj/main/.git/beads-worktrees/beads-sync/.beads/issues.jsonl
time=2026-02-22T22:37:14.807-05:00 level=INFO msg="Pulled sync branch" branch=beads-sync fast_forward=false merged=false
time=2026-02-22T22:37:14.807-05:00 level=INFO msg="🔍 Checking JSONL content hash AFTER pull (fix: auto-pull-not-pulling)"
time=2026-02-22T22:37:14.809-05:00 level=INFO msg="JSONL content changed, proceeding with operation..." mode=auto-import
time=2026-02-22T22:37:14.885-05:00 level=INFO msg="Import failed" error="parent issue ac-4olo does not exist"
time=2026-02-22T22:37:15.795-05:00 level=INFO msg="Import triggered by file change"
time=2026-02-22T22:37:15.837-05:00 level=INFO msg="Starting auto-import" mode=auto-import
time=2026-02-22T22:37:16.292-05:00 level=INFO msg="File change detected" path=/Users/matthew/s-proj/main/.git/beads-worktrees/beads-sync/.beads/issues.jsonl
time=2026-02-22T22:37:16.305-05:00 level=INFO msg="Pulled sync branch" branch=beads-sync fast_forward=false merged=false
time=2026-02-22T22:37:16.305-05:00 level=INFO msg="🔍 Checking JSONL content hash AFTER pull (fix: auto-pull-not-pulling)"
time=2026-02-22T22:37:16.307-05:00 level=INFO msg="JSONL content changed, proceeding with operation..." mode=auto-import
time=2026-02-22T22:37:16.382-05:00 level=INFO msg="Import failed" error="parent issue ac-4olo does not exist"
time=2026-02-22T22:37:17.295-05:00 level=INFO msg="Import triggered by file change"
time=2026-02-22T22:37:17.335-05:00 level=INFO msg="Starting auto-import" mode=auto-import
time=2026-02-22T22:37:17.790-05:00 level=INFO msg="File change detected" path=/Users/matthew/s-proj/main/.git/beads-worktrees/beads-sync/.beads/issues.jsonl
time=2026-02-22T22:37:17.806-05:00 level=INFO msg="Pulled sync branch" branch=beads-sync fast_forward=false merged=false
time=2026-02-22T22:37:17.806-05:00 level=INFO msg="🔍 Checking JSONL content hash AFTER pull (fix: auto-pull-not-pulling)"
time=2026-02-22T22:37:17.808-05:00 level=INFO msg="JSONL content changed, proceeding with operation..." mode=auto-import
time=2026-02-22T22:37:17.884-05:00 level=INFO msg="Import failed" error="parent issue ac-4olo does not exist"
time=2026-02-22T22:37:18.792-05:00 level=INFO msg="Import triggered by file change"
time=2026-02-22T22:37:18.827-05:00 level=INFO msg="Starting auto-import" mode=auto-import
time=2026-02-22T22:37:19.263-05:00 level=INFO msg="File change detected" path=/Users/matthew/s-proj/main/.git/beads-worktrees/beads-sync/.beads/issues.jsonl
time=2026-02-22T22:37:19.279-05:00 level=INFO msg="Pulled sync branch" branch=beads-sync fast_forward=false merged=false
time=2026-02-22T22:37:19.279-05:00 level=INFO msg="🔍 Checking JSONL content hash AFTER pull (fix: auto-pull-not-pulling)"
time=2026-02-22T22:37:19.280-05:00 level=INFO msg="JSONL content changed, proceeding with operation..." mode=auto-import
time=2026-02-22T22:37:19.356-05:00 level=INFO msg="Import failed" error="parent issue ac-4olo does not exist"
time=2026-02-22T22:37:20.266-05:00 level=INFO msg="Import triggered by file change"
time=2026-02-22T22:37:20.302-05:00 level=INFO msg="Starting auto-import" mode=auto-import
time=2026-02-22T22:37:20.761-05:00 level=INFO msg="File change detected" path=/Users/matthew/s-proj/main/.git/beads-worktrees/beads-sync/.beads/issues.jsonl
time=2026-02-22T22:37:20.779-05:00 level=INFO msg="Pulled sync branch" branch=beads-sync fast_forward=false merged=false
time=2026-02-22T22:37:20.779-05:00 level=INFO msg="🔍 Checking JSONL content hash AFTER pull (fix: auto-pull-not-pulling)"
time=2026-02-22T22:37:20.785-05:00 level=INFO msg="JSONL content changed, proceeding with operation..." mode=auto-import
time=2026-02-22T22:37:20.898-05:00 level=INFO msg="Import failed" error="parent issue ac-4olo does not exist"
time=2026-02-22T22:37:21.763-05:00 level=INFO msg="Import triggered by file change"
time=2026-02-22T22:37:21.803-05:00 level=INFO msg="Starting auto-import" mode=auto-import
time=2026-02-22T22:37:22.250-05:00 level=INFO msg="File change detected" path=/Users/matthew/s-proj/main/.git/beads-worktrees/beads-sync/.beads/issues.jsonl
time=2026-02-22T22:37:22.262-05:00 level=INFO msg="Pulled sync branch" branch=beads-sync fast_forward=false merged=false
time=2026-02-22T22:37:22.262-05:00 level=INFO msg="🔍 Checking JSONL content hash AFTER pull (fix: auto-pull-not-pulling)"
time=2026-02-22T22:37:22.264-05:00 level=INFO msg="JSONL content changed, proceeding with operation..." mode=auto-import
time=2026-02-22T22:37:22.340-05:00 level=INFO msg="Import failed" error="parent issue ac-4olo does not exist"
time=2026-02-22T22:37:23.254-05:00 level=INFO msg="Import triggered by file change"
time=2026-02-22T22:37:23.288-05:00 level=INFO msg="Starting auto-import" mode=auto-import
time=2026-02-22T22:37:23.729-05:00 level=INFO msg="File change detected" path=/Users/matthew/s-proj/main/.git/beads-worktrees/beads-sync/.beads/issues.jsonl
time=2026-02-22T22:37:23.743-05:00 level=INFO msg="Pulled sync branch" branch=beads-sync fast_forward=false merged=false
time=2026-02-22T22:37:23.743-05:00 level=INFO msg="🔍 Checking JSONL content hash AFTER pull (fix: auto-pull-not-pulling)"
time=2026-02-22T22:37:23.744-05:00 level=INFO msg="JSONL content changed, proceeding with operation..." mode=auto-import
time=2026-02-22T22:37:23.821-05:00 level=INFO msg="Import failed" error="parent issue ac-4olo does not exist"
time=2026-02-22T22:37:24.731-05:00 level=INFO msg="Import triggered by file change"
time=2026-02-22T22:37:24.767-05:00 level=INFO msg="Starting auto-import" mode=auto-import
time=2026-02-22T22:37:25.191-05:00 level=INFO msg="File change detected" path=/Users/matthew/s-proj/main/.git/beads-worktrees/beads-sync/.beads/issues.jsonl
time=2026-02-22T22:37:25.207-05:00 level=INFO msg="Pulled sync branch" branch=beads-sync fast_forward=false merged=false
time=2026-02-22T22:37:25.207-05:00 level=INFO msg="🔍 Checking JSONL content hash AFTER pull (fix: auto-pull-not-pulling)"
time=2026-02-22T22:37:25.208-05:00 level=INFO msg="JSONL content changed, proceeding with operation..." mode=auto-import
time=2026-02-22T22:37:25.284-05:00 level=INFO msg="Import failed" error="parent issue ac-4olo does not exist"
time=2026-02-22T22:37:26.193-05:00 level=INFO msg="Import triggered by file change"
time=2026-02-22T22:37:26.230-05:00 level=INFO msg="Starting auto-import" mode=auto-import
time=2026-02-22T22:37:26.668-05:00 level=INFO msg="File change detected" path=/Users/matthew/s-proj/main/.git/beads-worktrees/beads-sync/.beads/issues.jsonl
time=2026-02-22T22:37:26.686-05:00 level=INFO msg="Pulled sync branch" branch=beads-sync fast_forward=false merged=false
time=2026-02-22T22:37:26.686-05:00 level=INFO msg="🔍 Checking JSONL content hash AFTER pull (fix: auto-pull-not-pulling)"
time=2026-02-22T22:37:26.687-05:00 level=INFO msg="JSONL content changed, proceeding with operation..." mode=auto-import
time=2026-02-22T22:37:26.765-05:00 level=INFO msg="Import failed" error="parent issue ac-4olo does not exist"
time=2026-02-22T22:37:27.670-05:00 level=INFO msg="Import triggered by file change"
time=2026-02-22T22:37:27.712-05:00 level=INFO msg="Starting auto-import" mode=auto-import
time=2026-02-22T22:37:28.160-05:00 level=INFO msg="File change detected" path=/Users/matthew/s-proj/main/.git/beads-worktrees/beads-sync/.beads/issues.jsonl
time=2026-02-22T22:37:28.174-05:00 level=INFO msg="Pulled sync branch" branch=beads-sync fast_forward=false merged=false
time=2026-02-22T22:37:28.174-05:00 level=INFO msg="🔍 Checking JSONL content hash AFTER pull (fix: auto-pull-not-pulling)"
time=2026-02-22T22:37:28.175-05:00 level=INFO msg="JSONL content changed, proceeding with operation..." mode=auto-import
time=2026-02-22T22:37:28.255-05:00 level=INFO msg="Import failed" error="parent issue ac-4olo does not exist"
time=2026-02-22T22:37:29.161-05:00 level=INFO msg="Import triggered by file change"
time=2026-02-22T22:37:29.194-05:00 level=INFO msg="Starting auto-import" mode=auto-import
time=2026-02-22T22:37:29.630-05:00 level=INFO msg="File change detected" path=/Users/matthew/s-proj/main/.git/beads-worktrees/beads-sync/.beads/issues.jsonl
time=2026-02-22T22:37:29.647-05:00 level=INFO msg="Pulled sync branch" branch=beads-sync fast_forward=false merged=false
time=2026-02-22T22:37:29.647-05:00 level=INFO msg="🔍 Checking JSONL content hash AFTER pull (fix: auto-pull-not-pulling)"
time=2026-02-22T22:37:29.649-05:00 level=INFO msg="JSONL content changed, proceeding with operation..." mode=auto-import
time=2026-02-22T22:37:29.726-05:00 level=INFO msg="Import failed" error="parent issue ac-4olo does not exist"
time=2026-02-22T22:37:30.632-05:00 level=INFO msg="Import triggered by file change"
time=2026-02-22T22:37:30.674-05:00 level=INFO msg="Starting auto-import" mode=auto-import
time=2026-02-22T22:37:31.115-05:00 level=INFO msg="File change detected" path=/Users/matthew/s-proj/main/.git/beads-worktrees/beads-sync/.beads/issues.jsonl
time=2026-02-22T22:37:31.128-05:00 level=INFO msg="Pulled sync branch" branch=beads-sync fast_forward=false merged=false
time=2026-02-22T22:37:31.128-05:00 level=INFO msg="🔍 Checking JSONL content hash AFTER pull (fix: auto-pull-not-pulling)"
time=2026-02-22T22:37:31.129-05:00 level=INFO msg="JSONL content changed, proceeding with operation..." mode=auto-import
time=2026-02-22T22:37:31.206-05:00 level=INFO msg="Import failed" error="parent issue ac-4olo does not exist"
time=2026-02-22T22:37:32.116-05:00 level=INFO msg="Import triggered by file change"
time=2026-02-22T22:37:32.155-05:00 level=INFO msg="Starting auto-import" mode=auto-import
time=2026-02-22T22:37:32.609-05:00 level=INFO msg="File change detected" path=/Users/matthew/s-proj/main/.git/beads-worktrees/beads-sync/.beads/issues.jsonl
time=2026-02-22T22:37:32.625-05:00 level=INFO msg="Pulled sync branch" branch=beads-sync fast_forward=false merged=false
time=2026-02-22T22:37:32.625-05:00 level=INFO msg="🔍 Checking JSONL content hash AFTER pull (fix: auto-pull-not-pulling)"
time=2026-02-22T22:37:32.626-05:00 level=INFO msg="JSONL content changed, proceeding with operation..." mode=auto-import
time=2026-02-22T22:37:32.703-05:00 level=INFO msg="Import failed" error="parent issue ac-4olo does not exist"
time=2026-02-22T22:37:33.611-05:00 level=INFO msg="Import triggered by file change"
time=2026-02-22T22:37:33.646-05:00 level=INFO msg="Starting auto-import" mode=auto-import
time=2026-02-22T22:37:34.090-05:00 level=INFO msg="File change detected" path=/Users/matthew/s-proj/main/.git/beads-worktrees/beads-sync/.beads/issues.jsonl
time=2026-02-22T22:37:34.104-05:00 level=INFO msg="Pulled sync branch" branch=beads-sync fast_forward=false merged=false
time=2026-02-22T22:37:34.104-05:00 level=INFO msg="🔍 Checking JSONL content hash AFTER pull (fix: auto-pull-not-pulling)"
time=2026-02-22T22:37:34.105-05:00 level=INFO msg="JSONL content changed, proceeding with operation..." mode=auto-import
time=2026-02-22T22:37:34.181-05:00 level=INFO msg="Import failed" error="parent issue ac-4olo does not exist"
time=2026-02-22T22:37:35.092-05:00 level=INFO msg="Import triggered by file change"
time=2026-02-22T22:37:35.136-05:00 level=INFO msg="Starting auto-import" mode=auto-import
time=2026-02-22T22:37:35.594-05:00 level=INFO msg="File change detected" path=/Users/matthew/s-proj/main/.git/beads-worktrees/beads-sync/.beads/issues.jsonl
time=2026-02-22T22:37:35.607-05:00 level=INFO msg="Pulled sync branch" branch=beads-sync fast_forward=false merged=false
time=2026-02-22T22:37:35.607-05:00 level=INFO msg="🔍 Checking JSONL content hash AFTER pull (fix: auto-pull-not-pulling)"
time=2026-02-22T22:37:35.610-05:00 level=INFO msg="JSONL content changed, proceeding with operation..." mode=auto-import
time=2026-02-22T22:37:35.690-05:00 level=INFO msg="Import failed" error="parent issue ac-4olo does not exist"
time=2026-02-22T22:37:36.596-05:00 level=INFO msg="Import triggered by file change"
time=2026-02-22T22:37:36.630-05:00 level=INFO msg="Starting auto-import" mode=auto-import
time=2026-02-22T22:37:37.062-05:00 level=INFO msg="File change detected" path=/Users/matthew/s-proj/main/.git/beads-worktrees/beads-sync/.beads/issues.jsonl
time=2026-02-22T22:37:37.077-05:00 level=INFO msg="Pulled sync branch" branch=beads-sync fast_forward=false merged=false
time=2026-02-22T22:37:37.077-05:00 level=INFO msg="🔍 Checking JSONL content hash AFTER pull (fix: auto-pull-not-pulling)"
time=2026-02-22T22:37:37.078-05:00 level=INFO msg="JSONL content changed, proceeding with operation..." mode=auto-import
time=2026-02-22T22:37:37.155-05:00 level=INFO msg="Import failed" error="parent issue ac-4olo does not exist"
time=2026-02-22T22:37:38.064-05:00 level=INFO msg="Import triggered by file change"
time=2026-02-22T22:37:38.097-05:00 level=INFO msg="Starting auto-import" mode=auto-import
time=2026-02-22T22:37:38.533-05:00 level=INFO msg="File change detected" path=/Users/matthew/s-proj/main/.git/beads-worktrees/beads-sync/.beads/issues.jsonl
time=2026-02-22T22:37:38.547-05:00 level=INFO msg="Pulled sync branch" branch=beads-sync fast_forward=false merged=false
time=2026-02-22T22:37:38.547-05:00 level=INFO msg="🔍 Checking JSONL content hash AFTER pull (fix: auto-pull-not-pulling)"
time=2026-02-22T22:37:38.549-05:00 level=INFO msg="JSONL content changed, proceeding with operation..." mode=auto-import
time=2026-02-22T22:37:38.625-05:00 level=INFO msg="Import failed" error="parent issue ac-4olo does not exist"
time=2026-02-22T22:37:39.536-05:00 level=INFO msg="Import triggered by file change"
time=2026-02-22T22:37:39.574-05:00 level=INFO msg="Starting auto-import" mode=auto-import
time=2026-02-22T22:37:40.084-05:00 level=INFO msg="File change detected" path=/Users/matthew/s-proj/main/.git/beads-worktrees/beads-sync/.beads/issues.jsonl
time=2026-02-22T22:37:40.096-05:00 level=INFO msg="Pulled sync branch" branch=beads-sync fast_forward=false merged=false
time=2026-02-22T22:37:40.096-05:00 level=INFO msg="🔍 Checking JSONL content hash AFTER pull (fix: auto-pull-not-pulling)"
time=2026-02-22T22:37:40.098-05:00 level=INFO msg="JSONL content changed, proceeding with operation..." mode=auto-import
time=2026-02-22T22:37:40.175-05:00 level=INFO msg="Import failed" error="parent issue ac-4olo does not exist"
time=2026-02-22T22:37:41.087-05:00 level=INFO msg="Import triggered by file change"
time=2026-02-22T22:37:41.141-05:00 level=INFO msg="Starting auto-import" mode=auto-import
time=2026-02-22T22:37:41.581-05:00 level=INFO msg="File change detected" path=/Users/matthew/s-proj/main/.git/beads-worktrees/beads-sync/.beads/issues.jsonl
time=2026-02-22T22:37:41.593-05:00 level=INFO msg="Pulled sync branch" branch=beads-sync fast_forward=false merged=false
time=2026-02-22T22:37:41.593-05:00 level=INFO msg="🔍 Checking JSONL content hash AFTER pull (fix: auto-pull-not-pulling)"
time=2026-02-22T22:37:41.595-05:00 level=INFO msg="JSONL content changed, proceeding with operation..." mode=auto-import
time=2026-02-22T22:37:41.669-05:00 level=INFO msg="Import failed" error="parent issue ac-4olo does not exist"
time=2026-02-22T22:37:42.584-05:00 level=INFO msg="Import triggered by file change"
time=2026-02-22T22:37:42.637-05:00 level=INFO msg="Starting auto-import" mode=auto-import
time=2026-02-22T22:37:43.082-05:00 level=INFO msg="File change detected" path=/Users/matthew/s-proj/main/.git/beads-worktrees/beads-sync/.beads/issues.jsonl
time=2026-02-22T22:37:43.094-05:00 level=INFO msg="Pulled sync branch" branch=beads-sync fast_forward=false merged=false
time=2026-02-22T22:37:43.094-05:00 level=INFO msg="🔍 Checking JSONL content hash AFTER pull (fix: auto-pull-not-pulling)"
time=2026-02-22T22:37:43.095-05:00 level=INFO msg="JSONL content changed, proceeding with operation..." mode=auto-import
time=2026-02-22T22:37:43.171-05:00 level=INFO msg="Import failed" error="parent issue ac-4olo does not exist"
time=2026-02-22T22:37:44.089-05:00 level=INFO msg="Import triggered by file change"
time=2026-02-22T22:37:44.119-05:00 level=INFO msg="Starting auto-import" mode=auto-import
time=2026-02-22T22:37:44.567-05:00 level=INFO msg="File change detected" path=/Users/matthew/s-proj/main/.git/beads-worktrees/beads-sync/.beads/issues.jsonl
time=2026-02-22T22:37:44.580-05:00 level=INFO msg="Pulled sync branch" branch=beads-sync fast_forward=false merged=false
time=2026-02-22T22:37:44.580-05:00 level=INFO msg="🔍 Checking JSONL content hash AFTER pull (fix: auto-pull-not-pulling)"
time=2026-02-22T22:37:44.581-05:00 level=INFO msg="JSONL content changed, proceeding with operation..." mode=auto-import
time=2026-02-22T22:37:44.658-05:00 level=INFO msg="Import failed" error="parent issue ac-4olo does not exist"
time=2026-02-22T22:37:45.574-05:00 level=INFO msg="Import triggered by file change"
time=2026-02-22T22:37:45.617-05:00 level=INFO msg="Starting auto-import" mode=auto-import
time=2026-02-22T22:37:46.077-05:00 level=INFO msg="File change detected" path=/Users/matthew/s-proj/main/.git/beads-worktrees/beads-sync/.beads/issues.jsonl
time=2026-02-22T22:37:46.091-05:00 level=INFO msg="Pulled sync branch" branch=beads-sync fast_forward=false merged=false
time=2026-02-22T22:37:46.092-05:00 level=INFO msg="🔍 Checking JSONL content hash AFTER pull (fix: auto-pull-not-pulling)"
time=2026-02-22T22:37:46.093-05:00 level=INFO msg="JSONL content changed, proceeding with operation..." mode=auto-import
time=2026-02-22T22:37:46.169-05:00 level=INFO msg="Import failed" error="parent issue ac-4olo does not exist"
time=2026-02-22T22:37:47.079-05:00 level=INFO msg="Import triggered by file change"
time=2026-02-22T22:37:47.119-05:00 level=INFO msg="Starting auto-import" mode=auto-import
time=2026-02-22T22:37:47.556-05:00 level=INFO msg="File change detected" path=/Users/matthew/s-proj/main/.git/beads-worktrees/beads-sync/.beads/issues.jsonl
time=2026-02-22T22:37:47.570-05:00 level=INFO msg="Pulled sync branch" branch=beads-sync fast_forward=false merged=false
time=2026-02-22T22:37:47.570-05:00 level=INFO msg="🔍 Checking JSONL content hash AFTER pull (fix: auto-pull-not-pulling)"
time=2026-02-22T22:37:47.571-05:00 level=INFO msg="JSONL content changed, proceeding with operation..." mode=auto-import
time=2026-02-22T22:37:47.647-05:00 level=INFO msg="Import failed" error="parent issue ac-4olo does not exist"
time=2026-02-22T22:37:48.558-05:00 level=INFO msg="Import triggered by file change"
time=2026-02-22T22:37:48.587-05:00 level=INFO msg="Starting auto-import" mode=auto-import
time=2026-02-22T22:37:49.044-05:00 level=INFO msg="File change detected" path=/Users/matthew/s-proj/main/.git/beads-worktrees/beads-sync/.beads/issues.jsonl
time=2026-02-22T22:37:49.055-05:00 level=INFO msg="Pulled sync branch" branch=beads-sync fast_forward=false merged=false
time=2026-02-22T22:37:49.056-05:00 level=INFO msg="🔍 Checking JSONL content hash AFTER pull (fix: auto-pull-not-pulling)"
time=2026-02-22T22:37:49.057-05:00 level=INFO msg="JSONL content changed, proceeding with operation..." mode=auto-import
time=2026-02-22T22:37:49.133-05:00 level=INFO msg="Import failed" error="parent issue ac-4olo does not exist"
time=2026-02-22T22:37:50.047-05:00 level=INFO msg="Import triggered by file change"
time=2026-02-22T22:37:50.093-05:00 level=INFO msg="Starting auto-import" mode=auto-import
time=2026-02-22T22:37:50.534-05:00 level=INFO msg="File change detected" path=/Users/matthew/s-proj/main/.git/beads-worktrees/beads-sync/.beads/issues.jsonl
time=2026-02-22T22:37:50.549-05:00 level=INFO msg="Pulled sync branch" branch=beads-sync fast_forward=false merged=false
time=2026-02-22T22:37:50.549-05:00 level=INFO msg="🔍 Checking JSONL content hash AFTER pull (fix: auto-pull-not-pulling)"
time=2026-02-22T22:37:50.550-05:00 level=INFO msg="JSONL content changed, proceeding with operation..." mode=auto-import
time=2026-02-22T22:37:50.626-05:00 level=INFO msg="Import failed" error="parent issue ac-4olo does not exist"
time=2026-02-22T22:37:51.537-05:00 level=INFO msg="Import triggered by file change"
time=2026-02-22T22:37:51.564-05:00 level=INFO msg="Starting auto-import" mode=auto-import
time=2026-02-22T22:37:51.991-05:00 level=INFO msg="File change detected" path=/Users/matthew/s-proj/main/.git/beads-worktrees/beads-sync/.beads/issues.jsonl
time=2026-02-22T22:37:52.005-05:00 level=INFO msg="Pulled sync branch" branch=beads-sync fast_forward=false merged=false
time=2026-02-22T22:37:52.005-05:00 level=INFO msg="🔍 Checking JSONL content hash AFTER pull (fix: auto-pull-not-pulling)"
time=2026-02-22T22:37:52.006-05:00 level=INFO msg="JSONL content changed, proceeding with operation..." mode=auto-import
time=2026-02-22T22:37:52.083-05:00 level=INFO msg="Import failed" error="parent issue ac-4olo does not exist"
time=2026-02-22T22:37:52.993-05:00 level=INFO msg="Import triggered by file change"
time=2026-02-22T22:37:53.024-05:00 level=INFO msg="Starting auto-import" mode=auto-import
time=2026-02-22T22:37:53.466-05:00 level=INFO msg="File change detected" path=/Users/matthew/s-proj/main/.git/beads-worktrees/beads-sync/.beads/issues.jsonl
time=2026-02-22T22:37:53.483-05:00 level=INFO msg="Pulled sync branch" branch=beads-sync fast_forward=false merged=false
time=2026-02-22T22:37:53.483-05:00 level=INFO msg="🔍 Checking JSONL content hash AFTER pull (fix: auto-pull-not-pulling)"
time=2026-02-22T22:37:53.484-05:00 level=INFO msg="JSONL content changed, proceeding with operation..." mode=auto-import
time=2026-02-22T22:37:53.561-05:00 level=INFO msg="Import failed" error="parent issue ac-4olo does not exist"
time=2026-02-22T22:37:54.468-05:00 level=INFO msg="Import triggered by file change"
time=2026-02-22T22:37:54.510-05:00 level=INFO msg="Starting auto-import" mode=auto-import
time=2026-02-22T22:37:54.962-05:00 level=INFO msg="File change detected" path=/Users/matthew/s-proj/main/.git/beads-worktrees/beads-sync/.beads/issues.jsonl
time=2026-02-22T22:37:54.977-05:00 level=INFO msg="Pulled sync branch" branch=beads-sync fast_forward=false merged=false
time=2026-02-22T22:37:54.977-05:00 level=INFO msg="🔍 Checking JSONL content hash AFTER pull (fix: auto-pull-not-pulling)"
time=2026-02-22T22:37:54.978-05:00 level=INFO msg="JSONL content changed, proceeding with operation..." mode=auto-import
time=2026-02-22T22:37:55.055-05:00 level=INFO msg="Import failed" error="parent issue ac-4olo does not exist"
time=2026-02-22T22:37:55.964-05:00 level=INFO msg="Import triggered by file change"
time=2026-02-22T22:37:55.997-05:00 level=INFO msg="Starting auto-import" mode=auto-import
time=2026-02-22T22:37:56.551-05:00 level=INFO msg="File change detected" path=/Users/matthew/s-proj/main/.git/beads-worktrees/beads-sync/.beads/issues.jsonl
time=2026-02-22T22:37:56.566-05:00 level=INFO msg="Pulled sync branch" branch=beads-sync fast_forward=false merged=false
time=2026-02-22T22:37:56.566-05:00 level=INFO msg="🔍 Checking JSONL content hash AFTER pull (fix: auto-pull-not-pulling)"
time=2026-02-22T22:37:56.568-05:00 level=INFO msg="JSONL content changed, proceeding with operation..." mode=auto-import
time=2026-02-22T22:37:56.644-05:00 level=INFO msg="Import failed" error="parent issue ac-4olo does not exist"
time=2026-02-22T22:37:57.555-05:00 level=INFO msg="Import triggered by file change"
time=2026-02-22T22:37:57.594-05:00 level=INFO msg="Starting auto-import" mode=auto-import
time=2026-02-22T22:37:58.050-05:00 level=INFO msg="File change detected" path=/Users/matthew/s-proj/main/.git/beads-worktrees/beads-sync/.beads/issues.jsonl
time=2026-02-22T22:37:58.061-05:00 level=INFO msg="Pulled sync branch" branch=beads-sync fast_forward=false merged=false
time=2026-02-22T22:37:58.061-05:00 level=INFO msg="🔍 Checking JSONL content hash AFTER pull (fix: auto-pull-not-pulling)"
time=2026-02-22T22:37:58.062-05:00 level=INFO msg="JSONL content changed, proceeding with operation..." mode=auto-import
time=2026-02-22T22:37:58.140-05:00 level=INFO msg="Import failed" error="parent issue ac-4olo does not exist"
time=2026-02-22T22:37:59.052-05:00 level=INFO msg="Import triggered by file change"
time=2026-02-22T22:37:59.082-05:00 level=INFO msg="Starting auto-import" mode=auto-import
time=2026-02-22T22:37:59.522-05:00 level=INFO msg="File change detected" path=/Users/matthew/s-proj/main/.git/beads-worktrees/beads-sync/.beads/issues.jsonl
time=2026-02-22T22:37:59.536-05:00 level=INFO msg="Pulled sync branch" branch=beads-sync fast_forward=false merged=false
time=2026-02-22T22:37:59.536-05:00 level=INFO msg="🔍 Checking JSONL content hash AFTER pull (fix: auto-pull-not-pulling)"
time=2026-02-22T22:37:59.537-05:00 level=INFO msg="JSONL content changed, proceeding with operation..." mode=auto-import
time=2026-02-22T22:37:59.613-05:00 level=INFO msg="Import failed" error="parent issue ac-4olo does not exist"
time=2026-02-22T22:38:00.525-05:00 level=INFO msg="Import triggered by file change"
time=2026-02-22T22:38:00.568-05:00 level=INFO msg="Starting auto-import" mode=auto-import
time=2026-02-22T22:38:00.986-05:00 level=INFO msg="File change detected" path=/Users/matthew/s-proj/main/.git/beads-worktrees/beads-sync/.beads/issues.jsonl
time=2026-02-22T22:38:01.001-05:00 level=INFO msg="Pulled sync branch" branch=beads-sync fast_forward=false merged=false
time=2026-02-22T22:38:01.001-05:00 level=INFO msg="🔍 Checking JSONL content hash AFTER pull (fix: auto-pull-not-pulling)"
time=2026-02-22T22:38:01.002-05:00 level=INFO msg="JSONL content changed, proceeding with operation..." mode=auto-import
time=2026-02-22T22:38:01.078-05:00 level=INFO msg="Import failed" error="parent issue ac-4olo does not exist"
time=2026-02-22T22:38:01.988-05:00 level=INFO msg="Import triggered by file change"
time=2026-02-22T22:38:02.028-05:00 level=INFO msg="Starting auto-import" mode=auto-import
time=2026-02-22T22:38:02.532-05:00 level=INFO msg="File change detected" path=/Users/matthew/s-proj/main/.git/beads-worktrees/beads-sync/.beads/issues.jsonl
time=2026-02-22T22:38:02.548-05:00 level=INFO msg="Pulled sync branch" branch=beads-sync fast_forward=false merged=false
time=2026-02-22T22:38:02.549-05:00 level=INFO msg="🔍 Checking JSONL content hash AFTER pull (fix: auto-pull-not-pulling)"
time=2026-02-22T22:38:02.550-05:00 level=INFO msg="JSONL content changed, proceeding with operation..." mode=auto-import
time=2026-02-22T22:38:02.627-05:00 level=INFO msg="Import failed" error="parent issue ac-4olo does not exist"
time=2026-02-22T22:38:03.539-05:00 level=INFO msg="Import triggered by file change"
time=2026-02-22T22:38:03.580-05:00 level=INFO msg="Starting auto-import" mode=auto-import
time=2026-02-22T22:38:04.031-05:00 level=INFO msg="File change detected" path=/Users/matthew/s-proj/main/.git/beads-worktrees/beads-sync/.beads/issues.jsonl
time=2026-02-22T22:38:04.043-05:00 level=INFO msg="Pulled sync branch" branch=beads-sync fast_forward=false merged=false
time=2026-02-22T22:38:04.043-05:00 level=INFO msg="🔍 Checking JSONL content hash AFTER pull (fix: auto-pull-not-pulling)"
time=2026-02-22T22:38:04.044-05:00 level=INFO msg="JSONL content changed, proceeding with operation..." mode=auto-import
time=2026-02-22T22:38:04.121-05:00 level=INFO msg="Import failed" error="parent issue ac-4olo does not exist"
time=2026-02-22T22:38:05.033-05:00 level=INFO msg="Import triggered by file change"
time=2026-02-22T22:38:05.063-05:00 level=INFO msg="Starting auto-import" mode=auto-import
time=2026-02-22T22:38:05.514-05:00 level=INFO msg="File change detected" path=/Users/matthew/s-proj/main/.git/beads-worktrees/beads-sync/.beads/issues.jsonl
time=2026-02-22T22:38:05.528-05:00 level=INFO msg="Pulled sync branch" branch=beads-sync fast_forward=false merged=false
time=2026-02-22T22:38:05.528-05:00 level=INFO msg="🔍 Checking JSONL content hash AFTER pull (fix: auto-pull-not-pulling)"
time=2026-02-22T22:38:05.529-05:00 level=INFO msg="JSONL content changed, proceeding with operation..." mode=auto-import
time=2026-02-22T22:38:05.606-05:00 level=INFO msg="Import failed" error="parent issue ac-4olo does not exist"
time=2026-02-22T22:38:06.516-05:00 level=INFO msg="Import triggered by file change"
time=2026-02-22T22:38:06.550-05:00 level=INFO msg="Starting auto-import" mode=auto-import
time=2026-02-22T22:38:07.019-05:00 level=INFO msg="File change detected" path=/Users/matthew/s-proj/main/.git/beads-worktrees/beads-sync/.beads/issues.jsonl
time=2026-02-22T22:38:07.032-05:00 level=INFO msg="Pulled sync branch" branch=beads-sync fast_forward=false merged=false
time=2026-02-22T22:38:07.032-05:00 level=INFO msg="🔍 Checking JSONL content hash AFTER pull (fix: auto-pull-not-pulling)"
time=2026-02-22T22:38:07.034-05:00 level=INFO msg="JSONL content changed, proceeding with operation..." mode=auto-import
time=2026-02-22T22:38:07.110-05:00 level=INFO msg="Import failed" error="parent issue ac-4olo does not exist"
time=2026-02-22T22:38:08.021-05:00 level=INFO msg="Import triggered by file change"
time=2026-02-22T22:38:08.053-05:00 level=INFO msg="Starting auto-import" mode=auto-import
time=2026-02-22T22:38:08.480-05:00 level=INFO msg="File change detected" path=/Users/matthew/s-proj/main/.git/beads-worktrees/beads-sync/.beads/issues.jsonl
time=2026-02-22T22:38:08.493-05:00 level=INFO msg="Pulled sync branch" branch=beads-sync fast_forward=false merged=false
time=2026-02-22T22:38:08.493-05:00 level=INFO msg="🔍 Checking JSONL content hash AFTER pull (fix: auto-pull-not-pulling)"
time=2026-02-22T22:38:08.495-05:00 level=INFO msg="JSONL content changed, proceeding with operation..." mode=auto-import
time=2026-02-22T22:38:08.572-05:00 level=INFO msg="Import failed" error="parent issue ac-4olo does not exist"
time=2026-02-22T22:38:09.481-05:00 level=INFO msg="Import triggered by file change"
time=2026-02-22T22:38:09.529-05:00 level=INFO msg="Starting auto-import" mode=auto-import
time=2026-02-22T22:38:10.086-05:00 level=INFO msg="File change detected" path=/Users/matthew/s-proj/main/.git/beads-worktrees/beads-sync/.beads/issues.jsonl
time=2026-02-22T22:38:10.098-05:00 level=INFO msg="Pulled sync branch" branch=beads-sync fast_forward=false merged=false
time=2026-02-22T22:38:10.098-05:00 level=INFO msg="🔍 Checking JSONL content hash AFTER pull (fix: auto-pull-not-pulling)"
time=2026-02-22T22:38:10.099-05:00 level=INFO msg="JSONL content changed, proceeding with operation..." mode=auto-import
time=2026-02-22T22:38:10.176-05:00 level=INFO msg="Import failed" error="parent issue ac-4olo does not exist"
time=2026-02-22T22:38:11.088-05:00 level=INFO msg="Import triggered by file change"
time=2026-02-22T22:38:11.131-05:00 level=INFO msg="Starting auto-import" mode=auto-import
time=2026-02-22T22:38:11.577-05:00 level=INFO msg="File change detected" path=/Users/matthew/s-proj/main/.git/beads-worktrees/beads-sync/.beads/issues.jsonl
time=2026-02-22T22:38:11.588-05:00 level=INFO msg="Pulled sync branch" branch=beads-sync fast_forward=false merged=false
time=2026-02-22T22:38:11.588-05:00 level=INFO msg="🔍 Checking JSONL content hash AFTER pull (fix: auto-pull-not-pulling)"
time=2026-02-22T22:38:11.589-05:00 level=INFO msg="JSONL content changed, proceeding with operation..." mode=auto-import
time=2026-02-22T22:38:11.667-05:00 level=INFO msg="Import failed" error="parent issue ac-4olo does not exist"
time=2026-02-22T22:38:12.579-05:00 level=INFO msg="Import triggered by file change"
time=2026-02-22T22:38:12.617-05:00 level=INFO msg="Starting auto-import" mode=auto-import
time=2026-02-22T22:38:13.055-05:00 level=INFO msg="File change detected" path=/Users/matthew/s-proj/main/.git/beads-worktrees/beads-sync/.beads/issues.jsonl
time=2026-02-22T22:38:13.067-05:00 level=INFO msg="Pulled sync branch" branch=beads-sync fast_forward=false merged=false
time=2026-02-22T22:38:13.067-05:00 level=INFO msg="🔍 Checking JSONL content hash AFTER pull (fix: auto-pull-not-pulling)"
time=2026-02-22T22:38:13.068-05:00 level=INFO msg="JSONL content changed, proceeding with operation..." mode=auto-import
time=2026-02-22T22:38:13.144-05:00 level=INFO msg="Import failed" error="parent issue ac-4olo does not exist"
time=2026-02-22T22:38:14.057-05:00 level=INFO msg="Import triggered by file change"
time=2026-02-22T22:38:14.090-05:00 level=INFO msg="Starting auto-import" mode=auto-import
time=2026-02-22T22:38:14.516-05:00 level=INFO msg="File change detected" path=/Users/matthew/s-proj/main/.git/beads-worktrees/beads-sync/.beads/issues.jsonl
time=2026-02-22T22:38:14.528-05:00 level=INFO msg="Pulled sync branch" branch=beads-sync fast_forward=false merged=false
time=2026-02-22T22:38:14.528-05:00 level=INFO msg="🔍 Checking JSONL content hash AFTER pull (fix: auto-pull-not-pulling)"
time=2026-02-22T22:38:14.529-05:00 level=INFO msg="JSONL content changed, proceeding with operation..." mode=auto-import
time=2026-02-22T22:38:14.607-05:00 level=INFO msg="Import failed" error="parent issue ac-4olo does not exist"
time=2026-02-22T22:38:15.518-05:00 level=INFO msg="Import triggered by file change"
time=2026-02-22T22:38:15.551-05:00 level=INFO msg="Starting auto-import" mode=auto-import
time=2026-02-22T22:38:15.985-05:00 level=INFO msg="File change detected" path=/Users/matthew/s-proj/main/.git/beads-worktrees/beads-sync/.beads/issues.jsonl
time=2026-02-22T22:38:15.998-05:00 level=INFO msg="Pulled sync branch" branch=beads-sync fast_forward=false merged=false
time=2026-02-22T22:38:15.998-05:00 level=INFO msg="🔍 Checking JSONL content hash AFTER pull (fix: auto-pull-not-pulling)"
time=2026-02-22T22:38:15.999-05:00 level=INFO msg="JSONL content changed, proceeding with operation..." mode=auto-import
time=2026-02-22T22:38:16.076-05:00 level=INFO msg="Import failed" error="parent issue ac-4olo does not exist"
time=2026-02-22T22:38:16.987-05:00 level=INFO msg="Import triggered by file change"
time=2026-02-22T22:38:17.030-05:00 level=INFO msg="Starting auto-import" mode=auto-import
time=2026-02-22T22:38:17.465-05:00 level=INFO msg="File change detected" path=/Users/matthew/s-proj/main/.git/beads-worktrees/beads-sync/.beads/issues.jsonl
time=2026-02-22T22:38:17.479-05:00 level=INFO msg="Pulled sync branch" branch=beads-sync fast_forward=false merged=false
time=2026-02-22T22:38:17.480-05:00 level=INFO msg="🔍 Checking JSONL content hash AFTER pull (fix: auto-pull-not-pulling)"
time=2026-02-22T22:38:17.480-05:00 level=INFO msg="JSONL content changed, proceeding with operation..." mode=auto-import
time=2026-02-22T22:38:17.557-05:00 level=INFO msg="Import failed" error="parent issue ac-4olo does not exist"
time=2026-02-22T22:38:18.467-05:00 level=INFO msg="Import triggered by file change"
time=2026-02-22T22:38:18.511-05:00 level=INFO msg="Starting auto-import" mode=auto-import
time=2026-02-22T22:38:18.964-05:00 level=INFO msg="File change detected" path=/Users/matthew/s-proj/main/.git/beads-worktrees/beads-sync/.beads/issues.jsonl
time=2026-02-22T22:38:18.976-05:00 level=INFO msg="Pulled sync branch" branch=beads-sync fast_forward=false merged=false
time=2026-02-22T22:38:18.977-05:00 level=INFO msg="🔍 Checking JSONL content hash AFTER pull (fix: auto-pull-not-pulling)"
time=2026-02-22T22:38:18.978-05:00 level=INFO msg="JSONL content changed, proceeding with operation..." mode=auto-import
time=2026-02-22T22:38:19.055-05:00 level=INFO msg="Import failed" error="parent issue ac-4olo does not exist"
time=2026-02-22T22:38:19.969-05:00 level=INFO msg="Import triggered by file change"
time=2026-02-22T22:38:20.000-05:00 level=INFO msg="Starting auto-import" mode=auto-import
time=2026-02-22T22:38:20.468-05:00 level=INFO msg="File change detected" path=/Users/matthew/s-proj/main/.git/beads-worktrees/beads-sync/.beads/issues.jsonl
time=2026-02-22T22:38:20.479-05:00 level=INFO msg="Pulled sync branch" branch=beads-sync fast_forward=false merged=false
time=2026-02-22T22:38:20.479-05:00 level=INFO msg="🔍 Checking JSONL content hash AFTER pull (fix: auto-pull-not-pulling)"
time=2026-02-22T22:38:20.480-05:00 level=INFO msg="JSONL content changed, proceeding with operation..." mode=auto-import
time=2026-02-22T22:38:20.557-05:00 level=INFO msg="Import failed" error="parent issue ac-4olo does not exist"
time=2026-02-22T22:38:21.470-05:00 level=INFO msg="Import triggered by file change"
time=2026-02-22T22:38:21.517-05:00 level=INFO msg="Starting auto-import" mode=auto-import
time=2026-02-22T22:38:22.008-05:00 level=INFO msg="File change detected" path=/Users/matthew/s-proj/main/.git/beads-worktrees/beads-sync/.beads/issues.jsonl
time=2026-02-22T22:38:22.021-05:00 level=INFO msg="Pulled sync branch" branch=beads-sync fast_forward=false merged=false
time=2026-02-22T22:38:22.022-05:00 level=INFO msg="🔍 Checking JSONL content hash AFTER pull (fix: auto-pull-not-pulling)"
time=2026-02-22T22:38:22.023-05:00 level=INFO msg="JSONL content changed, proceeding with operation..." mode=auto-import
time=2026-02-22T22:38:22.101-05:00 level=INFO msg="Import failed" error="parent issue ac-4olo does not exist"
time=2026-02-22T22:38:23.010-05:00 level=INFO msg="Import triggered by file change"
time=2026-02-22T22:38:23.046-05:00 level=INFO msg="Starting auto-import" mode=auto-import
time=2026-02-22T22:38:23.469-05:00 level=INFO msg="File change detected" path=/Users/matthew/s-proj/main/.git/beads-worktrees/beads-sync/.beads/issues.jsonl
time=2026-02-22T22:38:23.481-05:00 level=INFO msg="Pulled sync branch" branch=beads-sync fast_forward=false merged=false
time=2026-02-22T22:38:23.481-05:00 level=INFO msg="🔍 Checking JSONL content hash AFTER pull (fix: auto-pull-not-pulling)"
time=2026-02-22T22:38:23.482-05:00 level=INFO msg="JSONL content changed, proceeding with operation..." mode=auto-import
time=2026-02-22T22:38:23.559-05:00 level=INFO msg="Import failed" error="parent issue ac-4olo does not exist"
time=2026-02-22T22:38:24.471-05:00 level=INFO msg="Import triggered by file change"
time=2026-02-22T22:38:24.513-05:00 level=INFO msg="Starting auto-import" mode=auto-import
time=2026-02-22T22:38:24.946-05:00 level=INFO msg="File change detected" path=/Users/matthew/s-proj/main/.git/beads-worktrees/beads-sync/.beads/issues.jsonl
time=2026-02-22T22:38:24.958-05:00 level=INFO msg="Pulled sync branch" branch=beads-sync fast_forward=false merged=false
time=2026-02-22T22:38:24.958-05:00 level=INFO msg="🔍 Checking JSONL content hash AFTER pull (fix: auto-pull-not-pulling)"
time=2026-02-22T22:38:24.959-05:00 level=INFO msg="JSONL content changed, proceeding with operation..." mode=auto-import
time=2026-02-22T22:38:25.036-05:00 level=INFO msg="Import failed" error="parent issue ac-4olo does not exist"
time=2026-02-22T22:38:25.948-05:00 level=INFO msg="Import triggered by file change"
time=2026-02-22T22:38:25.990-05:00 level=INFO msg="Starting auto-import" mode=auto-import
time=2026-02-22T22:38:26.503-05:00 level=INFO msg="File change detected" path=/Users/matthew/s-proj/main/.git/beads-worktrees/beads-sync/.beads/issues.jsonl
time=2026-02-22T22:38:26.515-05:00 level=INFO msg="Pulled sync branch" branch=beads-sync fast_forward=false merged=false
time=2026-02-22T22:38:26.515-05:00 level=INFO msg="🔍 Checking JSONL content hash AFTER pull (fix: auto-pull-not-pulling)"
time=2026-02-22T22:38:26.516-05:00 level=INFO msg="JSONL content changed, proceeding with operation..." mode=auto-import
time=2026-02-22T22:38:26.593-05:00 level=INFO msg="Import failed" error="parent issue ac-4olo does not exist"
time=2026-02-22T22:38:27.504-05:00 level=INFO msg="Import triggered by file change"
time=2026-02-22T22:38:27.553-05:00 level=INFO msg="Starting auto-import" mode=auto-import
time=2026-02-22T22:38:28.009-05:00 level=INFO msg="File change detected" path=/Users/matthew/s-proj/main/.git/beads-worktrees/beads-sync/.beads/issues.jsonl
time=2026-02-22T22:38:28.021-05:00 level=INFO msg="Pulled sync branch" branch=beads-sync fast_forward=false merged=false
time=2026-02-22T22:38:28.021-05:00 level=INFO msg="🔍 Checking JSONL content hash AFTER pull (fix: auto-pull-not-pulling)"
time=2026-02-22T22:38:28.022-05:00 level=INFO msg="JSONL content changed, proceeding with operation..." mode=auto-import
time=2026-02-22T22:38:28.100-05:00 level=INFO msg="Import failed" error="parent issue ac-4olo does not exist"
time=2026-02-22T22:38:29.014-05:00 level=INFO msg="Import triggered by file change"
time=2026-02-22T22:38:29.051-05:00 level=INFO msg="Starting auto-import" mode=auto-import
time=2026-02-22T22:38:29.504-05:00 level=INFO msg="File change detected" path=/Users/matthew/s-proj/main/.git/beads-worktrees/beads-sync/.beads/issues.jsonl
time=2026-02-22T22:38:29.517-05:00 level=INFO msg="Pulled sync branch" branch=beads-sync fast_forward=false merged=false
time=2026-02-22T22:38:29.517-05:00 level=INFO msg="🔍 Checking JSONL content hash AFTER pull (fix: auto-pull-not-pulling)"
time=2026-02-22T22:38:29.518-05:00 level=INFO msg="JSONL content changed, proceeding with operation..." mode=auto-import
time=2026-02-22T22:38:29.597-05:00 level=INFO msg="Import failed" error="parent issue ac-4olo does not exist"
time=2026-02-22T22:38:30.506-05:00 level=INFO msg="Import triggered by file change"
time=2026-02-22T22:38:30.547-05:00 level=INFO msg="Starting auto-import" mode=auto-import
time=2026-02-22T22:38:30.970-05:00 level=INFO msg="File change detected" path=/Users/matthew/s-proj/main/.git/beads-worktrees/beads-sync/.beads/issues.jsonl
time=2026-02-22T22:38:30.986-05:00 level=INFO msg="Pulled sync branch" branch=beads-sync fast_forward=false merged=false
time=2026-02-22T22:38:30.986-05:00 level=INFO msg="🔍 Checking JSONL content hash AFTER pull (fix: auto-pull-not-pulling)"
time=2026-02-22T22:38:30.987-05:00 level=INFO msg="JSONL content changed, proceeding with operation..." mode=auto-import
time=2026-02-22T22:38:31.063-05:00 level=INFO msg="Import failed" error="parent issue ac-4olo does not exist"
time=2026-02-22T22:38:31.973-05:00 level=INFO msg="Import triggered by file change"
time=2026-02-22T22:38:32.019-05:00 level=INFO msg="Starting auto-import" mode=auto-import
time=2026-02-22T22:38:32.522-05:00 level=INFO msg="File change detected" path=/Users/matthew/s-proj/main/.git/beads-worktrees/beads-sync/.beads/issues.jsonl
time=2026-02-22T22:38:32.537-05:00 level=INFO msg="Pulled sync branch" branch=beads-sync fast_forward=false merged=false
time=2026-02-22T22:38:32.537-05:00 level=INFO msg="🔍 Checking JSONL content hash AFTER pull (fix: auto-pull-not-pulling)"
time=2026-02-22T22:38:32.538-05:00 level=INFO msg="JSONL content changed, proceeding with operation..." mode=auto-import
time=2026-02-22T22:38:32.613-05:00 level=INFO msg="Import failed" error="parent issue ac-4olo does not exist"
time=2026-02-22T22:38:33.526-05:00 level=INFO msg="Import triggered by file change"
time=2026-02-22T22:38:33.570-05:00 level=INFO msg="Starting auto-import" mode=auto-import
time=2026-02-22T22:38:34.043-05:00 level=INFO msg="File change detected" path=/Users/matthew/s-proj/main/.git/beads-worktrees/beads-sync/.beads/issues.jsonl
time=2026-02-22T22:38:34.057-05:00 level=INFO msg="Pulled sync branch" branch=beads-sync fast_forward=false merged=false
time=2026-02-22T22:38:34.057-05:00 level=INFO msg="🔍 Checking JSONL content hash AFTER pull (fix: auto-pull-not-pulling)"
time=2026-02-22T22:38:34.058-05:00 level=INFO msg="JSONL content changed, proceeding with operation..." mode=auto-import
time=2026-02-22T22:38:34.134-05:00 level=INFO msg="Import failed" error="parent issue ac-4olo does not exist"
time=2026-02-22T22:38:35.046-05:00 level=INFO msg="Import triggered by file change"
time=2026-02-22T22:38:35.083-05:00 level=INFO msg="Starting auto-import" mode=auto-import
time=2026-02-22T22:38:35.562-05:00 level=INFO msg="File change detected" path=/Users/matthew/s-proj/main/.git/beads-worktrees/beads-sync/.beads/issues.jsonl
time=2026-02-22T22:38:35.574-05:00 level=INFO msg="Pulled sync branch" branch=beads-sync fast_forward=false merged=false
time=2026-02-22T22:38:35.574-05:00 level=INFO msg="🔍 Checking JSONL content hash AFTER pull (fix: auto-pull-not-pulling)"
time=2026-02-22T22:38:35.575-05:00 level=INFO msg="JSONL content changed, proceeding with operation..." mode=auto-import
time=2026-02-22T22:38:35.651-05:00 level=INFO msg="Import failed" error="parent issue ac-4olo does not exist"
time=2026-02-22T22:38:36.564-05:00 level=INFO msg="Import triggered by file change"
time=2026-02-22T22:38:36.601-05:00 level=INFO msg="Starting auto-import" mode=auto-import
time=2026-02-22T22:38:37.015-05:00 level=INFO msg="File change detected" path=/Users/matthew/s-proj/main/.git/beads-worktrees/beads-sync/.beads/issues.jsonl
time=2026-02-22T22:38:37.027-05:00 level=INFO msg="Pulled sync branch" branch=beads-sync fast_forward=false merged=false
time=2026-02-22T22:38:37.027-05:00 level=INFO msg="🔍 Checking JSONL content hash AFTER pull (fix: auto-pull-not-pulling)"
time=2026-02-22T22:38:37.028-05:00 level=INFO msg="JSONL content changed, proceeding with operation..." mode=auto-import
time=2026-02-22T22:38:37.105-05:00 level=INFO msg="Import failed" error="parent issue ac-4olo does not exist"
time=2026-02-22T22:38:38.017-05:00 level=INFO msg="Import triggered by file change"
time=2026-02-22T22:38:38.050-05:00 level=INFO msg="Starting auto-import" mode=auto-import
time=2026-02-22T22:38:38.552-05:00 level=INFO msg="File change detected" path=/Users/matthew/s-proj/main/.git/beads-worktrees/beads-sync/.beads/issues.jsonl
time=2026-02-22T22:38:38.564-05:00 level=INFO msg="Pulled sync branch" branch=beads-sync fast_forward=false merged=false
time=2026-02-22T22:38:38.564-05:00 level=INFO msg="🔍 Checking JSONL content hash AFTER pull (fix: auto-pull-not-pulling)"
time=2026-02-22T22:38:38.566-05:00 level=INFO msg="JSONL content changed, proceeding with operation..." mode=auto-import
time=2026-02-22T22:38:38.643-05:00 level=INFO msg="Import failed" error="parent issue ac-4olo does not exist"
time=2026-02-22T22:38:39.554-05:00 level=INFO msg="Import triggered by file change"
time=2026-02-22T22:38:39.591-05:00 level=INFO msg="Starting auto-import" mode=auto-import
time=2026-02-22T22:38:40.029-05:00 level=INFO msg="File change detected" path=/Users/matthew/s-proj/main/.git/beads-worktrees/beads-sync/.beads/issues.jsonl
time=2026-02-22T22:38:40.044-05:00 level=INFO msg="Pulled sync branch" branch=beads-sync fast_forward=false merged=false
time=2026-02-22T22:38:40.044-05:00 level=INFO msg="🔍 Checking JSONL content hash AFTER pull (fix: auto-pull-not-pulling)"
time=2026-02-22T22:38:40.046-05:00 level=INFO msg="JSONL content changed, proceeding with operation..." mode=auto-import
time=2026-02-22T22:38:40.123-05:00 level=INFO msg="Import failed" error="parent issue ac-4olo does not exist"
time=2026-02-22T22:38:41.031-05:00 level=INFO msg="Import triggered by file change"
time=2026-02-22T22:38:41.071-05:00 level=INFO msg="Starting auto-import" mode=auto-import
time=2026-02-22T22:38:41.502-05:00 level=INFO msg="File change detected" path=/Users/matthew/s-proj/main/.git/beads-worktrees/beads-sync/.beads/issues.jsonl
time=2026-02-22T22:38:41.516-05:00 level=INFO msg="Pulled sync branch" branch=beads-sync fast_forward=false merged=false
time=2026-02-22T22:38:41.516-05:00 level=INFO msg="🔍 Checking JSONL content hash AFTER pull (fix: auto-pull-not-pulling)"
time=2026-02-22T22:38:41.517-05:00 level=INFO msg="JSONL content changed, proceeding with operation..." mode=auto-import
time=2026-02-22T22:38:41.596-05:00 level=INFO msg="Import failed" error="parent issue ac-4olo does not exist"
time=2026-02-22T22:38:42.504-05:00 level=INFO msg="Import triggered by file change"
time=2026-02-22T22:38:42.550-05:00 level=INFO msg="Starting auto-import" mode=auto-import
time=2026-02-22T22:38:42.981-05:00 level=INFO msg="File change detected" path=/Users/matthew/s-proj/main/.git/beads-worktrees/beads-sync/.beads/issues.jsonl
time=2026-02-22T22:38:42.994-05:00 level=INFO msg="Pulled sync branch" branch=beads-sync fast_forward=false merged=false
time=2026-02-22T22:38:42.994-05:00 level=INFO msg="🔍 Checking JSONL content hash AFTER pull (fix: auto-pull-not-pulling)"
time=2026-02-22T22:38:42.995-05:00 level=INFO msg="JSONL content changed, proceeding with operation..." mode=auto-import
time=2026-02-22T22:38:43.071-05:00 level=INFO msg="Import failed" error="parent issue ac-4olo does not exist"
time=2026-02-22T22:38:43.985-05:00 level=INFO msg="Import triggered by file change"
time=2026-02-22T22:38:44.023-05:00 level=INFO msg="Starting auto-import" mode=auto-import
time=2026-02-22T22:38:44.514-05:00 level=INFO msg="File change detected" path=/Users/matthew/s-proj/main/.git/beads-worktrees/beads-sync/.beads/issues.jsonl
time=2026-02-22T22:38:44.529-05:00 level=INFO msg="Pulled sync branch" branch=beads-sync fast_forward=false merged=false
time=2026-02-22T22:38:44.529-05:00 level=INFO msg="🔍 Checking JSONL content hash AFTER pull (fix: auto-pull-not-pulling)"
time=2026-02-22T22:38:44.530-05:00 level=INFO msg="JSONL content changed, proceeding with operation..." mode=auto-import
time=2026-02-22T22:38:44.609-05:00 level=INFO msg="Import failed" error="parent issue ac-4olo does not exist"
time=2026-02-22T22:38:45.518-05:00 level=INFO msg="Import triggered by file change"
time=2026-02-22T22:38:45.556-05:00 level=INFO msg="Starting auto-import" mode=auto-import
time=2026-02-22T22:38:45.987-05:00 level=INFO msg="File change detected" path=/Users/matthew/s-proj/main/.git/beads-worktrees/beads-sync/.beads/issues.jsonl
time=2026-02-22T22:38:46.001-05:00 level=INFO msg="Pulled sync branch" branch=beads-sync fast_forward=false merged=false
time=2026-02-22T22:38:46.001-05:00 level=INFO msg="🔍 Checking JSONL content hash AFTER pull (fix: auto-pull-not-pulling)"
time=2026-02-22T22:38:46.002-05:00 level=INFO msg="JSONL content changed, proceeding with operation..." mode=auto-import
time=2026-02-22T22:38:46.079-05:00 level=INFO msg="Import failed" error="parent issue ac-4olo does not exist"
time=2026-02-22T22:38:46.993-05:00 level=INFO msg="Import triggered by file change"
time=2026-02-22T22:38:47.024-05:00 level=INFO msg="Starting auto-import" mode=auto-import
time=2026-02-22T22:38:47.591-05:00 level=INFO msg="File change detected" path=/Users/matthew/s-proj/main/.git/beads-worktrees/beads-sync/.beads/issues.jsonl
time=2026-02-22T22:38:47.606-05:00 level=INFO msg="Pulled sync branch" branch=beads-sync fast_forward=false merged=false
time=2026-02-22T22:38:47.606-05:00 level=INFO msg="🔍 Checking JSONL content hash AFTER pull (fix: auto-pull-not-pulling)"
time=2026-02-22T22:38:47.607-05:00 level=INFO msg="JSONL content changed, proceeding with operation..." mode=auto-import
time=2026-02-22T22:38:47.684-05:00 level=INFO msg="Import failed" error="parent issue ac-4olo does not exist"
time=2026-02-22T22:38:48.592-05:00 level=INFO msg="Import triggered by file change"
time=2026-02-22T22:38:48.647-05:00 level=INFO msg="Starting auto-import" mode=auto-import
time=2026-02-22T22:38:49.206-05:00 level=INFO msg="File change detected" path=/Users/matthew/s-proj/main/.git/beads-worktrees/beads-sync/.beads/issues.jsonl
time=2026-02-22T22:38:49.220-05:00 level=INFO msg="Pulled sync branch" branch=beads-sync fast_forward=false merged=false
time=2026-02-22T22:38:49.220-05:00 level=INFO msg="🔍 Checking JSONL content hash AFTER pull (fix: auto-pull-not-pulling)"
time=2026-02-22T22:38:49.221-05:00 level=INFO msg="JSONL content changed, proceeding with operation..." mode=auto-import
time=2026-02-22T22:38:49.301-05:00 level=INFO msg="Import failed" error="parent issue ac-4olo does not exist"
time=2026-02-22T22:38:50.208-05:00 level=INFO msg="Import triggered by file change"
time=2026-02-22T22:38:50.247-05:00 level=INFO msg="Starting auto-import" mode=auto-import
time=2026-02-22T22:38:50.768-05:00 level=INFO msg="File change detected" path=/Users/matthew/s-proj/main/.git/beads-worktrees/beads-sync/.beads/issues.jsonl
time=2026-02-22T22:38:50.784-05:00 level=INFO msg="Pulled sync branch" branch=beads-sync fast_forward=false merged=false
time=2026-02-22T22:38:50.784-05:00 level=INFO msg="🔍 Checking JSONL content hash AFTER pull (fix: auto-pull-not-pulling)"
time=2026-02-22T22:38:50.785-05:00 level=INFO msg="JSONL content changed, proceeding with operation..." mode=auto-import
time=2026-02-22T22:38:50.862-05:00 level=INFO msg="Import failed" error="parent issue ac-4olo does not exist"
time=2026-02-22T22:38:51.771-05:00 level=INFO msg="Import triggered by file change"
time=2026-02-22T22:38:51.804-05:00 level=INFO msg="Starting auto-import" mode=auto-import
time=2026-02-22T22:38:52.476-05:00 level=INFO msg="File change detected" path=/Users/matthew/s-proj/main/.git/beads-worktrees/beads-sync/.beads/issues.jsonl
time=2026-02-22T22:38:52.489-05:00 level=INFO msg="Pulled sync branch" branch=beads-sync fast_forward=false merged=false
time=2026-02-22T22:38:52.489-05:00 level=INFO msg="🔍 Checking JSONL content hash AFTER pull (fix: auto-pull-not-pulling)"
time=2026-02-22T22:38:52.490-05:00 level=INFO msg="JSONL content changed, proceeding with operation..." mode=auto-import
time=2026-02-22T22:38:52.568-05:00 level=INFO msg="Import failed" error="parent issue ac-4olo does not exist"
time=2026-02-22T22:38:53.477-05:00 level=INFO msg="Import triggered by file change"
time=2026-02-22T22:38:53.505-05:00 level=INFO msg="Starting auto-import" mode=auto-import
time=2026-02-22T22:38:54.047-05:00 level=INFO msg="File change detected" path=/Users/matthew/s-proj/main/.git/beads-worktrees/beads-sync/.beads/issues.jsonl
time=2026-02-22T22:38:54.066-05:00 level=INFO msg="Pulled sync branch" branch=beads-sync fast_forward=false merged=false
time=2026-02-22T22:38:54.066-05:00 level=INFO msg="🔍 Checking JSONL content hash AFTER pull (fix: auto-pull-not-pulling)"
time=2026-02-22T22:38:54.067-05:00 level=INFO msg="JSONL content changed, proceeding with operation..." mode=auto-import
time=2026-02-22T22:38:54.145-05:00 level=INFO msg="Import failed" error="parent issue ac-4olo does not exist"
time=2026-02-22T22:38:55.047-05:00 level=INFO msg="Import triggered by file change"
time=2026-02-22T22:38:55.096-05:00 level=INFO msg="Starting auto-import" mode=auto-import
time=2026-02-22T22:38:55.644-05:00 level=INFO msg="File change detected" path=/Users/matthew/s-proj/main/.git/beads-worktrees/beads-sync/.beads/issues.jsonl
time=2026-02-22T22:38:55.665-05:00 level=INFO msg="Pulled sync branch" branch=beads-sync fast_forward=false merged=false
time=2026-02-22T22:38:55.665-05:00 level=INFO msg="🔍 Checking JSONL content hash AFTER pull (fix: auto-pull-not-pulling)"
time=2026-02-22T22:38:55.666-05:00 level=INFO msg="JSONL content changed, proceeding with operation..." mode=auto-import
time=2026-02-22T22:38:55.744-05:00 level=INFO msg="Import failed" error="parent issue ac-4olo does not exist"
time=2026-02-22T22:38:56.646-05:00 level=INFO msg="Import triggered by file change"
time=2026-02-22T22:38:56.692-05:00 level=INFO msg="Starting auto-import" mode=auto-import
time=2026-02-22T22:38:57.218-05:00 level=INFO msg="File change detected" path=/Users/matthew/s-proj/main/.git/beads-worktrees/beads-sync/.beads/issues.jsonl
time=2026-02-22T22:38:57.231-05:00 level=INFO msg="Pulled sync branch" branch=beads-sync fast_forward=false merged=false
time=2026-02-22T22:38:57.231-05:00 level=INFO msg="🔍 Checking JSONL content hash AFTER pull (fix: auto-pull-not-pulling)"
time=2026-02-22T22:38:57.233-05:00 level=INFO msg="JSONL content changed, proceeding with operation..." mode=auto-import
time=2026-02-22T22:38:57.309-05:00 level=INFO msg="Import failed" error="parent issue ac-4olo does not exist"
time=2026-02-22T22:38:58.224-05:00 level=INFO msg="Import triggered by file change"
time=2026-02-22T22:38:58.269-05:00 level=INFO msg="Starting auto-import" mode=auto-import
time=2026-02-22T22:38:58.798-05:00 level=INFO msg="File change detected" path=/Users/matthew/s-proj/main/.git/beads-worktrees/beads-sync/.beads/issues.jsonl
time=2026-02-22T22:38:58.813-05:00 level=INFO msg="Pulled sync branch" branch=beads-sync fast_forward=false merged=false
time=2026-02-22T22:38:58.813-05:00 level=INFO msg="🔍 Checking JSONL content hash AFTER pull (fix: auto-pull-not-pulling)"
time=2026-02-22T22:38:58.814-05:00 level=INFO msg="JSONL content changed, proceeding with operation..." mode=auto-import
time=2026-02-22T22:38:58.893-05:00 level=INFO msg="Import failed" error="parent issue ac-4olo does not exist"
time=2026-02-22T22:38:59.800-05:00 level=INFO msg="Import triggered by file change"
time=2026-02-22T22:38:59.849-05:00 level=INFO msg="Starting auto-import" mode=auto-import
time=2026-02-22T22:39:00.286-05:00 level=INFO msg="File change detected" path=/Users/matthew/s-proj/main/.git/beads-worktrees/beads-sync/.beads/issues.jsonl
time=2026-02-22T22:39:00.300-05:00 level=INFO msg="Pulled sync branch" branch=beads-sync fast_forward=false merged=false
time=2026-02-22T22:39:00.300-05:00 level=INFO msg="🔍 Checking JSONL content hash AFTER pull (fix: auto-pull-not-pulling)"
time=2026-02-22T22:39:00.301-05:00 level=INFO msg="JSONL content changed, proceeding with operation..." mode=auto-import
time=2026-02-22T22:39:00.376-05:00 level=INFO msg="Import failed" error="parent issue ac-4olo does not exist"
time=2026-02-22T22:39:01.288-05:00 level=INFO msg="Import triggered by file change"
time=2026-02-22T22:39:01.328-05:00 level=INFO msg="Starting auto-import" mode=auto-import
time=2026-02-22T22:39:01.958-05:00 level=INFO msg="File change detected" path=/Users/matthew/s-proj/main/.git/beads-worktrees/beads-sync/.beads/issues.jsonl
time=2026-02-22T22:39:01.977-05:00 level=INFO msg="Pulled sync branch" branch=beads-sync fast_forward=false merged=false
time=2026-02-22T22:39:01.977-05:00 level=INFO msg="🔍 Checking JSONL content hash AFTER pull (fix: auto-pull-not-pulling)"
time=2026-02-22T22:39:01.979-05:00 level=INFO msg="JSONL content changed, proceeding with operation..." mode=auto-import
time=2026-02-22T22:39:02.057-05:00 level=INFO msg="Import failed" error="parent issue ac-4olo does not exist"
time=2026-02-22T22:39:02.960-05:00 level=INFO msg="Import triggered by file change"
time=2026-02-22T22:39:03.010-05:00 level=INFO msg="Starting auto-import" mode=auto-import
time=2026-02-22T22:39:03.452-05:00 level=INFO msg="File change detected" path=/Users/matthew/s-proj/main/.git/beads-worktrees/beads-sync/.beads/issues.jsonl
time=2026-02-22T22:39:03.465-05:00 level=INFO msg="Pulled sync branch" branch=beads-sync fast_forward=false merged=false
time=2026-02-22T22:39:03.465-05:00 level=INFO msg="🔍 Checking JSONL content hash AFTER pull (fix: auto-pull-not-pulling)"
time=2026-02-22T22:39:03.467-05:00 level=INFO msg="JSONL content changed, proceeding with operation..." mode=auto-import
time=2026-02-22T22:39:03.543-05:00 level=INFO msg="Import failed" error="parent issue ac-4olo does not exist"
time=2026-02-22T22:39:04.454-05:00 level=INFO msg="Import triggered by file change"
time=2026-02-22T22:39:04.484-05:00 level=INFO msg="Starting auto-import" mode=auto-import
time=2026-02-22T22:39:04.922-05:00 level=INFO msg="File change detected" path=/Users/matthew/s-proj/main/.git/beads-worktrees/beads-sync/.beads/issues.jsonl
time=2026-02-22T22:39:04.935-05:00 level=INFO msg="Pulled sync branch" branch=beads-sync fast_forward=false merged=false
time=2026-02-22T22:39:04.935-05:00 level=INFO msg="🔍 Checking JSONL content hash AFTER pull (fix: auto-pull-not-pulling)"
time=2026-02-22T22:39:04.936-05:00 level=INFO msg="JSONL content changed, proceeding with operation..." mode=auto-import
time=2026-02-22T22:39:05.015-05:00 level=INFO msg="Import failed" error="parent issue ac-4olo does not exist"
time=2026-02-22T22:39:05.923-05:00 level=INFO msg="Import triggered by file change"
time=2026-02-22T22:39:05.971-05:00 level=INFO msg="Starting auto-import" mode=auto-import
time=2026-02-22T22:39:06.423-05:00 level=INFO msg="File change detected" path=/Users/matthew/s-proj/main/.git/beads-worktrees/beads-sync/.beads/issues.jsonl
time=2026-02-22T22:39:06.438-05:00 level=INFO msg="Pulled sync branch" branch=beads-sync fast_forward=false merged=false
time=2026-02-22T22:39:06.438-05:00 level=INFO msg="🔍 Checking JSONL content hash AFTER pull (fix: auto-pull-not-pulling)"
time=2026-02-22T22:39:06.439-05:00 level=INFO msg="JSONL content changed, proceeding with operation..." mode=auto-import
time=2026-02-22T22:39:06.516-05:00 level=INFO msg="Import failed" error="parent issue ac-4olo does not exist"
time=2026-02-22T22:39:07.424-05:00 level=INFO msg="Import triggered by file change"
time=2026-02-22T22:39:07.463-05:00 level=INFO msg="Starting auto-import" mode=auto-import
time=2026-02-22T22:39:08.140-05:00 level=INFO msg="File change detected" path=/Users/matthew/s-proj/main/.git/beads-worktrees/beads-sync/.beads/issues.jsonl
time=2026-02-22T22:39:08.155-05:00 level=INFO msg="Pulled sync branch" branch=beads-sync fast_forward=false merged=false
time=2026-02-22T22:39:08.155-05:00 level=INFO msg="🔍 Checking JSONL content hash AFTER pull (fix: auto-pull-not-pulling)"
time=2026-02-22T22:39:08.158-05:00 level=INFO msg="JSONL content changed, proceeding with operation..." mode=auto-import
time=2026-02-22T22:39:08.245-05:00 level=INFO msg="Import failed" error="parent issue ac-4olo does not exist"
time=2026-02-22T22:39:09.143-05:00 level=INFO msg="Import triggered by file change"
time=2026-02-22T22:39:09.171-05:00 level=INFO msg="Starting auto-import" mode=auto-import
time=2026-02-22T22:39:09.635-05:00 level=INFO msg="File change detected" path=/Users/matthew/s-proj/main/.git/beads-worktrees/beads-sync/.beads/issues.jsonl
time=2026-02-22T22:39:09.652-05:00 level=INFO msg="Pulled sync branch" branch=beads-sync fast_forward=false merged=false
time=2026-02-22T22:39:09.652-05:00 level=INFO msg="🔍 Checking JSONL content hash AFTER pull (fix: auto-pull-not-pulling)"
time=2026-02-22T22:39:09.654-05:00 level=INFO msg="JSONL content changed, proceeding with operation..." mode=auto-import
time=2026-02-22T22:39:09.730-05:00 level=INFO msg="Import failed" error="parent issue ac-4olo does not exist"
time=2026-02-22T22:39:10.637-05:00 level=INFO msg="Import triggered by file change"
time=2026-02-22T22:39:10.674-05:00 level=INFO msg="Starting auto-import" mode=auto-import
time=2026-02-22T22:39:11.160-05:00 level=INFO msg="File change detected" path=/Users/matthew/s-proj/main/.git/beads-worktrees/beads-sync/.beads/issues.jsonl
time=2026-02-22T22:39:11.170-05:00 level=INFO msg="Pulled sync branch" branch=beads-sync fast_forward=false merged=false
time=2026-02-22T22:39:11.170-05:00 level=INFO msg="🔍 Checking JSONL content hash AFTER pull (fix: auto-pull-not-pulling)"
time=2026-02-22T22:39:11.171-05:00 level=INFO msg="JSONL content changed, proceeding with operation..." mode=auto-import
time=2026-02-22T22:39:11.248-05:00 level=INFO msg="Import failed" error="parent issue ac-4olo does not exist"
time=2026-02-22T22:39:12.162-05:00 level=INFO msg="Import triggered by file change"
time=2026-02-22T22:39:12.198-05:00 level=INFO msg="Starting auto-import" mode=auto-import
time=2026-02-22T22:39:12.643-05:00 level=INFO msg="File change detected" path=/Users/matthew/s-proj/main/.git/beads-worktrees/beads-sync/.beads/issues.jsonl
time=2026-02-22T22:39:12.660-05:00 level=INFO msg="Pulled sync branch" branch=beads-sync fast_forward=false merged=false
time=2026-02-22T22:39:12.660-05:00 level=INFO msg="🔍 Checking JSONL content hash AFTER pull (fix: auto-pull-not-pulling)"
time=2026-02-22T22:39:12.661-05:00 level=INFO msg="JSONL content changed, proceeding with operation..." mode=auto-import
time=2026-02-22T22:39:12.738-05:00 level=INFO msg="Import failed" error="parent issue ac-4olo does not exist"
time=2026-02-22T22:39:13.645-05:00 level=INFO msg="Import triggered by file change"
time=2026-02-22T22:39:13.672-05:00 level=INFO msg="Starting auto-import" mode=auto-import
time=2026-02-22T22:39:14.276-05:00 level=INFO msg="File change detected" path=/Users/matthew/s-proj/main/.git/beads-worktrees/beads-sync/.beads/issues.jsonl
time=2026-02-22T22:39:14.289-05:00 level=INFO msg="Pulled sync branch" branch=beads-sync fast_forward=false merged=false
time=2026-02-22T22:39:14.289-05:00 level=INFO msg="🔍 Checking JSONL content hash AFTER pull (fix: auto-pull-not-pulling)"
time=2026-02-22T22:39:14.290-05:00 level=INFO msg="JSONL content changed, proceeding with operation..." mode=auto-import
time=2026-02-22T22:39:14.367-05:00 level=INFO msg="Import failed" error="parent issue ac-4olo does not exist"
time=2026-02-22T22:39:15.278-05:00 level=INFO msg="Import triggered by file change"
time=2026-02-22T22:39:15.312-05:00 level=INFO msg="Starting auto-import" mode=auto-import
time=2026-02-22T22:39:15.746-05:00 level=INFO msg="File change detected" path=/Users/matthew/s-proj/main/.git/beads-worktrees/beads-sync/.beads/issues.jsonl
time=2026-02-22T22:39:15.761-05:00 level=INFO msg="Pulled sync branch" branch=beads-sync fast_forward=false merged=false
time=2026-02-22T22:39:15.761-05:00 level=INFO msg="🔍 Checking JSONL content hash AFTER pull (fix: auto-pull-not-pulling)"
time=2026-02-22T22:39:15.762-05:00 level=INFO msg="JSONL content changed, proceeding with operation..." mode=auto-import
time=2026-02-22T22:39:15.841-05:00 level=INFO msg="Import failed" error="parent issue ac-4olo does not exist"
time=2026-02-22T22:39:16.749-05:00 level=INFO msg="Import triggered by file change"
time=2026-02-22T22:39:16.788-05:00 level=INFO msg="Starting auto-import" mode=auto-import
time=2026-02-22T22:39:17.228-05:00 level=INFO msg="File change detected" path=/Users/matthew/s-proj/main/.git/beads-worktrees/beads-sync/.beads/issues.jsonl
time=2026-02-22T22:39:17.243-05:00 level=INFO msg="Pulled sync branch" branch=beads-sync fast_forward=false merged=false
time=2026-02-22T22:39:17.243-05:00 level=INFO msg="🔍 Checking JSONL content hash AFTER pull (fix: auto-pull-not-pulling)"
time=2026-02-22T22:39:17.245-05:00 level=INFO msg="JSONL content changed, proceeding with operation..." mode=auto-import
time=2026-02-22T22:39:17.321-05:00 level=INFO msg="Import failed" error="parent issue ac-4olo does not exist"
time=2026-02-22T22:39:18.230-05:00 level=INFO msg="Import triggered by file change"
time=2026-02-22T22:39:18.265-05:00 level=INFO msg="Starting auto-import" mode=auto-import
time=2026-02-22T22:39:18.718-05:00 level=INFO msg="File change detected" path=/Users/matthew/s-proj/main/.git/beads-worktrees/beads-sync/.beads/issues.jsonl
time=2026-02-22T22:39:18.732-05:00 level=INFO msg="Pulled sync branch" branch=beads-sync fast_forward=false merged=false
time=2026-02-22T22:39:18.732-05:00 level=INFO msg="🔍 Checking JSONL content hash AFTER pull (fix: auto-pull-not-pulling)"
time=2026-02-22T22:39:18.733-05:00 level=INFO msg="JSONL content changed, proceeding with operation..." mode=auto-import
time=2026-02-22T22:39:18.810-05:00 level=INFO msg="Import failed" error="parent issue ac-4olo does not exist"
time=2026-02-22T22:39:19.721-05:00 level=INFO msg="Import triggered by file change"
time=2026-02-22T22:39:19.767-05:00 level=INFO msg="Starting auto-import" mode=auto-import
time=2026-02-22T22:39:20.400-05:00 level=INFO msg="File change detected" path=/Users/matthew/s-proj/main/.git/beads-worktrees/beads-sync/.beads/issues.jsonl
time=2026-02-22T22:39:20.412-05:00 level=INFO msg="Pulled sync branch" branch=beads-sync fast_forward=false merged=false
time=2026-02-22T22:39:20.412-05:00 level=INFO msg="🔍 Checking JSONL content hash AFTER pull (fix: auto-pull-not-pulling)"
time=2026-02-22T22:39:20.414-05:00 level=INFO msg="JSONL content changed, proceeding with operation..." mode=auto-import
time=2026-02-22T22:39:20.492-05:00 level=INFO msg="Import failed" error="parent issue ac-4olo does not exist"
time=2026-02-22T22:39:21.403-05:00 level=INFO msg="Import triggered by file change"
time=2026-02-22T22:39:21.436-05:00 level=INFO msg="Starting auto-import" mode=auto-import
time=2026-02-22T22:39:21.839-05:00 level=INFO msg="File change detected" path=/Users/matthew/s-proj/main/.git/beads-worktrees/beads-sync/.beads/issues.jsonl
time=2026-02-22T22:39:21.851-05:00 level=INFO msg="Pulled sync branch" branch=beads-sync fast_forward=false merged=false
time=2026-02-22T22:39:21.851-05:00 level=INFO msg="🔍 Checking JSONL content hash AFTER pull (fix: auto-pull-not-pulling)"
time=2026-02-22T22:39:21.852-05:00 level=INFO msg="JSONL content changed, proceeding with operation..." mode=auto-import
time=2026-02-22T22:39:21.930-05:00 level=INFO msg="Import failed" error="parent issue ac-4olo does not exist"
time=2026-02-22T22:39:22.842-05:00 level=INFO msg="Import triggered by file change"
time=2026-02-22T22:39:22.873-05:00 level=INFO msg="Starting auto-import" mode=auto-import
time=2026-02-22T22:39:23.328-05:00 level=INFO msg="File change detected" path=/Users/matthew/s-proj/main/.git/beads-worktrees/beads-sync/.beads/issues.jsonl
time=2026-02-22T22:39:23.339-05:00 level=INFO msg="Pulled sync branch" branch=beads-sync fast_forward=false merged=false
time=2026-02-22T22:39:23.339-05:00 level=INFO msg="🔍 Checking JSONL content hash AFTER pull (fix: auto-pull-not-pulling)"
time=2026-02-22T22:39:23.340-05:00 level=INFO msg="JSONL content changed, proceeding with operation..." mode=auto-import
time=2026-02-22T22:39:23.415-05:00 level=INFO msg="Import failed" error="parent issue ac-4olo does not exist"
time=2026-02-22T22:39:24.330-05:00 level=INFO msg="Import triggered by file change"
time=2026-02-22T22:39:24.370-05:00 level=INFO msg="Starting auto-import" mode=auto-import
time=2026-02-22T22:39:24.804-05:00 level=INFO msg="File change detected" path=/Users/matthew/s-proj/main/.git/beads-worktrees/beads-sync/.beads/issues.jsonl
time=2026-02-22T22:39:24.817-05:00 level=INFO msg="Pulled sync branch" branch=beads-sync fast_forward=false merged=false
time=2026-02-22T22:39:24.817-05:00 level=INFO msg="🔍 Checking JSONL content hash AFTER pull (fix: auto-pull-not-pulling)"
time=2026-02-22T22:39:24.817-05:00 level=INFO msg="JSONL content changed, proceeding with operation..." mode=auto-import
time=2026-02-22T22:39:24.895-05:00 level=INFO msg="Import failed" error="parent issue ac-4olo does not exist"
time=2026-02-22T22:39:25.807-05:00 level=INFO msg="Import triggered by file change"
time=2026-02-22T22:39:25.850-05:00 level=INFO msg="Starting auto-import" mode=auto-import
time=2026-02-22T22:39:26.476-05:00 level=INFO msg="File change detected" path=/Users/matthew/s-proj/main/.git/beads-worktrees/beads-sync/.beads/issues.jsonl
time=2026-02-22T22:39:26.488-05:00 level=INFO msg="Pulled sync branch" branch=beads-sync fast_forward=false merged=false
time=2026-02-22T22:39:26.488-05:00 level=INFO msg="🔍 Checking JSONL content hash AFTER pull (fix: auto-pull-not-pulling)"
time=2026-02-22T22:39:26.489-05:00 level=INFO msg="JSONL content changed, proceeding with operation..." mode=auto-import
time=2026-02-22T22:39:26.566-05:00 level=INFO msg="Import failed" error="parent issue ac-4olo does not exist"
time=2026-02-22T22:39:27.478-05:00 level=INFO msg="Import triggered by file change"
time=2026-02-22T22:39:27.523-05:00 level=INFO msg="Starting auto-import" mode=auto-import
time=2026-02-22T22:39:27.939-05:00 level=INFO msg="File change detected" path=/Users/matthew/s-proj/main/.git/beads-worktrees/beads-sync/.beads/issues.jsonl
time=2026-02-22T22:39:27.951-05:00 level=INFO msg="Pulled sync branch" branch=beads-sync fast_forward=false merged=false
time=2026-02-22T22:39:27.951-05:00 level=INFO msg="🔍 Checking JSONL content hash AFTER pull (fix: auto-pull-not-pulling)"
time=2026-02-22T22:39:27.952-05:00 level=INFO msg="JSONL content changed, proceeding with operation..." mode=auto-import
time=2026-02-22T22:39:28.030-05:00 level=INFO msg="Import failed" error="parent issue ac-4olo does not exist"
time=2026-02-22T22:39:28.941-05:00 level=INFO msg="Import triggered by file change"
time=2026-02-22T22:39:28.966-05:00 level=INFO msg="Starting auto-import" mode=auto-import
time=2026-02-22T22:39:29.408-05:00 level=INFO msg="File change detected" path=/Users/matthew/s-proj/main/.git/beads-worktrees/beads-sync/.beads/issues.jsonl
time=2026-02-22T22:39:29.420-05:00 level=INFO msg="Pulled sync branch" branch=beads-sync fast_forward=false merged=false
time=2026-02-22T22:39:29.420-05:00 level=INFO msg="🔍 Checking JSONL content hash AFTER pull (fix: auto-pull-not-pulling)"
time=2026-02-22T22:39:29.422-05:00 level=INFO msg="JSONL content changed, proceeding with operation..." mode=auto-import
time=2026-02-22T22:39:29.499-05:00 level=INFO msg="Import failed" error="parent issue ac-4olo does not exist"
time=2026-02-22T22:39:30.410-05:00 level=INFO msg="Import triggered by file change"
time=2026-02-22T22:39:30.451-05:00 level=INFO msg="Starting auto-import" mode=auto-import
time=2026-02-22T22:39:30.922-05:00 level=INFO msg="File change detected" path=/Users/matthew/s-proj/main/.git/beads-worktrees/beads-sync/.beads/issues.jsonl
time=2026-02-22T22:39:30.935-05:00 level=INFO msg="Pulled sync branch" branch=beads-sync fast_forward=false merged=false
time=2026-02-22T22:39:30.935-05:00 level=INFO msg="🔍 Checking JSONL content hash AFTER pull (fix: auto-pull-not-pulling)"
time=2026-02-22T22:39:30.936-05:00 level=INFO msg="JSONL content changed, proceeding with operation..." mode=auto-import
time=2026-02-22T22:39:31.014-05:00 level=INFO msg="Import failed" error="parent issue ac-4olo does not exist"
time=2026-02-22T22:39:31.924-05:00 level=INFO msg="Import triggered by file change"
time=2026-02-22T22:39:31.958-05:00 level=INFO msg="Starting auto-import" mode=auto-import
time=2026-02-22T22:39:32.572-05:00 level=INFO msg="File change detected" path=/Users/matthew/s-proj/main/.git/beads-worktrees/beads-sync/.beads/issues.jsonl
time=2026-02-22T22:39:32.587-05:00 level=INFO msg="Pulled sync branch" branch=beads-sync fast_forward=false merged=false
time=2026-02-22T22:39:32.587-05:00 level=INFO msg="🔍 Checking JSONL content hash AFTER pull (fix: auto-pull-not-pulling)"
time=2026-02-22T22:39:32.588-05:00 level=INFO msg="JSONL content changed, proceeding with operation..." mode=auto-import
time=2026-02-22T22:39:32.665-05:00 level=INFO msg="Import failed" error="parent issue ac-4olo does not exist"
time=2026-02-22T22:39:33.576-05:00 level=INFO msg="Import triggered by file change"
time=2026-02-22T22:39:33.617-05:00 level=INFO msg="Starting auto-import" mode=auto-import
time=2026-02-22T22:39:34.061-05:00 level=INFO msg="File change detected" path=/Users/matthew/s-proj/main/.git/beads-worktrees/beads-sync/.beads/issues.jsonl
time=2026-02-22T22:39:34.078-05:00 level=INFO msg="Pulled sync branch" branch=beads-sync fast_forward=false merged=false
time=2026-02-22T22:39:34.079-05:00 level=INFO msg="🔍 Checking JSONL content hash AFTER pull (fix: auto-pull-not-pulling)"
time=2026-02-22T22:39:34.081-05:00 level=INFO msg="JSONL content changed, proceeding with operation..." mode=auto-import
time=2026-02-22T22:39:34.218-05:00 level=INFO msg="Import failed" error="parent issue ac-4olo does not exist"
time=2026-02-22T22:39:35.064-05:00 level=INFO msg="Import triggered by file change"
time=2026-02-22T22:39:35.113-05:00 level=INFO msg="Starting auto-import" mode=auto-import
time=2026-02-22T22:39:35.557-05:00 level=INFO msg="File change detected" path=/Users/matthew/s-proj/main/.git/beads-worktrees/beads-sync/.beads/issues.jsonl
time=2026-02-22T22:39:35.570-05:00 level=INFO msg="Pulled sync branch" branch=beads-sync fast_forward=false merged=false
time=2026-02-22T22:39:35.570-05:00 level=INFO msg="🔍 Checking JSONL content hash AFTER pull (fix: auto-pull-not-pulling)"
time=2026-02-22T22:39:35.570-05:00 level=INFO msg="JSONL content changed, proceeding with operation..." mode=auto-import
time=2026-02-22T22:39:35.646-05:00 level=INFO msg="Import failed" error="parent issue ac-4olo does not exist"
time=2026-02-22T22:39:36.560-05:00 level=INFO msg="Import triggered by file change"
time=2026-02-22T22:39:36.594-05:00 level=INFO msg="Starting auto-import" mode=auto-import
time=2026-02-22T22:39:37.052-05:00 level=INFO msg="File change detected" path=/Users/matthew/s-proj/main/.git/beads-worktrees/beads-sync/.beads/issues.jsonl
time=2026-02-22T22:39:37.065-05:00 level=INFO msg="Pulled sync branch" branch=beads-sync fast_forward=false merged=false
time=2026-02-22T22:39:37.065-05:00 level=INFO msg="🔍 Checking JSONL content hash AFTER pull (fix: auto-pull-not-pulling)"
time=2026-02-22T22:39:37.066-05:00 level=INFO msg="JSONL content changed, proceeding with operation..." mode=auto-import
time=2026-02-22T22:39:37.143-05:00 level=INFO msg="Import failed" error="parent issue ac-4olo does not exist"
time=2026-02-22T22:39:38.054-05:00 level=INFO msg="Import triggered by file change"
time=2026-02-22T22:39:38.086-05:00 level=INFO msg="Starting auto-import" mode=auto-import
time=2026-02-22T22:39:38.660-05:00 level=INFO msg="File change detected" path=/Users/matthew/s-proj/main/.git/beads-worktrees/beads-sync/.beads/issues.jsonl
time=2026-02-22T22:39:38.675-05:00 level=INFO msg="Pulled sync branch" branch=beads-sync fast_forward=false merged=false
time=2026-02-22T22:39:38.675-05:00 level=INFO msg="🔍 Checking JSONL content hash AFTER pull (fix: auto-pull-not-pulling)"
time=2026-02-22T22:39:38.676-05:00 level=INFO msg="JSONL content changed, proceeding with operation..." mode=auto-import
time=2026-02-22T22:39:38.754-05:00 level=INFO msg="Import failed" error="parent issue ac-4olo does not exist"
time=2026-02-22T22:39:39.662-05:00 level=INFO msg="Import triggered by file change"
time=2026-02-22T22:39:39.690-05:00 level=INFO msg="Starting auto-import" mode=auto-import
time=2026-02-22T22:39:40.141-05:00 level=INFO msg="File change detected" path=/Users/matthew/s-proj/main/.git/beads-worktrees/beads-sync/.beads/issues.jsonl
time=2026-02-22T22:39:40.154-05:00 level=INFO msg="Pulled sync branch" branch=beads-sync fast_forward=false merged=false
time=2026-02-22T22:39:40.154-05:00 level=INFO msg="🔍 Checking JSONL content hash AFTER pull (fix: auto-pull-not-pulling)"
time=2026-02-22T22:39:40.155-05:00 level=INFO msg="JSONL content changed, proceeding with operation..." mode=auto-import
time=2026-02-22T22:39:40.232-05:00 level=INFO msg="Import failed" error="parent issue ac-4olo does not exist"
time=2026-02-22T22:39:41.143-05:00 level=INFO msg="Import triggered by file change"
time=2026-02-22T22:39:41.180-05:00 level=INFO msg="Starting auto-import" mode=auto-import
time=2026-02-22T22:39:41.635-05:00 level=INFO msg="File change detected" path=/Users/matthew/s-proj/main/.git/beads-worktrees/beads-sync/.beads/issues.jsonl
time=2026-02-22T22:39:41.648-05:00 level=INFO msg="Pulled sync branch" branch=beads-sync fast_forward=false merged=false
time=2026-02-22T22:39:41.648-05:00 level=INFO msg="🔍 Checking JSONL content hash AFTER pull (fix: auto-pull-not-pulling)"
time=2026-02-22T22:39:41.649-05:00 level=INFO msg="JSONL content changed, proceeding with operation..." mode=auto-import
time=2026-02-22T22:39:41.725-05:00 level=INFO msg="Import failed" error="parent issue ac-4olo does not exist"
time=2026-02-22T22:39:42.638-05:00 level=INFO msg="Import triggered by file change"
time=2026-02-22T22:39:42.683-05:00 level=INFO msg="Starting auto-import" mode=auto-import
time=2026-02-22T22:39:43.128-05:00 level=INFO msg="File change detected" path=/Users/matthew/s-proj/main/.git/beads-worktrees/beads-sync/.beads/issues.jsonl
time=2026-02-22T22:39:43.142-05:00 level=INFO msg="Pulled sync branch" branch=beads-sync fast_forward=false merged=false
time=2026-02-22T22:39:43.142-05:00 level=INFO msg="🔍 Checking JSONL content hash AFTER pull (fix: auto-pull-not-pulling)"
time=2026-02-22T22:39:43.143-05:00 level=INFO msg="JSONL content changed, proceeding with operation..." mode=auto-import
time=2026-02-22T22:39:43.220-05:00 level=INFO msg="Import failed" error="parent issue ac-4olo does not exist"
time=2026-02-22T22:39:44.131-05:00 level=INFO msg="Import triggered by file change"
time=2026-02-22T22:39:44.160-05:00 level=INFO msg="Starting auto-import" mode=auto-import
time=2026-02-22T22:39:44.625-05:00 level=INFO msg="File change detected" path=/Users/matthew/s-proj/main/.git/beads-worktrees/beads-sync/.beads/issues.jsonl
time=2026-02-22T22:39:44.640-05:00 level=INFO msg="Pulled sync branch" branch=beads-sync fast_forward=false merged=false
time=2026-02-22T22:39:44.640-05:00 level=INFO msg="🔍 Checking JSONL content hash AFTER pull (fix: auto-pull-not-pulling)"
time=2026-02-22T22:39:44.641-05:00 level=INFO msg="JSONL content changed, proceeding with operation..." mode=auto-import
time=2026-02-22T22:39:44.719-05:00 level=INFO msg="Import failed" error="parent issue ac-4olo does not exist"
time=2026-02-22T22:39:45.627-05:00 level=INFO msg="Import triggered by file change"
time=2026-02-22T22:39:45.667-05:00 level=INFO msg="Starting auto-import" mode=auto-import
time=2026-02-22T22:39:46.114-05:00 level=INFO msg="File change detected" path=/Users/matthew/s-proj/main/.git/beads-worktrees/beads-sync/.beads/issues.jsonl
time=2026-02-22T22:39:46.128-05:00 level=INFO msg="Pulled sync branch" branch=beads-sync fast_forward=false merged=false
time=2026-02-22T22:39:46.128-05:00 level=INFO msg="🔍 Checking JSONL content hash AFTER pull (fix: auto-pull-not-pulling)"
time=2026-02-22T22:39:46.129-05:00 level=INFO msg="JSONL content changed, proceeding with operation..." mode=auto-import
time=2026-02-22T22:39:46.206-05:00 level=INFO msg="Import failed" error="parent issue ac-4olo does not exist"
time=2026-02-22T22:39:47.117-05:00 level=INFO msg="Import triggered by file change"
time=2026-02-22T22:39:47.164-05:00 level=INFO msg="Starting auto-import" mode=auto-import
time=2026-02-22T22:39:47.672-05:00 level=INFO msg="File change detected" path=/Users/matthew/s-proj/main/.git/beads-worktrees/beads-sync/.beads/issues.jsonl
time=2026-02-22T22:39:47.686-05:00 level=INFO msg="Pulled sync branch" branch=beads-sync fast_forward=false merged=false
time=2026-02-22T22:39:47.686-05:00 level=INFO msg="🔍 Checking JSONL content hash AFTER pull (fix: auto-pull-not-pulling)"
time=2026-02-22T22:39:47.688-05:00 level=INFO msg="JSONL content changed, proceeding with operation..." mode=auto-import
time=2026-02-22T22:39:47.768-05:00 level=INFO msg="Import failed" error="parent issue ac-4olo does not exist"
time=2026-02-22T22:39:48.674-05:00 level=INFO msg="Import triggered by file change"
time=2026-02-22T22:39:48.716-05:00 level=INFO msg="Starting auto-import" mode=auto-import
time=2026-02-22T22:39:49.126-05:00 level=INFO msg="File change detected" path=/Users/matthew/s-proj/main/.git/beads-worktrees/beads-sync/.beads/issues.jsonl
time=2026-02-22T22:39:49.142-05:00 level=INFO msg="Pulled sync branch" branch=beads-sync fast_forward=false merged=false
time=2026-02-22T22:39:49.142-05:00 level=INFO msg="🔍 Checking JSONL content hash AFTER pull (fix: auto-pull-not-pulling)"
time=2026-02-22T22:39:49.144-05:00 level=INFO msg="JSONL content changed, proceeding with operation..." mode=auto-import
time=2026-02-22T22:39:49.220-05:00 level=INFO msg="Import failed" error="parent issue ac-4olo does not exist"
time=2026-02-22T22:39:50.130-05:00 level=INFO msg="Import triggered by file change"
time=2026-02-22T22:39:50.178-05:00 level=INFO msg="Starting auto-import" mode=auto-import
time=2026-02-22T22:39:50.620-05:00 level=INFO msg="File change detected" path=/Users/matthew/s-proj/main/.git/beads-worktrees/beads-sync/.beads/issues.jsonl
time=2026-02-22T22:39:50.633-05:00 level=INFO msg="Pulled sync branch" branch=beads-sync fast_forward=false merged=false
time=2026-02-22T22:39:50.633-05:00 level=INFO msg="🔍 Checking JSONL content hash AFTER pull (fix: auto-pull-not-pulling)"
time=2026-02-22T22:39:50.634-05:00 level=INFO msg="JSONL content changed, proceeding with operation..." mode=auto-import
time=2026-02-22T22:39:50.713-05:00 level=INFO msg="Import failed" error="parent issue ac-4olo does not exist"
time=2026-02-22T22:39:51.622-05:00 level=INFO msg="Import triggered by file change"
time=2026-02-22T22:39:51.664-05:00 level=INFO msg="Starting auto-import" mode=auto-import
time=2026-02-22T22:39:52.111-05:00 level=INFO msg="File change detected" path=/Users/matthew/s-proj/main/.git/beads-worktrees/beads-sync/.beads/issues.jsonl
time=2026-02-22T22:39:52.125-05:00 level=INFO msg="Pulled sync branch" branch=beads-sync fast_forward=false merged=false
time=2026-02-22T22:39:52.125-05:00 level=INFO msg="🔍 Checking JSONL content hash AFTER pull (fix: auto-pull-not-pulling)"
time=2026-02-22T22:39:52.126-05:00 level=INFO msg="JSONL content changed, proceeding with operation..." mode=auto-import
time=2026-02-22T22:39:52.205-05:00 level=INFO msg="Import failed" error="parent issue ac-4olo does not exist"
time=2026-02-22T22:39:53.113-05:00 level=INFO msg="Import triggered by file change"
time=2026-02-22T22:39:53.143-05:00 level=INFO msg="Starting auto-import" mode=auto-import
time=2026-02-22T22:39:53.608-05:00 level=INFO msg="File change detected" path=/Users/matthew/s-proj/main/.git/beads-worktrees/beads-sync/.beads/issues.jsonl
time=2026-02-22T22:39:53.620-05:00 level=INFO msg="Pulled sync branch" branch=beads-sync fast_forward=false merged=false
time=2026-02-22T22:39:53.620-05:00 level=INFO msg="🔍 Checking JSONL content hash AFTER pull (fix: auto-pull-not-pulling)"
time=2026-02-22T22:39:53.621-05:00 level=INFO msg="JSONL content changed, proceeding with operation..." mode=auto-import
time=2026-02-22T22:39:53.699-05:00 level=INFO msg="Import failed" error="parent issue ac-4olo does not exist"
time=2026-02-22T22:39:54.610-05:00 level=INFO msg="Import triggered by file change"
time=2026-02-22T22:39:54.643-05:00 level=INFO msg="Starting auto-import" mode=auto-import
time=2026-02-22T22:39:55.075-05:00 level=INFO msg="File change detected" path=/Users/matthew/s-proj/main/.git/beads-worktrees/beads-sync/.beads/issues.jsonl
time=2026-02-22T22:39:55.087-05:00 level=INFO msg="Pulled sync branch" branch=beads-sync fast_forward=false merged=false
time=2026-02-22T22:39:55.087-05:00 level=INFO msg="🔍 Checking JSONL content hash AFTER pull (fix: auto-pull-not-pulling)"
time=2026-02-22T22:39:55.088-05:00 level=INFO msg="JSONL content changed, proceeding with operation..." mode=auto-import
time=2026-02-22T22:39:55.164-05:00 level=INFO msg="Import failed" error="parent issue ac-4olo does not exist"
time=2026-02-22T22:39:56.076-05:00 level=INFO msg="Import triggered by file change"
time=2026-02-22T22:39:56.108-05:00 level=INFO msg="Starting auto-import" mode=auto-import
time=2026-02-22T22:39:56.725-05:00 level=INFO msg="File change detected" path=/Users/matthew/s-proj/main/.git/beads-worktrees/beads-sync/.beads/issues.jsonl
time=2026-02-22T22:39:56.740-05:00 level=INFO msg="Pulled sync branch" branch=beads-sync fast_forward=false merged=false
time=2026-02-22T22:39:56.740-05:00 level=INFO msg="🔍 Checking JSONL content hash AFTER pull (fix: auto-pull-not-pulling)"
time=2026-02-22T22:39:56.742-05:00 level=INFO msg="JSONL content changed, proceeding with operation..." mode=auto-import
time=2026-02-22T22:39:56.819-05:00 level=INFO msg="Import failed" error="parent issue ac-4olo does not exist"
time=2026-02-22T22:39:57.726-05:00 level=INFO msg="Import triggered by file change"
time=2026-02-22T22:39:57.763-05:00 level=INFO msg="Starting auto-import" mode=auto-import
time=2026-02-22T22:39:58.250-05:00 level=INFO msg="File change detected" path=/Users/matthew/s-proj/main/.git/beads-worktrees/beads-sync/.beads/issues.jsonl
time=2026-02-22T22:39:58.265-05:00 level=INFO msg="Pulled sync branch" branch=beads-sync fast_forward=false merged=false
time=2026-02-22T22:39:58.265-05:00 level=INFO msg="🔍 Checking JSONL content hash AFTER pull (fix: auto-pull-not-pulling)"
time=2026-02-22T22:39:58.266-05:00 level=INFO msg="JSONL content changed, proceeding with operation..." mode=auto-import
time=2026-02-22T22:39:58.343-05:00 level=INFO msg="Import failed" error="parent issue ac-4olo does not exist"
time=2026-02-22T22:39:59.252-05:00 level=INFO msg="Import triggered by file change"
time=2026-02-22T22:39:59.275-05:00 level=INFO msg="Starting auto-import" mode=auto-import
time=2026-02-22T22:39:59.700-05:00 level=INFO msg="File change detected" path=/Users/matthew/s-proj/main/.git/beads-worktrees/beads-sync/.beads/issues.jsonl
time=2026-02-22T22:39:59.714-05:00 level=INFO msg="Pulled sync branch" branch=beads-sync fast_forward=false merged=false
time=2026-02-22T22:39:59.714-05:00 level=INFO msg="🔍 Checking JSONL content hash AFTER pull (fix: auto-pull-not-pulling)"
time=2026-02-22T22:39:59.716-05:00 level=INFO msg="JSONL content changed, proceeding with operation..." mode=auto-import
time=2026-02-22T22:39:59.792-05:00 level=INFO msg="Import failed" error="parent issue ac-4olo does not exist"
time=2026-02-22T22:40:00.702-05:00 level=INFO msg="Import triggered by file change"
time=2026-02-22T22:40:00.741-05:00 level=INFO msg="Starting auto-import" mode=auto-import
time=2026-02-22T22:40:01.205-05:00 level=INFO msg="File change detected" path=/Users/matthew/s-proj/main/.git/beads-worktrees/beads-sync/.beads/issues.jsonl
time=2026-02-22T22:40:01.216-05:00 level=INFO msg="Pulled sync branch" branch=beads-sync fast_forward=false merged=false
time=2026-02-22T22:40:01.216-05:00 level=INFO msg="🔍 Checking JSONL content hash AFTER pull (fix: auto-pull-not-pulling)"
time=2026-02-22T22:40:01.218-05:00 level=INFO msg="JSONL content changed, proceeding with operation..." mode=auto-import
time=2026-02-22T22:40:01.294-05:00 level=INFO msg="Import failed" error="parent issue ac-4olo does not exist"
time=2026-02-22T22:40:02.207-05:00 level=INFO msg="Import triggered by file change"
time=2026-02-22T22:40:02.241-05:00 level=INFO msg="Starting auto-import" mode=auto-import
time=2026-02-22T22:40:02.654-05:00 level=INFO msg="File change detected" path=/Users/matthew/s-proj/main/.git/beads-worktrees/beads-sync/.beads/issues.jsonl
time=2026-02-22T22:40:02.667-05:00 level=INFO msg="Pulled sync branch" branch=beads-sync fast_forward=false merged=false
time=2026-02-22T22:40:02.667-05:00 level=INFO msg="🔍 Checking JSONL content hash AFTER pull (fix: auto-pull-not-pulling)"
time=2026-02-22T22:40:02.669-05:00 level=INFO msg="JSONL content changed, proceeding with operation..." mode=auto-import
time=2026-02-22T22:40:02.744-05:00 level=INFO msg="Import failed" error="parent issue ac-4olo does not exist"
time=2026-02-22T22:40:03.656-05:00 level=INFO msg="Import triggered by file change"
time=2026-02-22T22:40:03.689-05:00 level=INFO msg="Starting auto-import" mode=auto-import
time=2026-02-22T22:40:04.206-05:00 level=INFO msg="File change detected" path=/Users/matthew/s-proj/main/.git/beads-worktrees/beads-sync/.beads/issues.jsonl
time=2026-02-22T22:40:04.221-05:00 level=INFO msg="Pulled sync branch" branch=beads-sync fast_forward=false merged=false
time=2026-02-22T22:40:04.221-05:00 level=INFO msg="🔍 Checking JSONL content hash AFTER pull (fix: auto-pull-not-pulling)"
time=2026-02-22T22:40:04.222-05:00 level=INFO msg="JSONL content changed, proceeding with operation..." mode=auto-import
time=2026-02-22T22:40:04.298-05:00 level=INFO msg="Import failed" error="parent issue ac-4olo does not exist"
time=2026-02-22T22:40:05.208-05:00 level=INFO msg="Import triggered by file change"
time=2026-02-22T22:40:05.247-05:00 level=INFO msg="Starting auto-import" mode=auto-import
time=2026-02-22T22:40:05.790-05:00 level=INFO msg="File change detected" path=/Users/matthew/s-proj/main/.git/beads-worktrees/beads-sync/.beads/issues.jsonl
time=2026-02-22T22:40:05.803-05:00 level=INFO msg="Pulled sync branch" branch=beads-sync fast_forward=false merged=false
time=2026-02-22T22:40:05.803-05:00 level=INFO msg="🔍 Checking JSONL content hash AFTER pull (fix: auto-pull-not-pulling)"
time=2026-02-22T22:40:05.804-05:00 level=INFO msg="JSONL content changed, proceeding with operation..." mode=auto-import
time=2026-02-22T22:40:05.882-05:00 level=INFO msg="Import failed" error="parent issue ac-4olo does not exist"
time=2026-02-22T22:40:06.792-05:00 level=INFO msg="Import triggered by file change"
time=2026-02-22T22:40:06.818-05:00 level=INFO msg="Starting auto-import" mode=auto-import
time=2026-02-22T22:40:07.336-05:00 level=INFO msg="File change detected" path=/Users/matthew/s-proj/main/.git/beads-worktrees/beads-sync/.beads/issues.jsonl
time=2026-02-22T22:40:07.349-05:00 level=INFO msg="Pulled sync branch" branch=beads-sync fast_forward=false merged=false
time=2026-02-22T22:40:07.349-05:00 level=INFO msg="🔍 Checking JSONL content hash AFTER pull (fix: auto-pull-not-pulling)"
time=2026-02-22T22:40:07.350-05:00 level=INFO msg="JSONL content changed, proceeding with operation..." mode=auto-import
time=2026-02-22T22:40:07.427-05:00 level=INFO msg="Import failed" error="parent issue ac-4olo does not exist"
time=2026-02-22T22:40:08.338-05:00 level=INFO msg="Import triggered by file change"
time=2026-02-22T22:40:08.370-05:00 level=INFO msg="Starting auto-import" mode=auto-import
time=2026-02-22T22:40:08.854-05:00 level=INFO msg="File change detected" path=/Users/matthew/s-proj/main/.git/beads-worktrees/beads-sync/.beads/issues.jsonl
time=2026-02-22T22:40:08.869-05:00 level=INFO msg="Pulled sync branch" branch=beads-sync fast_forward=false merged=false
time=2026-02-22T22:40:08.869-05:00 level=INFO msg="🔍 Checking JSONL content hash AFTER pull (fix: auto-pull-not-pulling)"
time=2026-02-22T22:40:08.870-05:00 level=INFO msg="JSONL content changed, proceeding with operation..." mode=auto-import
time=2026-02-22T22:40:08.947-05:00 level=INFO msg="Import failed" error="parent issue ac-4olo does not exist"
time=2026-02-22T22:40:09.856-05:00 level=INFO msg="Import triggered by file change"
time=2026-02-22T22:40:09.890-05:00 level=INFO msg="Starting auto-import" mode=auto-import
time=2026-02-22T22:40:10.373-05:00 level=INFO msg="File change detected" path=/Users/matthew/s-proj/main/.git/beads-worktrees/beads-sync/.beads/issues.jsonl
time=2026-02-22T22:40:10.386-05:00 level=INFO msg="Pulled sync branch" branch=beads-sync fast_forward=false merged=false
time=2026-02-22T22:40:10.386-05:00 level=INFO msg="🔍 Checking JSONL content hash AFTER pull (fix: auto-pull-not-pulling)"
time=2026-02-22T22:40:10.388-05:00 level=INFO msg="JSONL content changed, proceeding with operation..." mode=auto-import
time=2026-02-22T22:40:10.464-05:00 level=INFO msg="Import failed" error="parent issue ac-4olo does not exist"
time=2026-02-22T22:40:11.376-05:00 level=INFO msg="Import triggered by file change"
time=2026-02-22T22:40:11.421-05:00 level=INFO msg="Starting auto-import" mode=auto-import
time=2026-02-22T22:40:11.889-05:00 level=INFO msg="File change detected" path=/Users/matthew/s-proj/main/.git/beads-worktrees/beads-sync/.beads/issues.jsonl
time=2026-02-22T22:40:11.902-05:00 level=INFO msg="Pulled sync branch" branch=beads-sync fast_forward=false merged=false
time=2026-02-22T22:40:11.902-05:00 level=INFO msg="🔍 Checking JSONL content hash AFTER pull (fix: auto-pull-not-pulling)"
time=2026-02-22T22:40:11.903-05:00 level=INFO msg="JSONL content changed, proceeding with operation..." mode=auto-import
time=2026-02-22T22:40:11.979-05:00 level=INFO msg="Import failed" error="parent issue ac-4olo does not exist"
time=2026-02-22T22:40:12.891-05:00 level=INFO msg="Import triggered by file change"
time=2026-02-22T22:40:12.934-05:00 level=INFO msg="Starting auto-import" mode=auto-import
time=2026-02-22T22:40:13.377-05:00 level=INFO msg="File change detected" path=/Users/matthew/s-proj/main/.git/beads-worktrees/beads-sync/.beads/issues.jsonl
time=2026-02-22T22:40:13.390-05:00 level=INFO msg="Pulled sync branch" branch=beads-sync fast_forward=false merged=false
time=2026-02-22T22:40:13.390-05:00 level=INFO msg="🔍 Checking JSONL content hash AFTER pull (fix: auto-pull-not-pulling)"
time=2026-02-22T22:40:13.391-05:00 level=INFO msg="JSONL content changed, proceeding with operation..." mode=auto-import
time=2026-02-22T22:40:13.468-05:00 level=INFO msg="Import failed" error="parent issue ac-4olo does not exist"
time=2026-02-22T22:40:14.379-05:00 level=INFO msg="Import triggered by file change"
time=2026-02-22T22:40:14.421-05:00 level=INFO msg="Starting auto-import" mode=auto-import
time=2026-02-22T22:40:14.995-05:00 level=INFO msg="File change detected" path=/Users/matthew/s-proj/main/.git/beads-worktrees/beads-sync/.beads/issues.jsonl
time=2026-02-22T22:40:15.014-05:00 level=INFO msg="Pulled sync branch" branch=beads-sync fast_forward=false merged=false
time=2026-02-22T22:40:15.014-05:00 level=INFO msg="🔍 Checking JSONL content hash AFTER pull (fix: auto-pull-not-pulling)"
time=2026-02-22T22:40:15.015-05:00 level=INFO msg="JSONL content changed, proceeding with operation..." mode=auto-import
time=2026-02-22T22:40:15.093-05:00 level=INFO msg="Import failed" error="parent issue ac-4olo does not exist"
time=2026-02-22T22:40:15.997-05:00 level=INFO msg="Import triggered by file change"
time=2026-02-22T22:40:16.037-05:00 level=INFO msg="Starting auto-import" mode=auto-import
time=2026-02-22T22:40:16.515-05:00 level=INFO msg="File change detected" path=/Users/matthew/s-proj/main/.git/beads-worktrees/beads-sync/.beads/issues.jsonl
time=2026-02-22T22:40:16.525-05:00 level=INFO msg="Pulled sync branch" branch=beads-sync fast_forward=false merged=false
time=2026-02-22T22:40:16.525-05:00 level=INFO msg="🔍 Checking JSONL content hash AFTER pull (fix: auto-pull-not-pulling)"
time=2026-02-22T22:40:16.526-05:00 level=INFO msg="JSONL content changed, proceeding with operation..." mode=auto-import
time=2026-02-22T22:40:16.602-05:00 level=INFO msg="Import failed" error="parent issue ac-4olo does not exist"
time=2026-02-22T22:40:17.517-05:00 level=INFO msg="Import triggered by file change"
time=2026-02-22T22:40:17.560-05:00 level=INFO msg="Starting auto-import" mode=auto-import
time=2026-02-22T22:40:18.015-05:00 level=INFO msg="File change detected" path=/Users/matthew/s-proj/main/.git/beads-worktrees/beads-sync/.beads/issues.jsonl
time=2026-02-22T22:40:18.029-05:00 level=INFO msg="Pulled sync branch" branch=beads-sync fast_forward=false merged=false
time=2026-02-22T22:40:18.029-05:00 level=INFO msg="🔍 Checking JSONL content hash AFTER pull (fix: auto-pull-not-pulling)"
time=2026-02-22T22:40:18.030-05:00 level=INFO msg="JSONL content changed, proceeding with operation..." mode=auto-import
time=2026-02-22T22:40:18.107-05:00 level=INFO msg="Import failed" error="parent issue ac-4olo does not exist"
time=2026-02-22T22:40:19.018-05:00 level=INFO msg="Import triggered by file change"
time=2026-02-22T22:40:19.053-05:00 level=INFO msg="Starting auto-import" mode=auto-import
time=2026-02-22T22:40:19.482-05:00 level=INFO msg="File change detected" path=/Users/matthew/s-proj/main/.git/beads-worktrees/beads-sync/.beads/issues.jsonl
time=2026-02-22T22:40:19.497-05:00 level=INFO msg="Pulled sync branch" branch=beads-sync fast_forward=false merged=false
time=2026-02-22T22:40:19.497-05:00 level=INFO msg="🔍 Checking JSONL content hash AFTER pull (fix: auto-pull-not-pulling)"
time=2026-02-22T22:40:19.498-05:00 level=INFO msg="JSONL content changed, proceeding with operation..." mode=auto-import
time=2026-02-22T22:40:19.575-05:00 level=INFO msg="Import failed" error="parent issue ac-4olo does not exist"
time=2026-02-22T22:40:20.485-05:00 level=INFO msg="Import triggered by file change"
time=2026-02-22T22:40:20.524-05:00 level=INFO msg="Starting auto-import" mode=auto-import
time=2026-02-22T22:40:20.963-05:00 level=INFO msg="File change detected" path=/Users/matthew/s-proj/main/.git/beads-worktrees/beads-sync/.beads/issues.jsonl
time=2026-02-22T22:40:20.979-05:00 level=INFO msg="Pulled sync branch" branch=beads-sync fast_forward=false merged=false
time=2026-02-22T22:40:20.980-05:00 level=INFO msg="🔍 Checking JSONL content hash AFTER pull (fix: auto-pull-not-pulling)"
time=2026-02-22T22:40:20.980-05:00 level=INFO msg="JSONL content changed, proceeding with operation..." mode=auto-import
time=2026-02-22T22:40:21.057-05:00 level=INFO msg="Import failed" error="parent issue ac-4olo does not exist"
time=2026-02-22T22:40:21.965-05:00 level=INFO msg="Import triggered by file change"
time=2026-02-22T22:40:22.014-05:00 level=INFO msg="Starting auto-import" mode=auto-import
time=2026-02-22T22:40:22.437-05:00 level=INFO msg="File change detected" path=/Users/matthew/s-proj/main/.git/beads-worktrees/beads-sync/.beads/issues.jsonl
time=2026-02-22T22:40:22.451-05:00 level=INFO msg="Pulled sync branch" branch=beads-sync fast_forward=false merged=false
time=2026-02-22T22:40:22.451-05:00 level=INFO msg="🔍 Checking JSONL content hash AFTER pull (fix: auto-pull-not-pulling)"
time=2026-02-22T22:40:22.452-05:00 level=INFO msg="JSONL content changed, proceeding with operation..." mode=auto-import
time=2026-02-22T22:40:22.528-05:00 level=INFO msg="Import failed" error="parent issue ac-4olo does not exist"
time=2026-02-22T22:40:23.439-05:00 level=INFO msg="Import triggered by file change"
time=2026-02-22T22:40:23.481-05:00 level=INFO msg="Starting auto-import" mode=auto-import
time=2026-02-22T22:40:23.916-05:00 level=INFO msg="File change detected" path=/Users/matthew/s-proj/main/.git/beads-worktrees/beads-sync/.beads/issues.jsonl
time=2026-02-22T22:40:23.928-05:00 level=INFO msg="Pulled sync branch" branch=beads-sync fast_forward=false merged=false
time=2026-02-22T22:40:23.928-05:00 level=INFO msg="🔍 Checking JSONL content hash AFTER pull (fix: auto-pull-not-pulling)"
time=2026-02-22T22:40:23.929-05:00 level=INFO msg="JSONL content changed, proceeding with operation..." mode=auto-import
time=2026-02-22T22:40:24.005-05:00 level=INFO msg="Import failed" error="parent issue ac-4olo does not exist"
time=2026-02-22T22:40:24.919-05:00 level=INFO msg="Import triggered by file change"
time=2026-02-22T22:40:24.958-05:00 level=INFO msg="Starting auto-import" mode=auto-import
time=2026-02-22T22:40:25.397-05:00 level=INFO msg="File change detected" path=/Users/matthew/s-proj/main/.git/beads-worktrees/beads-sync/.beads/issues.jsonl
time=2026-02-22T22:40:25.411-05:00 level=INFO msg="Pulled sync branch" branch=beads-sync fast_forward=false merged=false
time=2026-02-22T22:40:25.411-05:00 level=INFO msg="🔍 Checking JSONL content hash AFTER pull (fix: auto-pull-not-pulling)"
time=2026-02-22T22:40:25.412-05:00 level=INFO msg="JSONL content changed, proceeding with operation..." mode=auto-import
time=2026-02-22T22:40:25.489-05:00 level=INFO msg="Import failed" error="parent issue ac-4olo does not exist"
time=2026-02-22T22:40:26.399-05:00 level=INFO msg="Import triggered by file change"
time=2026-02-22T22:40:26.446-05:00 level=INFO msg="Starting auto-import" mode=auto-import
time=2026-02-22T22:40:26.923-05:00 level=INFO msg="File change detected" path=/Users/matthew/s-proj/main/.git/beads-worktrees/beads-sync/.beads/issues.jsonl
time=2026-02-22T22:40:26.938-05:00 level=INFO msg="Pulled sync branch" branch=beads-sync fast_forward=false merged=false
time=2026-02-22T22:40:26.938-05:00 level=INFO msg="🔍 Checking JSONL content hash AFTER pull (fix: auto-pull-not-pulling)"
time=2026-02-22T22:40:26.939-05:00 level=INFO msg="JSONL content changed, proceeding with operation..." mode=auto-import
time=2026-02-22T22:40:27.016-05:00 level=INFO msg="Import failed" error="parent issue ac-4olo does not exist"
time=2026-02-22T22:40:27.926-05:00 level=INFO msg="Import triggered by file change"
time=2026-02-22T22:40:27.968-05:00 level=INFO msg="Starting auto-import" mode=auto-import
time=2026-02-22T22:40:28.406-05:00 level=INFO msg="File change detected" path=/Users/matthew/s-proj/main/.git/beads-worktrees/beads-sync/.beads/issues.jsonl
time=2026-02-22T22:40:28.419-05:00 level=INFO msg="Pulled sync branch" branch=beads-sync fast_forward=false merged=false
time=2026-02-22T22:40:28.419-05:00 level=INFO msg="🔍 Checking JSONL content hash AFTER pull (fix: auto-pull-not-pulling)"
time=2026-02-22T22:40:28.421-05:00 level=INFO msg="JSONL content changed, proceeding with operation..." mode=auto-import
time=2026-02-22T22:40:28.498-05:00 level=INFO msg="Import failed" error="parent issue ac-4olo does not exist"
time=2026-02-22T22:40:29.414-05:00 level=INFO msg="Import triggered by file change"
time=2026-02-22T22:40:29.461-05:00 level=INFO msg="Starting auto-import" mode=auto-import
time=2026-02-22T22:40:29.951-05:00 level=INFO msg="File change detected" path=/Users/matthew/s-proj/main/.git/beads-worktrees/beads-sync/.beads/issues.jsonl
time=2026-02-22T22:40:29.964-05:00 level=INFO msg="Pulled sync branch" branch=beads-sync fast_forward=false merged=false
time=2026-02-22T22:40:29.964-05:00 level=INFO msg="🔍 Checking JSONL content hash AFTER pull (fix: auto-pull-not-pulling)"
time=2026-02-22T22:40:29.966-05:00 level=INFO msg="JSONL content changed, proceeding with operation..." mode=auto-import
time=2026-02-22T22:40:30.044-05:00 level=INFO msg="Import failed" error="parent issue ac-4olo does not exist"
time=2026-02-22T22:40:30.954-05:00 level=INFO msg="Import triggered by file change"
time=2026-02-22T22:40:30.994-05:00 level=INFO msg="Starting auto-import" mode=auto-import
time=2026-02-22T22:40:31.418-05:00 level=INFO msg="File change detected" path=/Users/matthew/s-proj/main/.git/beads-worktrees/beads-sync/.beads/issues.jsonl
time=2026-02-22T22:40:31.430-05:00 level=INFO msg="Pulled sync branch" branch=beads-sync fast_forward=false merged=false
time=2026-02-22T22:40:31.430-05:00 level=INFO msg="🔍 Checking JSONL content hash AFTER pull (fix: auto-pull-not-pulling)"
time=2026-02-22T22:40:31.431-05:00 level=INFO msg="JSONL content changed, proceeding with operation..." mode=auto-import
time=2026-02-22T22:40:31.506-05:00 level=INFO msg="Import failed" error="parent issue ac-4olo does not exist"
time=2026-02-22T22:40:32.419-05:00 level=INFO msg="Import triggered by file change"
time=2026-02-22T22:40:32.464-05:00 level=INFO msg="Starting auto-import" mode=auto-import
time=2026-02-22T22:40:32.942-05:00 level=INFO msg="File change detected" path=/Users/matthew/s-proj/main/.git/beads-worktrees/beads-sync/.beads/issues.jsonl
time=2026-02-22T22:40:32.956-05:00 level=INFO msg="Pulled sync branch" branch=beads-sync fast_forward=false merged=false
time=2026-02-22T22:40:32.956-05:00 level=INFO msg="🔍 Checking JSONL content hash AFTER pull (fix: auto-pull-not-pulling)"
time=2026-02-22T22:40:32.957-05:00 level=INFO msg="JSONL content changed, proceeding with operation..." mode=auto-import
time=2026-02-22T22:40:33.035-05:00 level=INFO msg="Import failed" error="parent issue ac-4olo does not exist"
time=2026-02-22T22:40:33.960-05:00 level=INFO msg="Import triggered by file change"
time=2026-02-22T22:40:33.998-05:00 level=INFO msg="Starting auto-import" mode=auto-import
time=2026-02-22T22:40:34.506-05:00 level=INFO msg="File change detected" path=/Users/matthew/s-proj/main/.git/beads-worktrees/beads-sync/.beads/issues.jsonl
time=2026-02-22T22:40:34.521-05:00 level=INFO msg="Pulled sync branch" branch=beads-sync fast_forward=false merged=false
time=2026-02-22T22:40:34.521-05:00 level=INFO msg="🔍 Checking JSONL content hash AFTER pull (fix: auto-pull-not-pulling)"
time=2026-02-22T22:40:34.522-05:00 level=INFO msg="JSONL content changed, proceeding with operation..." mode=auto-import
time=2026-02-22T22:40:34.601-05:00 level=INFO msg="Import failed" error="parent issue ac-4olo does not exist"
time=2026-02-22T22:40:35.513-05:00 level=INFO msg="Import triggered by file change"
time=2026-02-22T22:40:35.560-05:00 level=INFO msg="Starting auto-import" mode=auto-import
time=2026-02-22T22:40:36.044-05:00 level=INFO msg="File change detected" path=/Users/matthew/s-proj/main/.git/beads-worktrees/beads-sync/.beads/issues.jsonl
time=2026-02-22T22:40:36.059-05:00 level=INFO msg="Pulled sync branch" branch=beads-sync fast_forward=false merged=false
time=2026-02-22T22:40:36.059-05:00 level=INFO msg="🔍 Checking JSONL content hash AFTER pull (fix: auto-pull-not-pulling)"
time=2026-02-22T22:40:36.060-05:00 level=INFO msg="JSONL content changed, proceeding with operation..." mode=auto-import
time=2026-02-22T22:40:36.141-05:00 level=INFO msg="Import failed" error="parent issue ac-4olo does not exist"
time=2026-02-22T22:40:37.050-05:00 level=INFO msg="Import triggered by file change"
time=2026-02-22T22:40:37.117-05:00 level=INFO msg="Starting auto-import" mode=auto-import
time=2026-02-22T22:40:37.620-05:00 level=INFO msg="File change detected" path=/Users/matthew/s-proj/main/.git/beads-worktrees/beads-sync/.beads/issues.jsonl
time=2026-02-22T22:40:37.634-05:00 level=INFO msg="Pulled sync branch" branch=beads-sync fast_forward=false merged=false
time=2026-02-22T22:40:37.634-05:00 level=INFO msg="🔍 Checking JSONL content hash AFTER pull (fix: auto-pull-not-pulling)"
time=2026-02-22T22:40:37.635-05:00 level=INFO msg="JSONL content changed, proceeding with operation..." mode=auto-import
time=2026-02-22T22:40:37.712-05:00 level=INFO msg="Import failed" error="parent issue ac-4olo does not exist"
time=2026-02-22T22:40:38.632-05:00 level=INFO msg="Import triggered by file change"
time=2026-02-22T22:40:38.689-05:00 level=INFO msg="Starting auto-import" mode=auto-import
time=2026-02-22T22:40:39.201-05:00 level=INFO msg="File change detected" path=/Users/matthew/s-proj/main/.git/beads-worktrees/beads-sync/.beads/issues.jsonl
time=2026-02-22T22:40:39.216-05:00 level=INFO msg="Pulled sync branch" branch=beads-sync fast_forward=false merged=false
time=2026-02-22T22:40:39.216-05:00 level=INFO msg="🔍 Checking JSONL content hash AFTER pull (fix: auto-pull-not-pulling)"
time=2026-02-22T22:40:39.217-05:00 level=INFO msg="JSONL content changed, proceeding with operation..." mode=auto-import
time=2026-02-22T22:40:39.295-05:00 level=INFO msg="Import failed" error="parent issue ac-4olo does not exist"
time=2026-02-22T22:40:40.214-05:00 level=INFO msg="Import triggered by file change"
time=2026-02-22T22:40:40.267-05:00 level=INFO msg="Starting auto-import" mode=auto-import
time=2026-02-22T22:40:40.709-05:00 level=INFO msg="File change detected" path=/Users/matthew/s-proj/main/.git/beads-worktrees/beads-sync/.beads/issues.jsonl
time=2026-02-22T22:40:40.725-05:00 level=INFO msg="Pulled sync branch" branch=beads-sync fast_forward=false merged=false
time=2026-02-22T22:40:40.725-05:00 level=INFO msg="🔍 Checking JSONL content hash AFTER pull (fix: auto-pull-not-pulling)"
time=2026-02-22T22:40:40.726-05:00 level=INFO msg="JSONL content changed, proceeding with operation..." mode=auto-import
time=2026-02-22T22:40:40.803-05:00 level=INFO msg="Import failed" error="parent issue ac-4olo does not exist"
time=2026-02-22T22:40:41.713-05:00 level=INFO msg="Import triggered by file change"
time=2026-02-22T22:40:41.762-05:00 level=INFO msg="Starting auto-import" mode=auto-import
time=2026-02-22T22:40:42.236-05:00 level=INFO msg="File change detected" path=/Users/matthew/s-proj/main/.git/beads-worktrees/beads-sync/.beads/issues.jsonl
time=2026-02-22T22:40:42.252-05:00 level=INFO msg="Pulled sync branch" branch=beads-sync fast_forward=false merged=false
time=2026-02-22T22:40:42.252-05:00 level=INFO msg="🔍 Checking JSONL content hash AFTER pull (fix: auto-pull-not-pulling)"
time=2026-02-22T22:40:42.253-05:00 level=INFO msg="JSONL content changed, proceeding with operation..." mode=auto-import
time=2026-02-22T22:40:42.330-05:00 level=INFO msg="Import failed" error="parent issue ac-4olo does not exist"
time=2026-02-22T22:40:43.239-05:00 level=INFO msg="Import triggered by file change"
time=2026-02-22T22:40:43.308-05:00 level=INFO msg="Starting auto-import" mode=auto-import
time=2026-02-22T22:40:43.787-05:00 level=INFO msg="File change detected" path=/Users/matthew/s-proj/main/.git/beads-worktrees/beads-sync/.beads/issues.jsonl
time=2026-02-22T22:40:43.800-05:00 level=INFO msg="Pulled sync branch" branch=beads-sync fast_forward=false merged=false
time=2026-02-22T22:40:43.800-05:00 level=INFO msg="🔍 Checking JSONL content hash AFTER pull (fix: auto-pull-not-pulling)"
time=2026-02-22T22:40:43.801-05:00 level=INFO msg="JSONL content changed, proceeding with operation..." mode=auto-import
time=2026-02-22T22:40:43.877-05:00 level=INFO msg="Import failed" error="parent issue ac-4olo does not exist"
time=2026-02-22T22:40:44.789-05:00 level=INFO msg="Import triggered by file change"
time=2026-02-22T22:40:44.842-05:00 level=INFO msg="Starting auto-import" mode=auto-import
time=2026-02-22T22:40:45.392-05:00 level=INFO msg="File change detected" path=/Users/matthew/s-proj/main/.git/beads-worktrees/beads-sync/.beads/issues.jsonl
time=2026-02-22T22:40:45.408-05:00 level=INFO msg="Pulled sync branch" branch=beads-sync fast_forward=false merged=false
time=2026-02-22T22:40:45.408-05:00 level=INFO msg="🔍 Checking JSONL content hash AFTER pull (fix: auto-pull-not-pulling)"
time=2026-02-22T22:40:45.410-05:00 level=INFO msg="JSONL content changed, proceeding with operation..." mode=auto-import
time=2026-02-22T22:40:45.504-05:00 level=INFO msg="Import failed" error="parent issue ac-4olo does not exist"
time=2026-02-22T22:40:46.394-05:00 level=INFO msg="Import triggered by file change"
time=2026-02-22T22:40:46.455-05:00 level=INFO msg="Starting auto-import" mode=auto-import
time=2026-02-22T22:40:46.926-05:00 level=INFO msg="File change detected" path=/Users/matthew/s-proj/main/.git/beads-worktrees/beads-sync/.beads/issues.jsonl
time=2026-02-22T22:40:46.941-05:00 level=INFO msg="Pulled sync branch" branch=beads-sync fast_forward=false merged=false
time=2026-02-22T22:40:46.941-05:00 level=INFO msg="🔍 Checking JSONL content hash AFTER pull (fix: auto-pull-not-pulling)"
time=2026-02-22T22:40:46.943-05:00 level=INFO msg="JSONL content changed, proceeding with operation..." mode=auto-import
time=2026-02-22T22:40:47.021-05:00 level=INFO msg="Import failed" error="parent issue ac-4olo does not exist"
time=2026-02-22T22:40:47.929-05:00 level=INFO msg="Import triggered by file change"
time=2026-02-22T22:40:47.988-05:00 level=INFO msg="Starting auto-import" mode=auto-import
time=2026-02-22T22:40:48.478-05:00 level=INFO msg="File change detected" path=/Users/matthew/s-proj/main/.git/beads-worktrees/beads-sync/.beads/issues.jsonl
time=2026-02-22T22:40:48.491-05:00 level=INFO msg="Pulled sync branch" branch=beads-sync fast_forward=false merged=false
time=2026-02-22T22:40:48.491-05:00 level=INFO msg="🔍 Checking JSONL content hash AFTER pull (fix: auto-pull-not-pulling)"
time=2026-02-22T22:40:48.493-05:00 level=INFO msg="JSONL content changed, proceeding with operation..." mode=auto-import
time=2026-02-22T22:40:48.570-05:00 level=INFO msg="Import failed" error="parent issue ac-4olo does not exist"
time=2026-02-22T22:40:49.485-05:00 level=INFO msg="Import triggered by file change"
time=2026-02-22T22:40:49.521-05:00 level=INFO msg="Starting auto-import" mode=auto-import
time=2026-02-22T22:40:50.194-05:00 level=INFO msg="File change detected" path=/Users/matthew/s-proj/main/.git/beads-worktrees/beads-sync/.beads/issues.jsonl
time=2026-02-22T22:40:50.212-05:00 level=INFO msg="Pulled sync branch" branch=beads-sync fast_forward=false merged=false
time=2026-02-22T22:40:50.212-05:00 level=INFO msg="🔍 Checking JSONL content hash AFTER pull (fix: auto-pull-not-pulling)"
time=2026-02-22T22:40:50.213-05:00 level=INFO msg="JSONL content changed, proceeding with operation..." mode=auto-import
time=2026-02-22T22:40:50.292-05:00 level=INFO msg="Import failed" error="parent issue ac-4olo does not exist"
time=2026-02-22T22:40:51.196-05:00 level=INFO msg="Import triggered by file change"
time=2026-02-22T22:40:51.228-05:00 level=INFO msg="Starting auto-import" mode=auto-import
time=2026-02-22T22:40:51.654-05:00 level=INFO msg="File change detected" path=/Users/matthew/s-proj/main/.git/beads-worktrees/beads-sync/.beads/issues.jsonl
time=2026-02-22T22:40:51.665-05:00 level=INFO msg="Pulled sync branch" branch=beads-sync fast_forward=false merged=false
time=2026-02-22T22:40:51.665-05:00 level=INFO msg="🔍 Checking JSONL content hash AFTER pull (fix: auto-pull-not-pulling)"
time=2026-02-22T22:40:51.666-05:00 level=INFO msg="JSONL content changed, proceeding with operation..." mode=auto-import
time=2026-02-22T22:40:51.742-05:00 level=INFO msg="Import failed" error="parent issue ac-4olo does not exist"
time=2026-02-22T22:40:52.656-05:00 level=INFO msg="Import triggered by file change"
time=2026-02-22T22:40:52.704-05:00 level=INFO msg="Starting auto-import" mode=auto-import
time=2026-02-22T22:40:53.144-05:00 level=INFO msg="File change detected" path=/Users/matthew/s-proj/main/.git/beads-worktrees/beads-sync/.beads/issues.jsonl
time=2026-02-22T22:40:53.159-05:00 level=INFO msg="Pulled sync branch" branch=beads-sync fast_forward=false merged=false
time=2026-02-22T22:40:53.159-05:00 level=INFO msg="🔍 Checking JSONL content hash AFTER pull (fix: auto-pull-not-pulling)"
time=2026-02-22T22:40:53.161-05:00 level=INFO msg="JSONL content changed, proceeding with operation..." mode=auto-import
time=2026-02-22T22:40:53.237-05:00 level=INFO msg="Import failed" error="parent issue ac-4olo does not exist"
time=2026-02-22T22:40:54.146-05:00 level=INFO msg="Import triggered by file change"
time=2026-02-22T22:40:54.178-05:00 level=INFO msg="Starting auto-import" mode=auto-import
time=2026-02-22T22:40:54.629-05:00 level=INFO msg="File change detected" path=/Users/matthew/s-proj/main/.git/beads-worktrees/beads-sync/.beads/issues.jsonl
time=2026-02-22T22:40:54.641-05:00 level=INFO msg="Pulled sync branch" branch=beads-sync fast_forward=false merged=false
time=2026-02-22T22:40:54.641-05:00 level=INFO msg="🔍 Checking JSONL content hash AFTER pull (fix: auto-pull-not-pulling)"
time=2026-02-22T22:40:54.642-05:00 level=INFO msg="JSONL content changed, proceeding with operation..." mode=auto-import
time=2026-02-22T22:40:54.719-05:00 level=INFO msg="Import failed" error="parent issue ac-4olo does not exist"
time=2026-02-22T22:40:55.631-05:00 level=INFO msg="Import triggered by file change"
time=2026-02-22T22:40:55.675-05:00 level=INFO msg="Starting auto-import" mode=auto-import
time=2026-02-22T22:40:56.118-05:00 level=INFO msg="File change detected" path=/Users/matthew/s-proj/main/.git/beads-worktrees/beads-sync/.beads/issues.jsonl
time=2026-02-22T22:40:56.132-05:00 level=INFO msg="Pulled sync branch" branch=beads-sync fast_forward=false merged=false
time=2026-02-22T22:40:56.132-05:00 level=INFO msg="🔍 Checking JSONL content hash AFTER pull (fix: auto-pull-not-pulling)"
time=2026-02-22T22:40:56.133-05:00 level=INFO msg="JSONL content changed, proceeding with operation..." mode=auto-import
time=2026-02-22T22:40:56.209-05:00 level=INFO msg="Import failed" error="parent issue ac-4olo does not exist"
time=2026-02-22T22:40:57.120-05:00 level=INFO msg="Import triggered by file change"
time=2026-02-22T22:40:57.153-05:00 level=INFO msg="Starting auto-import" mode=auto-import
time=2026-02-22T22:40:57.583-05:00 level=INFO msg="File change detected" path=/Users/matthew/s-proj/main/.git/beads-worktrees/beads-sync/.beads/issues.jsonl
time=2026-02-22T22:40:57.595-05:00 level=INFO msg="Pulled sync branch" branch=beads-sync fast_forward=false merged=false
time=2026-02-22T22:40:57.595-05:00 level=INFO msg="🔍 Checking JSONL content hash AFTER pull (fix: auto-pull-not-pulling)"
time=2026-02-22T22:40:57.596-05:00 level=INFO msg="JSONL content changed, proceeding with operation..." mode=auto-import
time=2026-02-22T22:40:57.672-05:00 level=INFO msg="Import failed" error="parent issue ac-4olo does not exist"
time=2026-02-22T22:40:58.584-05:00 level=INFO msg="Import triggered by file change"
time=2026-02-22T22:40:58.615-05:00 level=INFO msg="Starting auto-import" mode=auto-import
time=2026-02-22T22:40:59.035-05:00 level=INFO msg="File change detected" path=/Users/matthew/s-proj/main/.git/beads-worktrees/beads-sync/.beads/issues.jsonl
time=2026-02-22T22:40:59.046-05:00 level=INFO msg="Pulled sync branch" branch=beads-sync fast_forward=false merged=false
time=2026-02-22T22:40:59.046-05:00 level=INFO msg="🔍 Checking JSONL content hash AFTER pull (fix: auto-pull-not-pulling)"
time=2026-02-22T22:40:59.047-05:00 level=INFO msg="JSONL content changed, proceeding with operation..." mode=auto-import
time=2026-02-22T22:40:59.126-05:00 level=INFO msg="Import failed" error="parent issue ac-4olo does not exist"
time=2026-02-22T22:41:00.049-05:00 level=INFO msg="Import triggered by file change"
time=2026-02-22T22:41:00.089-05:00 level=INFO msg="Starting auto-import" mode=auto-import
time=2026-02-22T22:41:00.548-05:00 level=INFO msg="File change detected" path=/Users/matthew/s-proj/main/.git/beads-worktrees/beads-sync/.beads/issues.jsonl
time=2026-02-22T22:41:00.559-05:00 level=INFO msg="Pulled sync branch" branch=beads-sync fast_forward=false merged=false
time=2026-02-22T22:41:00.559-05:00 level=INFO msg="🔍 Checking JSONL content hash AFTER pull (fix: auto-pull-not-pulling)"
time=2026-02-22T22:41:00.561-05:00 level=INFO msg="JSONL content changed, proceeding with operation..." mode=auto-import
time=2026-02-22T22:41:00.638-05:00 level=INFO msg="Import failed" error="parent issue ac-4olo does not exist"
time=2026-02-22T22:41:01.550-05:00 level=INFO msg="Import triggered by file change"
time=2026-02-22T22:41:01.597-05:00 level=INFO msg="Starting auto-import" mode=auto-import
time=2026-02-22T22:41:02.034-05:00 level=INFO msg="File change detected" path=/Users/matthew/s-proj/main/.git/beads-worktrees/beads-sync/.beads/issues.jsonl
time=2026-02-22T22:41:02.048-05:00 level=INFO msg="Pulled sync branch" branch=beads-sync fast_forward=false merged=false
time=2026-02-22T22:41:02.048-05:00 level=INFO msg="🔍 Checking JSONL content hash AFTER pull (fix: auto-pull-not-pulling)"
time=2026-02-22T22:41:02.049-05:00 level=INFO msg="JSONL content changed, proceeding with operation..." mode=auto-import
time=2026-02-22T22:41:02.127-05:00 level=INFO msg="Import failed" error="parent issue ac-4olo does not exist"
time=2026-02-22T22:41:03.036-05:00 level=INFO msg="Import triggered by file change"
time=2026-02-22T22:41:03.070-05:00 level=INFO msg="Starting auto-import" mode=auto-import
time=2026-02-22T22:41:03.518-05:00 level=INFO msg="File change detected" path=/Users/matthew/s-proj/main/.git/beads-worktrees/beads-sync/.beads/issues.jsonl
time=2026-02-22T22:41:03.529-05:00 level=INFO msg="Pulled sync branch" branch=beads-sync fast_forward=false merged=false
time=2026-02-22T22:41:03.529-05:00 level=INFO msg="🔍 Checking JSONL content hash AFTER pull (fix: auto-pull-not-pulling)"
time=2026-02-22T22:41:03.530-05:00 level=INFO msg="JSONL content changed, proceeding with operation..." mode=auto-import
time=2026-02-22T22:41:03.605-05:00 level=INFO msg="Import failed" error="parent issue ac-4olo does not exist"
time=2026-02-22T22:41:04.521-05:00 level=INFO msg="Import triggered by file change"
time=2026-02-22T22:41:04.561-05:00 level=INFO msg="Starting auto-import" mode=auto-import
time=2026-02-22T22:41:04.980-05:00 level=INFO msg="File change detected" path=/Users/matthew/s-proj/main/.git/beads-worktrees/beads-sync/.beads/issues.jsonl
time=2026-02-22T22:41:04.992-05:00 level=INFO msg="Pulled sync branch" branch=beads-sync fast_forward=false merged=false
time=2026-02-22T22:41:04.992-05:00 level=INFO msg="🔍 Checking JSONL content hash AFTER pull (fix: auto-pull-not-pulling)"
time=2026-02-22T22:41:04.993-05:00 level=INFO msg="JSONL content changed, proceeding with operation..." mode=auto-import
time=2026-02-22T22:41:05.069-05:00 level=INFO msg="Import failed" error="parent issue ac-4olo does not exist"
time=2026-02-22T22:41:05.983-05:00 level=INFO msg="Import triggered by file change"
time=2026-02-22T22:41:06.017-05:00 level=INFO msg="Starting auto-import" mode=auto-import
time=2026-02-22T22:41:06.437-05:00 level=INFO msg="File change detected" path=/Users/matthew/s-proj/main/.git/beads-worktrees/beads-sync/.beads/issues.jsonl
time=2026-02-22T22:41:06.450-05:00 level=INFO msg="Pulled sync branch" branch=beads-sync fast_forward=false merged=false
time=2026-02-22T22:41:06.450-05:00 level=INFO msg="🔍 Checking JSONL content hash AFTER pull (fix: auto-pull-not-pulling)"
time=2026-02-22T22:41:06.451-05:00 level=INFO msg="JSONL content changed, proceeding with operation..." mode=auto-import
time=2026-02-22T22:41:06.529-05:00 level=INFO msg="Import failed" error="parent issue ac-4olo does not exist"
time=2026-02-22T22:41:07.439-05:00 level=INFO msg="Import triggered by file change"
time=2026-02-22T22:41:07.485-05:00 level=INFO msg="Starting auto-import" mode=auto-import
time=2026-02-22T22:41:07.926-05:00 level=INFO msg="File change detected" path=/Users/matthew/s-proj/main/.git/beads-worktrees/beads-sync/.beads/issues.jsonl
time=2026-02-22T22:41:07.942-05:00 level=INFO msg="Pulled sync branch" branch=beads-sync fast_forward=false merged=false
time=2026-02-22T22:41:07.942-05:00 level=INFO msg="🔍 Checking JSONL content hash AFTER pull (fix: auto-pull-not-pulling)"
time=2026-02-22T22:41:07.943-05:00 level=INFO msg="JSONL content changed, proceeding with operation..." mode=auto-import
time=2026-02-22T22:41:08.021-05:00 level=INFO msg="Import failed" error="parent issue ac-4olo does not exist"
time=2026-02-22T22:41:08.929-05:00 level=INFO msg="Import triggered by file change"
time=2026-02-22T22:41:08.974-05:00 level=INFO msg="Starting auto-import" mode=auto-import
time=2026-02-22T22:41:09.435-05:00 level=INFO msg="File change detected" path=/Users/matthew/s-proj/main/.git/beads-worktrees/beads-sync/.beads/issues.jsonl
time=2026-02-22T22:41:09.459-05:00 level=INFO msg="Pulled sync branch" branch=beads-sync fast_forward=false merged=false
time=2026-02-22T22:41:09.459-05:00 level=INFO msg="🔍 Checking JSONL content hash AFTER pull (fix: auto-pull-not-pulling)"
time=2026-02-22T22:41:09.462-05:00 level=INFO msg="JSONL content changed, proceeding with operation..." mode=auto-import
time=2026-02-22T22:41:09.547-05:00 level=INFO msg="Import failed" error="parent issue ac-4olo does not exist"
time=2026-02-22T22:41:10.437-05:00 level=INFO msg="Import triggered by file change"
time=2026-02-22T22:41:10.481-05:00 level=INFO msg="Starting auto-import" mode=auto-import
time=2026-02-22T22:41:10.948-05:00 level=INFO msg="File change detected" path=/Users/matthew/s-proj/main/.git/beads-worktrees/beads-sync/.beads/issues.jsonl
time=2026-02-22T22:41:10.960-05:00 level=INFO msg="Pulled sync branch" branch=beads-sync fast_forward=false merged=false
time=2026-02-22T22:41:10.960-05:00 level=INFO msg="🔍 Checking JSONL content hash AFTER pull (fix: auto-pull-not-pulling)"
time=2026-02-22T22:41:10.961-05:00 level=INFO msg="JSONL content changed, proceeding with operation..." mode=auto-import
time=2026-02-22T22:41:11.036-05:00 level=INFO msg="Import failed" error="parent issue ac-4olo does not exist"
time=2026-02-22T22:41:11.950-05:00 level=INFO msg="Import triggered by file change"
time=2026-02-22T22:41:11.990-05:00 level=INFO msg="Starting auto-import" mode=auto-import
time=2026-02-22T22:41:12.559-05:00 level=INFO msg="File change detected" path=/Users/matthew/s-proj/main/.git/beads-worktrees/beads-sync/.beads/issues.jsonl
time=2026-02-22T22:41:12.575-05:00 level=INFO msg="Pulled sync branch" branch=beads-sync fast_forward=false merged=false
time=2026-02-22T22:41:12.575-05:00 level=INFO msg="🔍 Checking JSONL content hash AFTER pull (fix: auto-pull-not-pulling)"
time=2026-02-22T22:41:12.576-05:00 level=INFO msg="JSONL content changed, proceeding with operation..." mode=auto-import
time=2026-02-22T22:41:12.656-05:00 level=INFO msg="Import failed" error="parent issue ac-4olo does not exist"
time=2026-02-22T22:41:13.562-05:00 level=INFO msg="Import triggered by file change"
time=2026-02-22T22:41:13.616-05:00 level=INFO msg="Starting auto-import" mode=auto-import
time=2026-02-22T22:41:14.375-05:00 level=INFO msg="File change detected" path=/Users/matthew/s-proj/main/.git/beads-worktrees/beads-sync/.beads/issues.jsonl
time=2026-02-22T22:41:14.389-05:00 level=INFO msg="Pulled sync branch" branch=beads-sync fast_forward=false merged=false
time=2026-02-22T22:41:14.389-05:00 level=INFO msg="🔍 Checking JSONL content hash AFTER pull (fix: auto-pull-not-pulling)"
time=2026-02-22T22:41:14.390-05:00 level=INFO msg="JSONL content changed, proceeding with operation..." mode=auto-import
time=2026-02-22T22:41:14.467-05:00 level=INFO msg="Import failed" error="parent issue ac-4olo does not exist"
time=2026-02-22T22:41:15.377-05:00 level=INFO msg="Import triggered by file change"
time=2026-02-22T22:41:15.423-05:00 level=INFO msg="Starting auto-import" mode=auto-import
time=2026-02-22T22:41:15.909-05:00 level=INFO msg="File change detected" path=/Users/matthew/s-proj/main/.git/beads-worktrees/beads-sync/.beads/issues.jsonl
time=2026-02-22T22:41:15.920-05:00 level=INFO msg="Pulled sync branch" branch=beads-sync fast_forward=false merged=false
time=2026-02-22T22:41:15.921-05:00 level=INFO msg="🔍 Checking JSONL content hash AFTER pull (fix: auto-pull-not-pulling)"
time=2026-02-22T22:41:15.921-05:00 level=INFO msg="JSONL content changed, proceeding with operation..." mode=auto-import
time=2026-02-22T22:41:15.999-05:00 level=INFO msg="Import failed" error="parent issue ac-4olo does not exist"
time=2026-02-22T22:41:16.923-05:00 level=INFO msg="Import triggered by file change"
time=2026-02-22T22:41:16.952-05:00 level=INFO msg="Starting auto-import" mode=auto-import
time=2026-02-22T22:41:17.439-05:00 level=INFO msg="File change detected" path=/Users/matthew/s-proj/main/.git/beads-worktrees/beads-sync/.beads/issues.jsonl
time=2026-02-22T22:41:17.455-05:00 level=INFO msg="Pulled sync branch" branch=beads-sync fast_forward=false merged=false
time=2026-02-22T22:41:17.455-05:00 level=INFO msg="🔍 Checking JSONL content hash AFTER pull (fix: auto-pull-not-pulling)"
time=2026-02-22T22:41:17.457-05:00 level=INFO msg="JSONL content changed, proceeding with operation..." mode=auto-import
time=2026-02-22T22:41:17.536-05:00 level=INFO msg="Import failed" error="parent issue ac-4olo does not exist"
time=2026-02-22T22:41:18.443-05:00 level=INFO msg="Import triggered by file change"
time=2026-02-22T22:41:18.482-05:00 level=INFO msg="Starting auto-import" mode=auto-import
time=2026-02-22T22:41:19.034-05:00 level=INFO msg="File change detected" path=/Users/matthew/s-proj/main/.git/beads-worktrees/beads-sync/.beads/issues.jsonl
time=2026-02-22T22:41:19.049-05:00 level=INFO msg="Pulled sync branch" branch=beads-sync fast_forward=false merged=false
time=2026-02-22T22:41:19.050-05:00 level=INFO msg="🔍 Checking JSONL content hash AFTER pull (fix: auto-pull-not-pulling)"
time=2026-02-22T22:41:19.050-05:00 level=INFO msg="JSONL content changed, proceeding with operation..." mode=auto-import
time=2026-02-22T22:41:19.132-05:00 level=INFO msg="Import failed" error="parent issue ac-4olo does not exist"
time=2026-02-22T22:41:20.037-05:00 level=INFO msg="Import triggered by file change"
time=2026-02-22T22:41:20.095-05:00 level=INFO msg="Starting auto-import" mode=auto-import
time=2026-02-22T22:41:20.571-05:00 level=INFO msg="File change detected" path=/Users/matthew/s-proj/main/.git/beads-worktrees/beads-sync/.beads/issues.jsonl
time=2026-02-22T22:41:20.588-05:00 level=INFO msg="Pulled sync branch" branch=beads-sync fast_forward=false merged=false
time=2026-02-22T22:41:20.588-05:00 level=INFO msg="🔍 Checking JSONL content hash AFTER pull (fix: auto-pull-not-pulling)"
time=2026-02-22T22:41:20.590-05:00 level=INFO msg="JSONL content changed, proceeding with operation..." mode=auto-import
time=2026-02-22T22:41:20.672-05:00 level=INFO msg="Import failed" error="parent issue ac-4olo does not exist"
time=2026-02-22T22:41:21.573-05:00 level=INFO msg="Import triggered by file change"
time=2026-02-22T22:41:21.635-05:00 level=INFO msg="Starting auto-import" mode=auto-import
time=2026-02-22T22:41:22.151-05:00 level=INFO msg="File change detected" path=/Users/matthew/s-proj/main/.git/beads-worktrees/beads-sync/.beads/issues.jsonl
time=2026-02-22T22:41:22.165-05:00 level=INFO msg="Pulled sync branch" branch=beads-sync fast_forward=false merged=false
time=2026-02-22T22:41:22.165-05:00 level=INFO msg="🔍 Checking JSONL content hash AFTER pull (fix: auto-pull-not-pulling)"
time=2026-02-22T22:41:22.166-05:00 level=INFO msg="JSONL content changed, proceeding with operation..." mode=auto-import
time=2026-02-22T22:41:22.248-05:00 level=INFO msg="Import failed" error="parent issue ac-4olo does not exist"
time=2026-02-22T22:41:23.153-05:00 level=INFO msg="Import triggered by file change"
time=2026-02-22T22:41:23.218-05:00 level=INFO msg="Starting auto-import" mode=auto-import
time=2026-02-22T22:41:23.716-05:00 level=INFO msg="File change detected" path=/Users/matthew/s-proj/main/.git/beads-worktrees/beads-sync/.beads/issues.jsonl
time=2026-02-22T22:41:23.731-05:00 level=INFO msg="Pulled sync branch" branch=beads-sync fast_forward=false merged=false
time=2026-02-22T22:41:23.731-05:00 level=INFO msg="🔍 Checking JSONL content hash AFTER pull (fix: auto-pull-not-pulling)"
time=2026-02-22T22:41:23.733-05:00 level=INFO msg="JSONL content changed, proceeding with operation..." mode=auto-import
time=2026-02-22T22:41:23.812-05:00 level=INFO msg="Import failed" error="parent issue ac-4olo does not exist"
time=2026-02-22T22:41:24.718-05:00 level=INFO msg="Import triggered by file change"
time=2026-02-22T22:41:24.780-05:00 level=INFO msg="Starting auto-import" mode=auto-import
time=2026-02-22T22:41:25.264-05:00 level=INFO msg="File change detected" path=/Users/matthew/s-proj/main/.git/beads-worktrees/beads-sync/.beads/issues.jsonl
time=2026-02-22T22:41:25.280-05:00 level=INFO msg="Pulled sync branch" branch=beads-sync fast_forward=false merged=false
time=2026-02-22T22:41:25.280-05:00 level=INFO msg="🔍 Checking JSONL content hash AFTER pull (fix: auto-pull-not-pulling)"
time=2026-02-22T22:41:25.282-05:00 level=INFO msg="JSONL content changed, proceeding with operation..." mode=auto-import
time=2026-02-22T22:41:25.361-05:00 level=INFO msg="Import failed" error="parent issue ac-4olo does not exist"
time=2026-02-22T22:41:26.267-05:00 level=INFO msg="Import triggered by file change"
time=2026-02-22T22:41:26.320-05:00 level=INFO msg="Starting auto-import" mode=auto-import
time=2026-02-22T22:41:26.825-05:00 level=INFO msg="File change detected" path=/Users/matthew/s-proj/main/.git/beads-worktrees/beads-sync/.beads/issues.jsonl
time=2026-02-22T22:41:26.837-05:00 level=INFO msg="Pulled sync branch" branch=beads-sync fast_forward=false merged=false
time=2026-02-22T22:41:26.838-05:00 level=INFO msg="🔍 Checking JSONL content hash AFTER pull (fix: auto-pull-not-pulling)"
time=2026-02-22T22:41:26.839-05:00 level=INFO msg="JSONL content changed, proceeding with operation..." mode=auto-import
time=2026-02-22T22:41:26.927-05:00 level=INFO msg="Import failed" error="parent issue ac-4olo does not exist"
time=2026-02-22T22:41:27.827-05:00 level=INFO msg="Import triggered by file change"
time=2026-02-22T22:41:27.889-05:00 level=INFO msg="Starting auto-import" mode=auto-import
time=2026-02-22T22:41:28.412-05:00 level=INFO msg="File change detected" path=/Users/matthew/s-proj/main/.git/beads-worktrees/beads-sync/.beads/issues.jsonl
time=2026-02-22T22:41:28.424-05:00 level=INFO msg="Pulled sync branch" branch=beads-sync fast_forward=false merged=false
time=2026-02-22T22:41:28.424-05:00 level=INFO msg="🔍 Checking JSONL content hash AFTER pull (fix: auto-pull-not-pulling)"
time=2026-02-22T22:41:28.426-05:00 level=INFO msg="JSONL content changed, proceeding with operation..." mode=auto-import
time=2026-02-22T22:41:28.504-05:00 level=INFO msg="Import failed" error="parent issue ac-4olo does not exist"
time=2026-02-22T22:41:29.414-05:00 level=INFO msg="Import triggered by file change"
time=2026-02-22T22:41:29.487-05:00 level=INFO msg="Starting auto-import" mode=auto-import
time=2026-02-22T22:41:30.113-05:00 level=INFO msg="File change detected" path=/Users/matthew/s-proj/main/.git/beads-worktrees/beads-sync/.beads/issues.jsonl
time=2026-02-22T22:41:30.131-05:00 level=INFO msg="Pulled sync branch" branch=beads-sync fast_forward=false merged=false
time=2026-02-22T22:41:30.131-05:00 level=INFO msg="🔍 Checking JSONL content hash AFTER pull (fix: auto-pull-not-pulling)"
time=2026-02-22T22:41:30.133-05:00 level=INFO msg="JSONL content changed, proceeding with operation..." mode=auto-import
time=2026-02-22T22:41:30.214-05:00 level=INFO msg="Import failed" error="parent issue ac-4olo does not exist"
time=2026-02-22T22:41:31.116-05:00 level=INFO msg="Import triggered by file change"
time=2026-02-22T22:41:31.154-05:00 level=INFO msg="Starting auto-import" mode=auto-import
time=2026-02-22T22:41:31.656-05:00 level=INFO msg="File change detected" path=/Users/matthew/s-proj/main/.git/beads-worktrees/beads-sync/.beads/issues.jsonl
time=2026-02-22T22:41:31.667-05:00 level=INFO msg="Pulled sync branch" branch=beads-sync fast_forward=false merged=false
time=2026-02-22T22:41:31.667-05:00 level=INFO msg="🔍 Checking JSONL content hash AFTER pull (fix: auto-pull-not-pulling)"
time=2026-02-22T22:41:31.669-05:00 level=INFO msg="JSONL content changed, proceeding with operation..." mode=auto-import
time=2026-02-22T22:41:31.749-05:00 level=INFO msg="Import failed" error="parent issue ac-4olo does not exist"
time=2026-02-22T22:41:32.660-05:00 level=INFO msg="Import triggered by file change"
time=2026-02-22T22:41:32.722-05:00 level=INFO msg="Starting auto-import" mode=auto-import
time=2026-02-22T22:41:33.234-05:00 level=INFO msg="File change detected" path=/Users/matthew/s-proj/main/.git/beads-worktrees/beads-sync/.beads/issues.jsonl
time=2026-02-22T22:41:33.251-05:00 level=INFO msg="Pulled sync branch" branch=beads-sync fast_forward=false merged=false
time=2026-02-22T22:41:33.251-05:00 level=INFO msg="🔍 Checking JSONL content hash AFTER pull (fix: auto-pull-not-pulling)"
time=2026-02-22T22:41:33.252-05:00 level=INFO msg="JSONL content changed, proceeding with operation..." mode=auto-import
time=2026-02-22T22:41:33.334-05:00 level=INFO msg="Import failed" error="parent issue ac-4olo does not exist"
time=2026-02-22T22:41:34.239-05:00 level=INFO msg="Import triggered by file change"
time=2026-02-22T22:41:34.299-05:00 level=INFO msg="Starting auto-import" mode=auto-import
time=2026-02-22T22:41:34.792-05:00 level=INFO msg="File change detected" path=/Users/matthew/s-proj/main/.git/beads-worktrees/beads-sync/.beads/issues.jsonl
time=2026-02-22T22:41:34.803-05:00 level=INFO msg="Pulled sync branch" branch=beads-sync fast_forward=false merged=false
time=2026-02-22T22:41:34.803-05:00 level=INFO msg="🔍 Checking JSONL content hash AFTER pull (fix: auto-pull-not-pulling)"
time=2026-02-22T22:41:34.804-05:00 level=INFO msg="JSONL content changed, proceeding with operation..." mode=auto-import
time=2026-02-22T22:41:34.881-05:00 level=INFO msg="Import failed" error="parent issue ac-4olo does not exist"
time=2026-02-22T22:41:35.794-05:00 level=INFO msg="Import triggered by file change"
time=2026-02-22T22:41:35.877-05:00 level=INFO msg="Starting auto-import" mode=auto-import
time=2026-02-22T22:41:36.351-05:00 level=INFO msg="File change detected" path=/Users/matthew/s-proj/main/.git/beads-worktrees/beads-sync/.beads/issues.jsonl
time=2026-02-22T22:41:36.366-05:00 level=INFO msg="Pulled sync branch" branch=beads-sync fast_forward=false merged=false
time=2026-02-22T22:41:36.366-05:00 level=INFO msg="🔍 Checking JSONL content hash AFTER pull (fix: auto-pull-not-pulling)"
time=2026-02-22T22:41:36.367-05:00 level=INFO msg="JSONL content changed, proceeding with operation..." mode=auto-import
time=2026-02-22T22:41:36.445-05:00 level=INFO msg="Import failed" error="parent issue ac-4olo does not exist"
time=2026-02-22T22:41:37.352-05:00 level=INFO msg="Import triggered by file change"
time=2026-02-22T22:41:37.402-05:00 level=INFO msg="Starting auto-import" mode=auto-import
time=2026-02-22T22:41:37.908-05:00 level=INFO msg="File change detected" path=/Users/matthew/s-proj/main/.git/beads-worktrees/beads-sync/.beads/issues.jsonl
time=2026-02-22T22:41:37.925-05:00 level=INFO msg="Pulled sync branch" branch=beads-sync fast_forward=false merged=false
time=2026-02-22T22:41:37.925-05:00 level=INFO msg="🔍 Checking JSONL content hash AFTER pull (fix: auto-pull-not-pulling)"
time=2026-02-22T22:41:37.926-05:00 level=INFO msg="JSONL content changed, proceeding with operation..." mode=auto-import
time=2026-02-22T22:41:38.004-05:00 level=INFO msg="Import failed" error="parent issue ac-4olo does not exist"
time=2026-02-22T22:41:38.912-05:00 level=INFO msg="Import triggered by file change"
time=2026-02-22T22:41:38.961-05:00 level=INFO msg="Starting auto-import" mode=auto-import
time=2026-02-22T22:41:39.638-05:00 level=INFO msg="File change detected" path=/Users/matthew/s-proj/main/.git/beads-worktrees/beads-sync/.beads/issues.jsonl
time=2026-02-22T22:41:39.652-05:00 level=INFO msg="Pulled sync branch" branch=beads-sync fast_forward=false merged=false
time=2026-02-22T22:41:39.652-05:00 level=INFO msg="🔍 Checking JSONL content hash AFTER pull (fix: auto-pull-not-pulling)"
time=2026-02-22T22:41:39.654-05:00 level=INFO msg="JSONL content changed, proceeding with operation..." mode=auto-import
time=2026-02-22T22:41:39.732-05:00 level=INFO msg="Import failed" error="parent issue ac-4olo does not exist"
time=2026-02-22T22:41:40.643-05:00 level=INFO msg="Import triggered by file change"
time=2026-02-22T22:41:40.701-05:00 level=INFO msg="Starting auto-import" mode=auto-import
time=2026-02-22T22:41:41.505-05:00 level=INFO msg="File change detected" path=/Users/matthew/s-proj/main/.git/beads-worktrees/beads-sync/.beads/issues.jsonl
time=2026-02-22T22:41:41.524-05:00 level=INFO msg="Pulled sync branch" branch=beads-sync fast_forward=false merged=false
time=2026-02-22T22:41:41.524-05:00 level=INFO msg="🔍 Checking JSONL content hash AFTER pull (fix: auto-pull-not-pulling)"
time=2026-02-22T22:41:41.526-05:00 level=INFO msg="JSONL content changed, proceeding with operation..." mode=auto-import
time=2026-02-22T22:41:41.606-05:00 level=INFO msg="Import failed" error="parent issue ac-4olo does not exist"
time=2026-02-22T22:41:42.513-05:00 level=INFO msg="Import triggered by file change"
time=2026-02-22T22:41:42.575-05:00 level=INFO msg="Starting auto-import" mode=auto-import
time=2026-02-22T22:41:43.137-05:00 level=INFO msg="File change detected" path=/Users/matthew/s-proj/main/.git/beads-worktrees/beads-sync/.beads/issues.jsonl
time=2026-02-22T22:41:43.153-05:00 level=INFO msg="Pulled sync branch" branch=beads-sync fast_forward=false merged=false
time=2026-02-22T22:41:43.153-05:00 level=INFO msg="🔍 Checking JSONL content hash AFTER pull (fix: auto-pull-not-pulling)"
time=2026-02-22T22:41:43.155-05:00 level=INFO msg="JSONL content changed, proceeding with operation..." mode=auto-import
time=2026-02-22T22:41:43.239-05:00 level=INFO msg="Import failed" error="parent issue ac-4olo does not exist"
time=2026-02-22T22:41:44.147-05:00 level=INFO msg="Import triggered by file change"
time=2026-02-22T22:41:44.206-05:00 level=INFO msg="Starting auto-import" mode=auto-import
time=2026-02-22T22:41:44.897-05:00 level=INFO msg="File change detected" path=/Users/matthew/s-proj/main/.git/beads-worktrees/beads-sync/.beads/issues.jsonl
time=2026-02-22T22:41:44.916-05:00 level=INFO msg="Pulled sync branch" branch=beads-sync fast_forward=false merged=false
time=2026-02-22T22:41:44.916-05:00 level=INFO msg="🔍 Checking JSONL content hash AFTER pull (fix: auto-pull-not-pulling)"
time=2026-02-22T22:41:44.918-05:00 level=INFO msg="JSONL content changed, proceeding with operation..." mode=auto-import
time=2026-02-22T22:41:45.006-05:00 level=INFO msg="Import failed" error="parent issue ac-4olo does not exist"
time=2026-02-22T22:41:45.901-05:00 level=INFO msg="Import triggered by file change"
time=2026-02-22T22:41:45.962-05:00 level=INFO msg="Starting auto-import" mode=auto-import
time=2026-02-22T22:41:46.641-05:00 level=INFO msg="File change detected" path=/Users/matthew/s-proj/main/.git/beads-worktrees/beads-sync/.beads/issues.jsonl
time=2026-02-22T22:41:46.659-05:00 level=INFO msg="Pulled sync branch" branch=beads-sync fast_forward=false merged=false
time=2026-02-22T22:41:46.659-05:00 level=INFO msg="🔍 Checking JSONL content hash AFTER pull (fix: auto-pull-not-pulling)"
time=2026-02-22T22:41:46.661-05:00 level=INFO msg="JSONL content changed, proceeding with operation..." mode=auto-import
time=2026-02-22T22:41:46.742-05:00 level=INFO msg="Import failed" error="parent issue ac-4olo does not exist"
time=2026-02-22T22:41:47.644-05:00 level=INFO msg="Import triggered by file change"
time=2026-02-22T22:41:47.710-05:00 level=INFO msg="Starting auto-import" mode=auto-import
time=2026-02-22T22:41:48.281-05:00 level=INFO msg="File change detected" path=/Users/matthew/s-proj/main/.git/beads-worktrees/beads-sync/.beads/issues.jsonl
time=2026-02-22T22:41:48.299-05:00 level=INFO msg="Pulled sync branch" branch=beads-sync fast_forward=false merged=false
time=2026-02-22T22:41:48.299-05:00 level=INFO msg="🔍 Checking JSONL content hash AFTER pull (fix: auto-pull-not-pulling)"
time=2026-02-22T22:41:48.301-05:00 level=INFO msg="JSONL content changed, proceeding with operation..." mode=auto-import
time=2026-02-22T22:41:48.383-05:00 level=INFO msg="Import failed" error="parent issue ac-4olo does not exist"
time=2026-02-22T22:41:49.285-05:00 level=INFO msg="Import triggered by file change"
time=2026-02-22T22:41:49.350-05:00 level=INFO msg="Starting auto-import" mode=auto-import
time=2026-02-22T22:41:49.940-05:00 level=INFO msg="File change detected" path=/Users/matthew/s-proj/main/.git/beads-worktrees/beads-sync/.beads/issues.jsonl
time=2026-02-22T22:41:49.952-05:00 level=INFO msg="Pulled sync branch" branch=beads-sync fast_forward=false merged=false
time=2026-02-22T22:41:49.952-05:00 level=INFO msg="🔍 Checking JSONL content hash AFTER pull (fix: auto-pull-not-pulling)"
time=2026-02-22T22:41:49.953-05:00 level=INFO msg="JSONL content changed, proceeding with operation..." mode=auto-import
time=2026-02-22T22:41:50.028-05:00 level=INFO msg="Import failed" error="parent issue ac-4olo does not exist"
time=2026-02-22T22:41:50.960-05:00 level=INFO msg="Import triggered by file change"
time=2026-02-22T22:41:51.026-05:00 level=INFO msg="Starting auto-import" mode=auto-import
time=2026-02-22T22:41:51.562-05:00 level=INFO msg="File change detected" path=/Users/matthew/s-proj/main/.git/beads-worktrees/beads-sync/.beads/issues.jsonl
time=2026-02-22T22:41:51.575-05:00 level=INFO msg="Pulled sync branch" branch=beads-sync fast_forward=false merged=false
time=2026-02-22T22:41:51.575-05:00 level=INFO msg="🔍 Checking JSONL content hash AFTER pull (fix: auto-pull-not-pulling)"
time=2026-02-22T22:41:51.577-05:00 level=INFO msg="JSONL content changed, proceeding with operation..." mode=auto-import
time=2026-02-22T22:41:51.652-05:00 level=INFO msg="Import failed" error="parent issue ac-4olo does not exist"
time=2026-02-22T22:41:52.568-05:00 level=INFO msg="Import triggered by file change"
time=2026-02-22T22:41:52.632-05:00 level=INFO msg="Starting auto-import" mode=auto-import
time=2026-02-22T22:41:53.173-05:00 level=INFO msg="File change detected" path=/Users/matthew/s-proj/main/.git/beads-worktrees/beads-sync/.beads/issues.jsonl
time=2026-02-22T22:41:53.191-05:00 level=INFO msg="Pulled sync branch" branch=beads-sync fast_forward=false merged=false
time=2026-02-22T22:41:53.191-05:00 level=INFO msg="🔍 Checking JSONL content hash AFTER pull (fix: auto-pull-not-pulling)"
time=2026-02-22T22:41:53.192-05:00 level=INFO msg="JSONL content changed, proceeding with operation..." mode=auto-import
time=2026-02-22T22:41:53.268-05:00 level=INFO msg="Import failed" error="parent issue ac-4olo does not exist"
time=2026-02-22T22:41:54.176-05:00 level=INFO msg="Import triggered by file change"
time=2026-02-22T22:41:54.234-05:00 level=INFO msg="Starting auto-import" mode=auto-import
time=2026-02-22T22:41:54.776-05:00 level=INFO msg="File change detected" path=/Users/matthew/s-proj/main/.git/beads-worktrees/beads-sync/.beads/issues.jsonl
time=2026-02-22T22:41:54.790-05:00 level=INFO msg="Pulled sync branch" branch=beads-sync fast_forward=false merged=false
time=2026-02-22T22:41:54.790-05:00 level=INFO msg="🔍 Checking JSONL content hash AFTER pull (fix: auto-pull-not-pulling)"
time=2026-02-22T22:41:54.792-05:00 level=INFO msg="JSONL content changed, proceeding with operation..." mode=auto-import
time=2026-02-22T22:41:54.872-05:00 level=INFO msg="Import failed" error="parent issue ac-4olo does not exist"
time=2026-02-22T22:41:55.781-05:00 level=INFO msg="Import triggered by file change"
time=2026-02-22T22:41:55.846-05:00 level=INFO msg="Starting auto-import" mode=auto-import
time=2026-02-22T22:41:56.410-05:00 level=INFO msg="File change detected" path=/Users/matthew/s-proj/main/.git/beads-worktrees/beads-sync/.beads/issues.jsonl
time=2026-02-22T22:41:56.422-05:00 level=INFO msg="Pulled sync branch" branch=beads-sync fast_forward=false merged=false
time=2026-02-22T22:41:56.422-05:00 level=INFO msg="🔍 Checking JSONL content hash AFTER pull (fix: auto-pull-not-pulling)"
time=2026-02-22T22:41:56.424-05:00 level=INFO msg="JSONL content changed, proceeding with operation..." mode=auto-import
time=2026-02-22T22:41:56.511-05:00 level=INFO msg="Import failed" error="parent issue ac-4olo does not exist"
time=2026-02-22T22:41:57.413-05:00 level=INFO msg="Import triggered by file change"
time=2026-02-22T22:41:57.485-05:00 level=INFO msg="Starting auto-import" mode=auto-import
time=2026-02-22T22:41:58.038-05:00 level=INFO msg="File change detected" path=/Users/matthew/s-proj/main/.git/beads-worktrees/beads-sync/.beads/issues.jsonl
time=2026-02-22T22:41:58.056-05:00 level=INFO msg="Pulled sync branch" branch=beads-sync fast_forward=false merged=false
time=2026-02-22T22:41:58.056-05:00 level=INFO msg="🔍 Checking JSONL content hash AFTER pull (fix: auto-pull-not-pulling)"
time=2026-02-22T22:41:58.058-05:00 level=INFO msg="JSONL content changed, proceeding with operation..." mode=auto-import
time=2026-02-22T22:41:58.135-05:00 level=INFO msg="Import failed" error="parent issue ac-4olo does not exist"
time=2026-02-22T22:41:59.041-05:00 level=INFO msg="Import triggered by file change"
time=2026-02-22T22:41:59.107-05:00 level=INFO msg="Starting auto-import" mode=auto-import
time=2026-02-22T22:41:59.697-05:00 level=INFO msg="File change detected" path=/Users/matthew/s-proj/main/.git/beads-worktrees/beads-sync/.beads/issues.jsonl
time=2026-02-22T22:41:59.711-05:00 level=INFO msg="Pulled sync branch" branch=beads-sync fast_forward=false merged=false
time=2026-02-22T22:41:59.711-05:00 level=INFO msg="🔍 Checking JSONL content hash AFTER pull (fix: auto-pull-not-pulling)"
time=2026-02-22T22:41:59.712-05:00 level=INFO msg="JSONL content changed, proceeding with operation..." mode=auto-import
time=2026-02-22T22:41:59.793-05:00 level=INFO msg="Import failed" error="parent issue ac-4olo does not exist"
time=2026-02-22T22:42:00.698-05:00 level=INFO msg="Import triggered by file change"
time=2026-02-22T22:42:00.749-05:00 level=INFO msg="Starting auto-import" mode=auto-import
time=2026-02-22T22:42:01.219-05:00 level=INFO msg="File change detected" path=/Users/matthew/s-proj/main/.git/beads-worktrees/beads-sync/.beads/issues.jsonl
time=2026-02-22T22:42:01.233-05:00 level=INFO msg="Pulled sync branch" branch=beads-sync fast_forward=false merged=false
time=2026-02-22T22:42:01.233-05:00 level=INFO msg="🔍 Checking JSONL content hash AFTER pull (fix: auto-pull-not-pulling)"
time=2026-02-22T22:42:01.233-05:00 level=INFO msg="JSONL content changed, proceeding with operation..." mode=auto-import
time=2026-02-22T22:42:01.335-05:00 level=INFO msg="Import failed" error="parent issue ac-4olo does not exist"
time=2026-02-22T22:42:02.227-05:00 level=INFO msg="Import triggered by file change"
time=2026-02-22T22:42:02.274-05:00 level=INFO msg="Starting auto-import" mode=auto-import
time=2026-02-22T22:42:02.759-05:00 level=INFO msg="File change detected" path=/Users/matthew/s-proj/main/.git/beads-worktrees/beads-sync/.beads/issues.jsonl
time=2026-02-22T22:42:02.775-05:00 level=INFO msg="Pulled sync branch" branch=beads-sync fast_forward=false merged=false
time=2026-02-22T22:42:02.775-05:00 level=INFO msg="🔍 Checking JSONL content hash AFTER pull (fix: auto-pull-not-pulling)"
time=2026-02-22T22:42:02.776-05:00 level=INFO msg="JSONL content changed, proceeding with operation..." mode=auto-import
time=2026-02-22T22:42:02.855-05:00 level=INFO msg="Import failed" error="parent issue ac-4olo does not exist"
time=2026-02-22T22:42:03.773-05:00 level=INFO msg="Import triggered by file change"
time=2026-02-22T22:42:03.800-05:00 level=INFO msg="Starting auto-import" mode=auto-import
time=2026-02-22T22:42:04.244-05:00 level=INFO msg="File change detected" path=/Users/matthew/s-proj/main/.git/beads-worktrees/beads-sync/.beads/issues.jsonl
time=2026-02-22T22:42:04.257-05:00 level=INFO msg="Pulled sync branch" branch=beads-sync fast_forward=false merged=false
time=2026-02-22T22:42:04.257-05:00 level=INFO msg="🔍 Checking JSONL content hash AFTER pull (fix: auto-pull-not-pulling)"
time=2026-02-22T22:42:04.259-05:00 level=INFO msg="JSONL content changed, proceeding with operation..." mode=auto-import
time=2026-02-22T22:42:04.339-05:00 level=INFO msg="Import failed" error="parent issue ac-4olo does not exist"
time=2026-02-22T22:42:05.245-05:00 level=INFO msg="Import triggered by file change"
time=2026-02-22T22:42:05.269-05:00 level=INFO msg="Starting auto-import" mode=auto-import
time=2026-02-22T22:42:05.858-05:00 level=INFO msg="File change detected" path=/Users/matthew/s-proj/main/.git/beads-worktrees/beads-sync/.beads/issues.jsonl
time=2026-02-22T22:42:05.871-05:00 level=INFO msg="Pulled sync branch" branch=beads-sync fast_forward=false merged=false
time=2026-02-22T22:42:05.871-05:00 level=INFO msg="🔍 Checking JSONL content hash AFTER pull (fix: auto-pull-not-pulling)"
time=2026-02-22T22:42:05.873-05:00 level=INFO msg="JSONL content changed, proceeding with operation..." mode=auto-import
time=2026-02-22T22:42:05.956-05:00 level=INFO msg="Import failed" error="parent issue ac-4olo does not exist"
time=2026-02-22T22:42:06.862-05:00 level=INFO msg="Import triggered by file change"
time=2026-02-22T22:42:06.890-05:00 level=INFO msg="Starting auto-import" mode=auto-import
time=2026-02-22T22:42:07.389-05:00 level=INFO msg="File change detected" path=/Users/matthew/s-proj/main/.git/beads-worktrees/beads-sync/.beads/issues.jsonl
time=2026-02-22T22:42:07.401-05:00 level=INFO msg="Pulled sync branch" branch=beads-sync fast_forward=false merged=false
time=2026-02-22T22:42:07.401-05:00 level=INFO msg="🔍 Checking JSONL content hash AFTER pull (fix: auto-pull-not-pulling)"
time=2026-02-22T22:42:07.403-05:00 level=INFO msg="JSONL content changed, proceeding with operation..." mode=auto-import
time=2026-02-22T22:42:07.479-05:00 level=INFO msg="Import failed" error="parent issue ac-4olo does not exist"
time=2026-02-22T22:42:08.391-05:00 level=INFO msg="Import triggered by file change"
time=2026-02-22T22:42:08.434-05:00 level=INFO msg="Starting auto-import" mode=auto-import
time=2026-02-22T22:42:08.908-05:00 level=INFO msg="File change detected" path=/Users/matthew/s-proj/main/.git/beads-worktrees/beads-sync/.beads/issues.jsonl
time=2026-02-22T22:42:08.918-05:00 level=INFO msg="Pulled sync branch" branch=beads-sync fast_forward=false merged=false
time=2026-02-22T22:42:08.918-05:00 level=INFO msg="🔍 Checking JSONL content hash AFTER pull (fix: auto-pull-not-pulling)"
time=2026-02-22T22:42:08.920-05:00 level=INFO msg="JSONL content changed, proceeding with operation..." mode=auto-import
time=2026-02-22T22:42:08.998-05:00 level=INFO msg="Import failed" error="parent issue ac-4olo does not exist"
time=2026-02-22T22:42:09.910-05:00 level=INFO msg="Import triggered by file change"
time=2026-02-22T22:42:09.942-05:00 level=INFO msg="Starting auto-import" mode=auto-import
time=2026-02-22T22:42:10.393-05:00 level=INFO msg="File change detected" path=/Users/matthew/s-proj/main/.git/beads-worktrees/beads-sync/.beads/issues.jsonl
time=2026-02-22T22:42:10.406-05:00 level=INFO msg="Pulled sync branch" branch=beads-sync fast_forward=false merged=false
time=2026-02-22T22:42:10.406-05:00 level=INFO msg="🔍 Checking JSONL content hash AFTER pull (fix: auto-pull-not-pulling)"
time=2026-02-22T22:42:10.407-05:00 level=INFO msg="JSONL content changed, proceeding with operation..." mode=auto-import
time=2026-02-22T22:42:10.483-05:00 level=INFO msg="Import failed" error="parent issue ac-4olo does not exist"
time=2026-02-22T22:42:11.396-05:00 level=INFO msg="Import triggered by file change"
time=2026-02-22T22:42:11.427-05:00 level=INFO msg="Starting auto-import" mode=auto-import
time=2026-02-22T22:42:12.071-05:00 level=INFO msg="File change detected" path=/Users/matthew/s-proj/main/.git/beads-worktrees/beads-sync/.beads/issues.jsonl
time=2026-02-22T22:42:12.084-05:00 level=INFO msg="Pulled sync branch" branch=beads-sync fast_forward=false merged=false
time=2026-02-22T22:42:12.084-05:00 level=INFO msg="🔍 Checking JSONL content hash AFTER pull (fix: auto-pull-not-pulling)"
time=2026-02-22T22:42:12.086-05:00 level=INFO msg="JSONL content changed, proceeding with operation..." mode=auto-import
time=2026-02-22T22:42:12.164-05:00 level=INFO msg="Import failed" error="parent issue ac-4olo does not exist"
time=2026-02-22T22:42:13.073-05:00 level=INFO msg="Import triggered by file change"
time=2026-02-22T22:42:13.121-05:00 level=INFO msg="Starting auto-import" mode=auto-import
time=2026-02-22T22:42:13.595-05:00 level=INFO msg="File change detected" path=/Users/matthew/s-proj/main/.git/beads-worktrees/beads-sync/.beads/issues.jsonl
time=2026-02-22T22:42:13.610-05:00 level=INFO msg="Pulled sync branch" branch=beads-sync fast_forward=false merged=false
time=2026-02-22T22:42:13.610-05:00 level=INFO msg="🔍 Checking JSONL content hash AFTER pull (fix: auto-pull-not-pulling)"
time=2026-02-22T22:42:13.612-05:00 level=INFO msg="JSONL content changed, proceeding with operation..." mode=auto-import
time=2026-02-22T22:42:13.690-05:00 level=INFO msg="Import failed" error="parent issue ac-4olo does not exist"
time=2026-02-22T22:42:14.597-05:00 level=INFO msg="Import triggered by file change"
time=2026-02-22T22:42:14.634-05:00 level=INFO msg="Starting auto-import" mode=auto-import
time=2026-02-22T22:42:15.161-05:00 level=INFO msg="File change detected" path=/Users/matthew/s-proj/main/.git/beads-worktrees/beads-sync/.beads/issues.jsonl
time=2026-02-22T22:42:15.176-05:00 level=INFO msg="Pulled sync branch" branch=beads-sync fast_forward=false merged=false
time=2026-02-22T22:42:15.176-05:00 level=INFO msg="🔍 Checking JSONL content hash AFTER pull (fix: auto-pull-not-pulling)"
time=2026-02-22T22:42:15.178-05:00 level=INFO msg="JSONL content changed, proceeding with operation..." mode=auto-import
time=2026-02-22T22:42:15.254-05:00 level=INFO msg="Import failed" error="parent issue ac-4olo does not exist"
time=2026-02-22T22:42:16.168-05:00 level=INFO msg="Import triggered by file change"
time=2026-02-22T22:42:16.205-05:00 level=INFO msg="Starting auto-import" mode=auto-import
time=2026-02-22T22:42:16.709-05:00 level=INFO msg="File change detected" path=/Users/matthew/s-proj/main/.git/beads-worktrees/beads-sync/.beads/issues.jsonl
time=2026-02-22T22:42:16.722-05:00 level=INFO msg="Pulled sync branch" branch=beads-sync fast_forward=false merged=false
time=2026-02-22T22:42:16.722-05:00 level=INFO msg="🔍 Checking JSONL content hash AFTER pull (fix: auto-pull-not-pulling)"
time=2026-02-22T22:42:16.723-05:00 level=INFO msg="JSONL content changed, proceeding with operation..." mode=auto-import
time=2026-02-22T22:42:16.800-05:00 level=INFO msg="Import failed" error="parent issue ac-4olo does not exist"
time=2026-02-22T22:42:17.710-05:00 level=INFO msg="Import triggered by file change"
time=2026-02-22T22:42:17.736-05:00 level=INFO msg="Starting auto-import" mode=auto-import
time=2026-02-22T22:42:18.379-05:00 level=INFO msg="File change detected" path=/Users/matthew/s-proj/main/.git/beads-worktrees/beads-sync/.beads/issues.jsonl
time=2026-02-22T22:42:18.394-05:00 level=INFO msg="Pulled sync branch" branch=beads-sync fast_forward=false merged=false
time=2026-02-22T22:42:18.394-05:00 level=INFO msg="🔍 Checking JSONL content hash AFTER pull (fix: auto-pull-not-pulling)"
time=2026-02-22T22:42:18.395-05:00 level=INFO msg="JSONL content changed, proceeding with operation..." mode=auto-import
time=2026-02-22T22:42:18.476-05:00 level=INFO msg="Import failed" error="parent issue ac-4olo does not exist"
time=2026-02-22T22:42:19.382-05:00 level=INFO msg="Import triggered by file change"
time=2026-02-22T22:42:19.420-05:00 level=INFO msg="Starting auto-import" mode=auto-import
time=2026-02-22T22:42:19.921-05:00 level=INFO msg="File change detected" path=/Users/matthew/s-proj/main/.git/beads-worktrees/beads-sync/.beads/issues.jsonl
time=2026-02-22T22:42:19.932-05:00 level=INFO msg="Pulled sync branch" branch=beads-sync fast_forward=false merged=false
time=2026-02-22T22:42:19.932-05:00 level=INFO msg="🔍 Checking JSONL content hash AFTER pull (fix: auto-pull-not-pulling)"
time=2026-02-22T22:42:19.933-05:00 level=INFO msg="JSONL content changed, proceeding with operation..." mode=auto-import
time=2026-02-22T22:42:20.011-05:00 level=INFO msg="Import failed" error="parent issue ac-4olo does not exist"
time=2026-02-22T22:42:20.925-05:00 level=INFO msg="Import triggered by file change"
time=2026-02-22T22:42:20.971-05:00 level=INFO msg="Starting auto-import" mode=auto-import
time=2026-02-22T22:42:21.511-05:00 level=INFO msg="File change detected" path=/Users/matthew/s-proj/main/.git/beads-worktrees/beads-sync/.beads/issues.jsonl
time=2026-02-22T22:42:21.525-05:00 level=INFO msg="Pulled sync branch" branch=beads-sync fast_forward=false merged=false
time=2026-02-22T22:42:21.525-05:00 level=INFO msg="🔍 Checking JSONL content hash AFTER pull (fix: auto-pull-not-pulling)"
time=2026-02-22T22:42:21.526-05:00 level=INFO msg="JSONL content changed, proceeding with operation..." mode=auto-import
time=2026-02-22T22:42:21.602-05:00 level=INFO msg="Import failed" error="parent issue ac-4olo does not exist"
time=2026-02-22T22:42:22.515-05:00 level=INFO msg="Import triggered by file change"
time=2026-02-22T22:42:22.562-05:00 level=INFO msg="Starting auto-import" mode=auto-import
time=2026-02-22T22:42:23.154-05:00 level=INFO msg="File change detected" path=/Users/matthew/s-proj/main/.git/beads-worktrees/beads-sync/.beads/issues.jsonl
time=2026-02-22T22:42:23.166-05:00 level=INFO msg="Pulled sync branch" branch=beads-sync fast_forward=false merged=false
time=2026-02-22T22:42:23.166-05:00 level=INFO msg="🔍 Checking JSONL content hash AFTER pull (fix: auto-pull-not-pulling)"
time=2026-02-22T22:42:23.167-05:00 level=INFO msg="JSONL content changed, proceeding with operation..." mode=auto-import
time=2026-02-22T22:42:23.245-05:00 level=INFO msg="Import failed" error="parent issue ac-4olo does not exist"
time=2026-02-22T22:42:24.155-05:00 level=INFO msg="Import triggered by file change"
time=2026-02-22T22:42:24.200-05:00 level=INFO msg="Starting auto-import" mode=auto-import
time=2026-02-22T22:42:24.731-05:00 level=INFO msg="File change detected" path=/Users/matthew/s-proj/main/.git/beads-worktrees/beads-sync/.beads/issues.jsonl
time=2026-02-22T22:42:24.743-05:00 level=INFO msg="Pulled sync branch" branch=beads-sync fast_forward=false merged=false
time=2026-02-22T22:42:24.743-05:00 level=INFO msg="🔍 Checking JSONL content hash AFTER pull (fix: auto-pull-not-pulling)"
time=2026-02-22T22:42:24.744-05:00 level=INFO msg="JSONL content changed, proceeding with operation..." mode=auto-import
time=2026-02-22T22:42:24.819-05:00 level=INFO msg="Import failed" error="parent issue ac-4olo does not exist"
time=2026-02-22T22:42:25.732-05:00 level=INFO msg="Import triggered by file change"
time=2026-02-22T22:42:25.778-05:00 level=INFO msg="Starting auto-import" mode=auto-import
time=2026-02-22T22:42:26.305-05:00 level=INFO msg="File change detected" path=/Users/matthew/s-proj/main/.git/beads-worktrees/beads-sync/.beads/issues.jsonl
time=2026-02-22T22:42:26.317-05:00 level=INFO msg="Pulled sync branch" branch=beads-sync fast_forward=false merged=false
time=2026-02-22T22:42:26.317-05:00 level=INFO msg="🔍 Checking JSONL content hash AFTER pull (fix: auto-pull-not-pulling)"
time=2026-02-22T22:42:26.318-05:00 level=INFO msg="JSONL content changed, proceeding with operation..." mode=auto-import
time=2026-02-22T22:42:26.395-05:00 level=INFO msg="Import failed" error="parent issue ac-4olo does not exist"
time=2026-02-22T22:42:27.306-05:00 level=INFO msg="Import triggered by file change"
time=2026-02-22T22:42:27.340-05:00 level=INFO msg="Starting auto-import" mode=auto-import
time=2026-02-22T22:42:27.960-05:00 level=INFO msg="File change detected" path=/Users/matthew/s-proj/main/.git/beads-worktrees/beads-sync/.beads/issues.jsonl
time=2026-02-22T22:42:27.974-05:00 level=INFO msg="Pulled sync branch" branch=beads-sync fast_forward=false merged=false
time=2026-02-22T22:42:27.974-05:00 level=INFO msg="🔍 Checking JSONL content hash AFTER pull (fix: auto-pull-not-pulling)"
time=2026-02-22T22:42:27.975-05:00 level=INFO msg="JSONL content changed, proceeding with operation..." mode=auto-import
time=2026-02-22T22:42:28.052-05:00 level=INFO msg="Import failed" error="parent issue ac-4olo does not exist"
time=2026-02-22T22:42:28.963-05:00 level=INFO msg="Import triggered by file change"
time=2026-02-22T22:42:29.016-05:00 level=INFO msg="Starting auto-import" mode=auto-import
time=2026-02-22T22:42:29.581-05:00 level=INFO msg="File change detected" path=/Users/matthew/s-proj/main/.git/beads-worktrees/beads-sync/.beads/issues.jsonl
time=2026-02-22T22:42:29.593-05:00 level=INFO msg="Pulled sync branch" branch=beads-sync fast_forward=false merged=false
time=2026-02-22T22:42:29.593-05:00 level=INFO msg="🔍 Checking JSONL content hash AFTER pull (fix: auto-pull-not-pulling)"
time=2026-02-22T22:42:29.594-05:00 level=INFO msg="JSONL content changed, proceeding with operation..." mode=auto-import
time=2026-02-22T22:42:29.672-05:00 level=INFO msg="Import failed" error="parent issue ac-4olo does not exist"
time=2026-02-22T22:42:30.586-05:00 level=INFO msg="Import triggered by file change"
time=2026-02-22T22:42:30.629-05:00 level=INFO msg="Starting auto-import" mode=auto-import
time=2026-02-22T22:42:31.445-05:00 level=INFO msg="File change detected" path=/Users/matthew/s-proj/main/.git/beads-worktrees/beads-sync/.beads/issues.jsonl
time=2026-02-22T22:42:31.458-05:00 level=INFO msg="Pulled sync branch" branch=beads-sync fast_forward=false merged=false
time=2026-02-22T22:42:31.458-05:00 level=INFO msg="🔍 Checking JSONL content hash AFTER pull (fix: auto-pull-not-pulling)"
time=2026-02-22T22:42:31.459-05:00 level=INFO msg="JSONL content changed, proceeding with operation..." mode=auto-import
time=2026-02-22T22:42:31.537-05:00 level=INFO msg="Import failed" error="parent issue ac-4olo does not exist"
time=2026-02-22T22:42:32.447-05:00 level=INFO msg="Import triggered by file change"
time=2026-02-22T22:42:32.473-05:00 level=INFO msg="Starting auto-import" mode=auto-import
time=2026-02-22T22:42:32.976-05:00 level=INFO msg="File change detected" path=/Users/matthew/s-proj/main/.git/beads-worktrees/beads-sync/.beads/issues.jsonl
time=2026-02-22T22:42:32.987-05:00 level=INFO msg="Pulled sync branch" branch=beads-sync fast_forward=false merged=false
time=2026-02-22T22:42:32.987-05:00 level=INFO msg="🔍 Checking JSONL content hash AFTER pull (fix: auto-pull-not-pulling)"
time=2026-02-22T22:42:32.988-05:00 level=INFO msg="JSONL content changed, proceeding with operation..." mode=auto-import
time=2026-02-22T22:42:33.066-05:00 level=INFO msg="Import failed" error="parent issue ac-4olo does not exist"
time=2026-02-22T22:42:33.980-05:00 level=INFO msg="Import triggered by file change"
time=2026-02-22T22:42:34.042-05:00 level=INFO msg="Starting auto-import" mode=auto-import
time=2026-02-22T22:42:34.536-05:00 level=INFO msg="File change detected" path=/Users/matthew/s-proj/main/.git/beads-worktrees/beads-sync/.beads/issues.jsonl
time=2026-02-22T22:42:34.551-05:00 level=INFO msg="Pulled sync branch" branch=beads-sync fast_forward=false merged=false
time=2026-02-22T22:42:34.551-05:00 level=INFO msg="🔍 Checking JSONL content hash AFTER pull (fix: auto-pull-not-pulling)"
time=2026-02-22T22:42:34.552-05:00 level=INFO msg="JSONL content changed, proceeding with operation..." mode=auto-import
time=2026-02-22T22:42:34.633-05:00 level=INFO msg="Import failed" error="parent issue ac-4olo does not exist"
time=2026-02-22T22:42:35.539-05:00 level=INFO msg="Import triggered by file change"
time=2026-02-22T22:42:35.579-05:00 level=INFO msg="Starting auto-import" mode=auto-import
time=2026-02-22T22:42:36.144-05:00 level=INFO msg="File change detected" path=/Users/matthew/s-proj/main/.git/beads-worktrees/beads-sync/.beads/issues.jsonl
time=2026-02-22T22:42:36.153-05:00 level=INFO msg="Pulled sync branch" branch=beads-sync fast_forward=false merged=false
time=2026-02-22T22:42:36.153-05:00 level=INFO msg="🔍 Checking JSONL content hash AFTER pull (fix: auto-pull-not-pulling)"
time=2026-02-22T22:42:36.155-05:00 level=INFO msg="JSONL content changed, proceeding with operation..." mode=auto-import
time=2026-02-22T22:42:36.232-05:00 level=INFO msg="Import failed" error="parent issue ac-4olo does not exist"
time=2026-02-22T22:42:37.146-05:00 level=INFO msg="Import triggered by file change"
time=2026-02-22T22:42:37.187-05:00 level=INFO msg="Starting auto-import" mode=auto-import
time=2026-02-22T22:42:37.665-05:00 level=INFO msg="File change detected" path=/Users/matthew/s-proj/main/.git/beads-worktrees/beads-sync/.beads/issues.jsonl
time=2026-02-22T22:42:37.678-05:00 level=INFO msg="Pulled sync branch" branch=beads-sync fast_forward=false merged=false
time=2026-02-22T22:42:37.678-05:00 level=INFO msg="🔍 Checking JSONL content hash AFTER pull (fix: auto-pull-not-pulling)"
time=2026-02-22T22:42:37.680-05:00 level=INFO msg="JSONL content changed, proceeding with operation..." mode=auto-import
time=2026-02-22T22:42:37.756-05:00 level=INFO msg="Import failed" error="parent issue ac-4olo does not exist"
time=2026-02-22T22:42:38.665-05:00 level=INFO msg="Import triggered by file change"
time=2026-02-22T22:42:38.712-05:00 level=INFO msg="Starting auto-import" mode=auto-import
time=2026-02-22T22:42:39.155-05:00 level=INFO msg="File change detected" path=/Users/matthew/s-proj/main/.git/beads-worktrees/beads-sync/.beads/issues.jsonl
time=2026-02-22T22:42:39.170-05:00 level=INFO msg="Pulled sync branch" branch=beads-sync fast_forward=false merged=false
time=2026-02-22T22:42:39.170-05:00 level=INFO msg="🔍 Checking JSONL content hash AFTER pull (fix: auto-pull-not-pulling)"
time=2026-02-22T22:42:39.171-05:00 level=INFO msg="JSONL content changed, proceeding with operation..." mode=auto-import
time=2026-02-22T22:42:39.319-05:00 level=INFO msg="Import failed" error="parent issue ac-4olo does not exist"
time=2026-02-22T22:42:40.159-05:00 level=INFO msg="Import triggered by file change"
time=2026-02-22T22:42:40.199-05:00 level=INFO msg="Starting auto-import" mode=auto-import
time=2026-02-22T22:42:40.625-05:00 level=INFO msg="File change detected" path=/Users/matthew/s-proj/main/.git/beads-worktrees/beads-sync/.beads/issues.jsonl
time=2026-02-22T22:42:40.637-05:00 level=INFO msg="Pulled sync branch" branch=beads-sync fast_forward=false merged=false
time=2026-02-22T22:42:40.637-05:00 level=INFO msg="🔍 Checking JSONL content hash AFTER pull (fix: auto-pull-not-pulling)"
time=2026-02-22T22:42:40.638-05:00 level=INFO msg="JSONL content changed, proceeding with operation..." mode=auto-import
time=2026-02-22T22:42:40.714-05:00 level=INFO msg="Import failed" error="parent issue ac-4olo does not exist"
time=2026-02-22T22:42:41.628-05:00 level=INFO msg="Import triggered by file change"
time=2026-02-22T22:42:41.673-05:00 level=INFO msg="Starting auto-import" mode=auto-import
time=2026-02-22T22:42:42.116-05:00 level=INFO msg="File change detected" path=/Users/matthew/s-proj/main/.git/beads-worktrees/beads-sync/.beads/issues.jsonl
time=2026-02-22T22:42:42.126-05:00 level=INFO msg="Pulled sync branch" branch=beads-sync fast_forward=false merged=false
time=2026-02-22T22:42:42.126-05:00 level=INFO msg="🔍 Checking JSONL content hash AFTER pull (fix: auto-pull-not-pulling)"
time=2026-02-22T22:42:42.127-05:00 level=INFO msg="JSONL content changed, proceeding with operation..." mode=auto-import
time=2026-02-22T22:42:42.204-05:00 level=INFO msg="Import failed" error="parent issue ac-4olo does not exist"
time=2026-02-22T22:42:43.123-05:00 level=INFO msg="Import triggered by file change"
time=2026-02-22T22:42:43.166-05:00 level=INFO msg="Starting auto-import" mode=auto-import
time=2026-02-22T22:42:43.622-05:00 level=INFO msg="File change detected" path=/Users/matthew/s-proj/main/.git/beads-worktrees/beads-sync/.beads/issues.jsonl
time=2026-02-22T22:42:43.636-05:00 level=INFO msg="Pulled sync branch" branch=beads-sync fast_forward=false merged=false
time=2026-02-22T22:42:43.636-05:00 level=INFO msg="🔍 Checking JSONL content hash AFTER pull (fix: auto-pull-not-pulling)"
time=2026-02-22T22:42:43.638-05:00 level=INFO msg="JSONL content changed, proceeding with operation..." mode=auto-import
time=2026-02-22T22:42:43.714-05:00 level=INFO msg="Import failed" error="parent issue ac-4olo does not exist"
time=2026-02-22T22:42:44.625-05:00 level=INFO msg="Import triggered by file change"
time=2026-02-22T22:42:44.664-05:00 level=INFO msg="Starting auto-import" mode=auto-import
time=2026-02-22T22:42:45.128-05:00 level=INFO msg="File change detected" path=/Users/matthew/s-proj/main/.git/beads-worktrees/beads-sync/.beads/issues.jsonl
time=2026-02-22T22:42:45.145-05:00 level=INFO msg="Pulled sync branch" branch=beads-sync fast_forward=false merged=false
time=2026-02-22T22:42:45.145-05:00 level=INFO msg="🔍 Checking JSONL content hash AFTER pull (fix: auto-pull-not-pulling)"
time=2026-02-22T22:42:45.146-05:00 level=INFO msg="JSONL content changed, proceeding with operation..." mode=auto-import
time=2026-02-22T22:42:45.238-05:00 level=INFO msg="Import failed" error="parent issue ac-4olo does not exist"
time=2026-02-22T22:42:46.129-05:00 level=INFO msg="Import triggered by file change"
time=2026-02-22T22:42:46.174-05:00 level=INFO msg="Starting auto-import" mode=auto-import
time=2026-02-22T22:42:46.616-05:00 level=INFO msg="File change detected" path=/Users/matthew/s-proj/main/.git/beads-worktrees/beads-sync/.beads/issues.jsonl
time=2026-02-22T22:42:46.632-05:00 level=INFO msg="Pulled sync branch" branch=beads-sync fast_forward=false merged=false
time=2026-02-22T22:42:46.632-05:00 level=INFO msg="🔍 Checking JSONL content hash AFTER pull (fix: auto-pull-not-pulling)"
time=2026-02-22T22:42:46.633-05:00 level=INFO msg="JSONL content changed, proceeding with operation..." mode=auto-import
time=2026-02-22T22:42:46.709-05:00 level=INFO msg="Import failed" error="parent issue ac-4olo does not exist"
time=2026-02-22T22:42:47.618-05:00 level=INFO msg="Import triggered by file change"
time=2026-02-22T22:42:47.650-05:00 level=INFO msg="Starting auto-import" mode=auto-import
time=2026-02-22T22:42:48.131-05:00 level=INFO msg="File change detected" path=/Users/matthew/s-proj/main/.git/beads-worktrees/beads-sync/.beads/issues.jsonl
time=2026-02-22T22:42:48.161-05:00 level=INFO msg="Pulled sync branch" branch=beads-sync fast_forward=false merged=false
time=2026-02-22T22:42:48.161-05:00 level=INFO msg="🔍 Checking JSONL content hash AFTER pull (fix: auto-pull-not-pulling)"
time=2026-02-22T22:42:48.164-05:00 level=INFO msg="JSONL content changed, proceeding with operation..." mode=auto-import
time=2026-02-22T22:42:48.307-05:00 level=INFO msg="Import failed" error="parent issue ac-4olo does not exist"
time=2026-02-22T22:42:49.136-05:00 level=INFO msg="Import triggered by file change"
time=2026-02-22T22:42:49.162-05:00 level=INFO msg="Starting auto-import" mode=auto-import
time=2026-02-22T22:42:49.600-05:00 level=INFO msg="File change detected" path=/Users/matthew/s-proj/main/.git/beads-worktrees/beads-sync/.beads/issues.jsonl
time=2026-02-22T22:42:49.613-05:00 level=INFO msg="Pulled sync branch" branch=beads-sync fast_forward=false merged=false
time=2026-02-22T22:42:49.613-05:00 level=INFO msg="🔍 Checking JSONL content hash AFTER pull (fix: auto-pull-not-pulling)"
time=2026-02-22T22:42:49.614-05:00 level=INFO msg="JSONL content changed, proceeding with operation..." mode=auto-import
time=2026-02-22T22:42:49.687-05:00 level=INFO msg="Import failed" error="parent issue ac-4olo does not exist"
time=2026-02-22T22:42:50.603-05:00 level=INFO msg="Import triggered by file change"
time=2026-02-22T22:42:50.621-05:00 level=INFO msg="Starting auto-import" mode=auto-import
time=2026-02-22T22:42:51.025-05:00 level=INFO msg="File change detected" path=/Users/matthew/s-proj/main/.git/beads-worktrees/beads-sync/.beads/issues.jsonl
time=2026-02-22T22:42:51.038-05:00 level=INFO msg="Pulled sync branch" branch=beads-sync fast_forward=false merged=false
time=2026-02-22T22:42:51.038-05:00 level=INFO msg="🔍 Checking JSONL content hash AFTER pull (fix: auto-pull-not-pulling)"
time=2026-02-22T22:42:51.039-05:00 level=INFO msg="JSONL content changed, proceeding with operation..." mode=auto-import
time=2026-02-22T22:42:51.113-05:00 level=INFO msg="Import failed" error="parent issue ac-4olo does not exist"
time=2026-02-22T22:42:52.028-05:00 level=INFO msg="Import triggered by file change"
time=2026-02-22T22:42:52.071-05:00 level=INFO msg="Starting auto-import" mode=auto-import
time=2026-02-22T22:42:52.790-05:00 level=INFO msg="File change detected" path=/Users/matthew/s-proj/main/.git/beads-worktrees/beads-sync/.beads/issues.jsonl
time=2026-02-22T22:42:52.806-05:00 level=INFO msg="Pulled sync branch" branch=beads-sync fast_forward=false merged=false
time=2026-02-22T22:42:52.806-05:00 level=INFO msg="🔍 Checking JSONL content hash AFTER pull (fix: auto-pull-not-pulling)"
time=2026-02-22T22:42:52.807-05:00 level=INFO msg="JSONL content changed, proceeding with operation..." mode=auto-import
time=2026-02-22T22:42:52.884-05:00 level=INFO msg="Import failed" error="parent issue ac-4olo does not exist"
time=2026-02-22T22:42:53.793-05:00 level=INFO msg="Import triggered by file change"
time=2026-02-22T22:42:53.837-05:00 level=INFO msg="Starting auto-import" mode=auto-import
time=2026-02-22T22:42:54.489-05:00 level=INFO msg="File change detected" path=/Users/matthew/s-proj/main/.git/beads-worktrees/beads-sync/.beads/issues.jsonl
time=2026-02-22T22:42:54.502-05:00 level=INFO msg="Pulled sync branch" branch=beads-sync fast_forward=false merged=false
time=2026-02-22T22:42:54.502-05:00 level=INFO msg="🔍 Checking JSONL content hash AFTER pull (fix: auto-pull-not-pulling)"
time=2026-02-22T22:42:54.504-05:00 level=INFO msg="JSONL content changed, proceeding with operation..." mode=auto-import
time=2026-02-22T22:42:54.583-05:00 level=INFO msg="Import failed" error="parent issue ac-4olo does not exist"
time=2026-02-22T22:42:55.492-05:00 level=INFO msg="Import triggered by file change"
time=2026-02-22T22:42:55.526-05:00 level=INFO msg="Starting auto-import" mode=auto-import
time=2026-02-22T22:42:56.216-05:00 level=INFO msg="File change detected" path=/Users/matthew/s-proj/main/.git/beads-worktrees/beads-sync/.beads/issues.jsonl
time=2026-02-22T22:42:56.230-05:00 level=INFO msg="Pulled sync branch" branch=beads-sync fast_forward=false merged=false
time=2026-02-22T22:42:56.230-05:00 level=INFO msg="🔍 Checking JSONL content hash AFTER pull (fix: auto-pull-not-pulling)"
time=2026-02-22T22:42:56.231-05:00 level=INFO msg="JSONL content changed, proceeding with operation..." mode=auto-import
time=2026-02-22T22:42:56.310-05:00 level=INFO msg="Import failed" error="parent issue ac-4olo does not exist"
time=2026-02-22T22:42:57.219-05:00 level=INFO msg="Import triggered by file change"
time=2026-02-22T22:42:57.252-05:00 level=INFO msg="Starting auto-import" mode=auto-import
time=2026-02-22T22:42:57.920-05:00 level=INFO msg="File change detected" path=/Users/matthew/s-proj/main/.git/beads-worktrees/beads-sync/.beads/issues.jsonl
time=2026-02-22T22:42:57.935-05:00 level=INFO msg="Pulled sync branch" branch=beads-sync fast_forward=false merged=false
time=2026-02-22T22:42:57.935-05:00 level=INFO msg="🔍 Checking JSONL content hash AFTER pull (fix: auto-pull-not-pulling)"
time=2026-02-22T22:42:57.936-05:00 level=INFO msg="JSONL content changed, proceeding with operation..." mode=auto-import
time=2026-02-22T22:42:58.014-05:00 level=INFO msg="Import failed" error="parent issue ac-4olo does not exist"
time=2026-02-22T22:42:58.922-05:00 level=INFO msg="Import triggered by file change"
time=2026-02-22T22:42:58.957-05:00 level=INFO msg="Starting auto-import" mode=auto-import
time=2026-02-22T22:42:59.743-05:00 level=INFO msg="File change detected" path=/Users/matthew/s-proj/main/.git/beads-worktrees/beads-sync/.beads/issues.jsonl
time=2026-02-22T22:42:59.759-05:00 level=INFO msg="Pulled sync branch" branch=beads-sync fast_forward=false merged=false
time=2026-02-22T22:42:59.759-05:00 level=INFO msg="🔍 Checking JSONL content hash AFTER pull (fix: auto-pull-not-pulling)"
time=2026-02-22T22:42:59.760-05:00 level=INFO msg="JSONL content changed, proceeding with operation..." mode=auto-import
time=2026-02-22T22:42:59.838-05:00 level=INFO msg="Import failed" error="parent issue ac-4olo does not exist"
time=2026-02-22T22:43:00.746-05:00 level=INFO msg="Import triggered by file change"
time=2026-02-22T22:43:00.792-05:00 level=INFO msg="Starting auto-import" mode=auto-import
time=2026-02-22T22:43:01.467-05:00 level=INFO msg="File change detected" path=/Users/matthew/s-proj/main/.git/beads-worktrees/beads-sync/.beads/issues.jsonl
time=2026-02-22T22:43:01.481-05:00 level=INFO msg="Pulled sync branch" branch=beads-sync fast_forward=false merged=false
time=2026-02-22T22:43:01.482-05:00 level=INFO msg="🔍 Checking JSONL content hash AFTER pull (fix: auto-pull-not-pulling)"
time=2026-02-22T22:43:01.483-05:00 level=INFO msg="JSONL content changed, proceeding with operation..." mode=auto-import
time=2026-02-22T22:43:01.560-05:00 level=INFO msg="Import failed" error="parent issue ac-4olo does not exist"
time=2026-02-22T22:43:02.469-05:00 level=INFO msg="Import triggered by file change"
time=2026-02-22T22:43:02.503-05:00 level=INFO msg="Starting auto-import" mode=auto-import
time=2026-02-22T22:43:03.202-05:00 level=INFO msg="File change detected" path=/Users/matthew/s-proj/main/.git/beads-worktrees/beads-sync/.beads/issues.jsonl
time=2026-02-22T22:43:03.220-05:00 level=INFO msg="Pulled sync branch" branch=beads-sync fast_forward=false merged=false
time=2026-02-22T22:43:03.220-05:00 level=INFO msg="🔍 Checking JSONL content hash AFTER pull (fix: auto-pull-not-pulling)"
time=2026-02-22T22:43:03.222-05:00 level=INFO msg="JSONL content changed, proceeding with operation..." mode=auto-import
time=2026-02-22T22:43:03.301-05:00 level=INFO msg="Import failed" error="parent issue ac-4olo does not exist"
time=2026-02-22T22:43:04.204-05:00 level=INFO msg="Import triggered by file change"
time=2026-02-22T22:43:04.237-05:00 level=INFO msg="Starting auto-import" mode=auto-import
time=2026-02-22T22:43:04.902-05:00 level=INFO msg="File change detected" path=/Users/matthew/s-proj/main/.git/beads-worktrees/beads-sync/.beads/issues.jsonl
time=2026-02-22T22:43:04.917-05:00 level=INFO msg="Pulled sync branch" branch=beads-sync fast_forward=false merged=false
time=2026-02-22T22:43:04.917-05:00 level=INFO msg="🔍 Checking JSONL content hash AFTER pull (fix: auto-pull-not-pulling)"
time=2026-02-22T22:43:04.918-05:00 level=INFO msg="JSONL content changed, proceeding with operation..." mode=auto-import
time=2026-02-22T22:43:04.996-05:00 level=INFO msg="Import failed" error="parent issue ac-4olo does not exist"
time=2026-02-22T22:43:05.904-05:00 level=INFO msg="Import triggered by file change"
time=2026-02-22T22:43:05.938-05:00 level=INFO msg="Starting auto-import" mode=auto-import
time=2026-02-22T22:43:06.671-05:00 level=INFO msg="File change detected" path=/Users/matthew/s-proj/main/.git/beads-worktrees/beads-sync/.beads/issues.jsonl
time=2026-02-22T22:43:06.692-05:00 level=INFO msg="Pulled sync branch" branch=beads-sync fast_forward=false merged=false
time=2026-02-22T22:43:06.692-05:00 level=INFO msg="🔍 Checking JSONL content hash AFTER pull (fix: auto-pull-not-pulling)"
time=2026-02-22T22:43:06.693-05:00 level=INFO msg="JSONL content changed, proceeding with operation..." mode=auto-import
time=2026-02-22T22:43:06.773-05:00 level=INFO msg="Import failed" error="parent issue ac-4olo does not exist"
time=2026-02-22T22:43:07.674-05:00 level=INFO msg="Import triggered by file change"
time=2026-02-22T22:43:07.722-05:00 level=INFO msg="Starting auto-import" mode=auto-import
time=2026-02-22T22:43:08.427-05:00 level=INFO msg="File change detected" path=/Users/matthew/s-proj/main/.git/beads-worktrees/beads-sync/.beads/issues.jsonl
time=2026-02-22T22:43:08.443-05:00 level=INFO msg="Pulled sync branch" branch=beads-sync fast_forward=false merged=false
time=2026-02-22T22:43:08.443-05:00 level=INFO msg="🔍 Checking JSONL content hash AFTER pull (fix: auto-pull-not-pulling)"
time=2026-02-22T22:43:08.445-05:00 level=INFO msg="JSONL content changed, proceeding with operation..." mode=auto-import
time=2026-02-22T22:43:08.527-05:00 level=INFO msg="Import failed" error="parent issue ac-4olo does not exist"
time=2026-02-22T22:43:09.430-05:00 level=INFO msg="Import triggered by file change"
time=2026-02-22T22:43:09.473-05:00 level=INFO msg="Starting auto-import" mode=auto-import
time=2026-02-22T22:43:10.188-05:00 level=INFO msg="File change detected" path=/Users/matthew/s-proj/main/.git/beads-worktrees/beads-sync/.beads/issues.jsonl
time=2026-02-22T22:43:10.202-05:00 level=INFO msg="Pulled sync branch" branch=beads-sync fast_forward=false merged=false
time=2026-02-22T22:43:10.202-05:00 level=INFO msg="🔍 Checking JSONL content hash AFTER pull (fix: auto-pull-not-pulling)"
time=2026-02-22T22:43:10.203-05:00 level=INFO msg="JSONL content changed, proceeding with operation..." mode=auto-import
time=2026-02-22T22:43:10.296-05:00 level=INFO msg="Import failed" error="parent issue ac-4olo does not exist"
time=2026-02-22T22:43:11.190-05:00 level=INFO msg="Import triggered by file change"
time=2026-02-22T22:43:11.241-05:00 level=INFO msg="Starting auto-import" mode=auto-import
time=2026-02-22T22:43:11.938-05:00 level=INFO msg="File change detected" path=/Users/matthew/s-proj/main/.git/beads-worktrees/beads-sync/.beads/issues.jsonl
time=2026-02-22T22:43:11.952-05:00 level=INFO msg="Pulled sync branch" branch=beads-sync fast_forward=false merged=false
time=2026-02-22T22:43:11.952-05:00 level=INFO msg="🔍 Checking JSONL content hash AFTER pull (fix: auto-pull-not-pulling)"
time=2026-02-22T22:43:11.954-05:00 level=INFO msg="JSONL content changed, proceeding with operation..." mode=auto-import
time=2026-02-22T22:43:12.033-05:00 level=INFO msg="Import failed" error="parent issue ac-4olo does not exist"
time=2026-02-22T22:43:12.939-05:00 level=INFO msg="Import triggered by file change"
time=2026-02-22T22:43:12.995-05:00 level=INFO msg="Starting auto-import" mode=auto-import
time=2026-02-22T22:43:13.469-05:00 level=INFO msg="File change detected" path=/Users/matthew/s-proj/main/.git/beads-worktrees/beads-sync/.beads/issues.jsonl
time=2026-02-22T22:43:13.478-05:00 level=INFO msg="Pulled sync branch" branch=beads-sync fast_forward=false merged=false
time=2026-02-22T22:43:13.478-05:00 level=INFO msg="🔍 Checking JSONL content hash AFTER pull (fix: auto-pull-not-pulling)"
time=2026-02-22T22:43:13.479-05:00 level=INFO msg="JSONL content changed, proceeding with operation..." mode=auto-import
time=2026-02-22T22:43:13.622-05:00 level=INFO msg="Import failed" error="parent issue ac-4olo does not exist"
time=2026-02-22T22:43:14.472-05:00 level=INFO msg="Import triggered by file change"
time=2026-02-22T22:43:14.515-05:00 level=INFO msg="Starting auto-import" mode=auto-import
time=2026-02-22T22:43:15.118-05:00 level=INFO msg="File change detected" path=/Users/matthew/s-proj/main/.git/beads-worktrees/beads-sync/.beads/issues.jsonl
time=2026-02-22T22:43:15.131-05:00 level=INFO msg="Pulled sync branch" branch=beads-sync fast_forward=false merged=false
time=2026-02-22T22:43:15.131-05:00 level=INFO msg="🔍 Checking JSONL content hash AFTER pull (fix: auto-pull-not-pulling)"
time=2026-02-22T22:43:15.132-05:00 level=INFO msg="JSONL content changed, proceeding with operation..." mode=auto-import
time=2026-02-22T22:43:15.209-05:00 level=INFO msg="Import failed" error="parent issue ac-4olo does not exist"
time=2026-02-22T22:43:16.121-05:00 level=INFO msg="Import triggered by file change"
time=2026-02-22T22:43:16.162-05:00 level=INFO msg="Starting auto-import" mode=auto-import
time=2026-02-22T22:43:16.643-05:00 level=INFO msg="File change detected" path=/Users/matthew/s-proj/main/.git/beads-worktrees/beads-sync/.beads/issues.jsonl
time=2026-02-22T22:43:16.655-05:00 level=INFO msg="Pulled sync branch" branch=beads-sync fast_forward=false merged=false
time=2026-02-22T22:43:16.655-05:00 level=INFO msg="🔍 Checking JSONL content hash AFTER pull (fix: auto-pull-not-pulling)"
time=2026-02-22T22:43:16.656-05:00 level=INFO msg="JSONL content changed, proceeding with operation..." mode=auto-import
time=2026-02-22T22:43:16.732-05:00 level=INFO msg="Import failed" error="parent issue ac-4olo does not exist"
time=2026-02-22T22:43:17.646-05:00 level=INFO msg="Import triggered by file change"
time=2026-02-22T22:43:17.681-05:00 level=INFO msg="Starting auto-import" mode=auto-import
time=2026-02-22T22:43:18.155-05:00 level=INFO msg="File change detected" path=/Users/matthew/s-proj/main/.git/beads-worktrees/beads-sync/.beads/issues.jsonl
time=2026-02-22T22:43:18.168-05:00 level=INFO msg="Pulled sync branch" branch=beads-sync fast_forward=false merged=false
time=2026-02-22T22:43:18.168-05:00 level=INFO msg="🔍 Checking JSONL content hash AFTER pull (fix: auto-pull-not-pulling)"
time=2026-02-22T22:43:18.169-05:00 level=INFO msg="JSONL content changed, proceeding with operation..." mode=auto-import
time=2026-02-22T22:43:18.247-05:00 level=INFO msg="Import failed" error="parent issue ac-4olo does not exist"
time=2026-02-22T22:43:19.156-05:00 level=INFO msg="Import triggered by file change"
time=2026-02-22T22:43:19.189-05:00 level=INFO msg="Starting auto-import" mode=auto-import
time=2026-02-22T22:43:19.662-05:00 level=INFO msg="File change detected" path=/Users/matthew/s-proj/main/.git/beads-worktrees/beads-sync/.beads/issues.jsonl
time=2026-02-22T22:43:19.677-05:00 level=INFO msg="Pulled sync branch" branch=beads-sync fast_forward=false merged=false
time=2026-02-22T22:43:19.677-05:00 level=INFO msg="🔍 Checking JSONL content hash AFTER pull (fix: auto-pull-not-pulling)"
time=2026-02-22T22:43:19.678-05:00 level=INFO msg="JSONL content changed, proceeding with operation..." mode=auto-import
time=2026-02-22T22:43:19.756-05:00 level=INFO msg="Import failed" error="parent issue ac-4olo does not exist"
time=2026-02-22T22:43:20.664-05:00 level=INFO msg="Import triggered by file change"
time=2026-02-22T22:43:20.686-05:00 level=INFO msg="Starting auto-import" mode=auto-import
time=2026-02-22T22:43:21.321-05:00 level=INFO msg="File change detected" path=/Users/matthew/s-proj/main/.git/beads-worktrees/beads-sync/.beads/issues.jsonl
time=2026-02-22T22:43:21.335-05:00 level=INFO msg="Pulled sync branch" branch=beads-sync fast_forward=false merged=false
time=2026-02-22T22:43:21.335-05:00 level=INFO msg="🔍 Checking JSONL content hash AFTER pull (fix: auto-pull-not-pulling)"
time=2026-02-22T22:43:21.336-05:00 level=INFO msg="JSONL content changed, proceeding with operation..." mode=auto-import
time=2026-02-22T22:43:21.416-05:00 level=INFO msg="Import failed" error="parent issue ac-4olo does not exist"
time=2026-02-22T22:43:22.323-05:00 level=INFO msg="Import triggered by file change"
time=2026-02-22T22:43:22.364-05:00 level=INFO msg="Starting auto-import" mode=auto-import
time=2026-02-22T22:43:22.959-05:00 level=INFO msg="File change detected" path=/Users/matthew/s-proj/main/.git/beads-worktrees/beads-sync/.beads/issues.jsonl
time=2026-02-22T22:43:22.971-05:00 level=INFO msg="Pulled sync branch" branch=beads-sync fast_forward=false merged=false
time=2026-02-22T22:43:22.971-05:00 level=INFO msg="🔍 Checking JSONL content hash AFTER pull (fix: auto-pull-not-pulling)"
time=2026-02-22T22:43:22.972-05:00 level=INFO msg="JSONL content changed, proceeding with operation..." mode=auto-import
time=2026-02-22T22:43:23.049-05:00 level=INFO msg="Import failed" error="parent issue ac-4olo does not exist"
time=2026-02-22T22:43:23.962-05:00 level=INFO msg="Import triggered by file change"
time=2026-02-22T22:43:24.007-05:00 level=INFO msg="Starting auto-import" mode=auto-import
time=2026-02-22T22:43:24.465-05:00 level=INFO msg="File change detected" path=/Users/matthew/s-proj/main/.git/beads-worktrees/beads-sync/.beads/issues.jsonl
time=2026-02-22T22:43:24.477-05:00 level=INFO msg="Pulled sync branch" branch=beads-sync fast_forward=false merged=false
time=2026-02-22T22:43:24.477-05:00 level=INFO msg="🔍 Checking JSONL content hash AFTER pull (fix: auto-pull-not-pulling)"
time=2026-02-22T22:43:24.478-05:00 level=INFO msg="JSONL content changed, proceeding with operation..." mode=auto-import
time=2026-02-22T22:43:24.554-05:00 level=INFO msg="Import failed" error="parent issue ac-4olo does not exist"
time=2026-02-22T22:43:25.468-05:00 level=INFO msg="Import triggered by file change"
time=2026-02-22T22:43:25.507-05:00 level=INFO msg="Starting auto-import" mode=auto-import
time=2026-02-22T22:43:25.992-05:00 level=INFO msg="File change detected" path=/Users/matthew/s-proj/main/.git/beads-worktrees/beads-sync/.beads/issues.jsonl
time=2026-02-22T22:43:26.008-05:00 level=INFO msg="Pulled sync branch" branch=beads-sync fast_forward=false merged=false
time=2026-02-22T22:43:26.008-05:00 level=INFO msg="🔍 Checking JSONL content hash AFTER pull (fix: auto-pull-not-pulling)"
time=2026-02-22T22:43:26.008-05:00 level=INFO msg="JSONL content changed, proceeding with operation..." mode=auto-import
time=2026-02-22T22:43:26.085-05:00 level=INFO msg="Import failed" error="parent issue ac-4olo does not exist"
time=2026-02-22T22:43:26.995-05:00 level=INFO msg="Import triggered by file change"
time=2026-02-22T22:43:27.046-05:00 level=INFO msg="Starting auto-import" mode=auto-import
time=2026-02-22T22:43:27.484-05:00 level=INFO msg="File change detected" path=/Users/matthew/s-proj/main/.git/beads-worktrees/beads-sync/.beads/issues.jsonl
time=2026-02-22T22:43:27.499-05:00 level=INFO msg="Pulled sync branch" branch=beads-sync fast_forward=false merged=false
time=2026-02-22T22:43:27.499-05:00 level=INFO msg="🔍 Checking JSONL content hash AFTER pull (fix: auto-pull-not-pulling)"
time=2026-02-22T22:43:27.501-05:00 level=INFO msg="JSONL content changed, proceeding with operation..." mode=auto-import
time=2026-02-22T22:43:27.577-05:00 level=INFO msg="Import failed" error="parent issue ac-4olo does not exist"
time=2026-02-22T22:43:28.486-05:00 level=INFO msg="Import triggered by file change"
time=2026-02-22T22:43:28.524-05:00 level=INFO msg="Starting auto-import" mode=auto-import
time=2026-02-22T22:43:28.975-05:00 level=INFO msg="File change detected" path=/Users/matthew/s-proj/main/.git/beads-worktrees/beads-sync/.beads/issues.jsonl
time=2026-02-22T22:43:28.988-05:00 level=INFO msg="Pulled sync branch" branch=beads-sync fast_forward=false merged=false
time=2026-02-22T22:43:28.988-05:00 level=INFO msg="🔍 Checking JSONL content hash AFTER pull (fix: auto-pull-not-pulling)"
time=2026-02-22T22:43:28.990-05:00 level=INFO msg="JSONL content changed, proceeding with operation..." mode=auto-import
time=2026-02-22T22:43:29.065-05:00 level=INFO msg="Import failed" error="parent issue ac-4olo does not exist"
time=2026-02-22T22:43:29.976-05:00 level=INFO msg="Import triggered by file change"
time=2026-02-22T22:43:30.009-05:00 level=INFO msg="Starting auto-import" mode=auto-import
time=2026-02-22T22:43:30.563-05:00 level=INFO msg="File change detected" path=/Users/matthew/s-proj/main/.git/beads-worktrees/beads-sync/.beads/issues.jsonl
time=2026-02-22T22:43:30.575-05:00 level=INFO msg="Pulled sync branch" branch=beads-sync fast_forward=false merged=false
time=2026-02-22T22:43:30.575-05:00 level=INFO msg="🔍 Checking JSONL content hash AFTER pull (fix: auto-pull-not-pulling)"
time=2026-02-22T22:43:30.576-05:00 level=INFO msg="JSONL content changed, proceeding with operation..." mode=auto-import
time=2026-02-22T22:43:30.654-05:00 level=INFO msg="Import failed" error="parent issue ac-4olo does not exist"
time=2026-02-22T22:43:31.564-05:00 level=INFO msg="Import triggered by file change"
time=2026-02-22T22:43:31.609-05:00 level=INFO msg="Starting auto-import" mode=auto-import
time=2026-02-22T22:43:32.216-05:00 level=INFO msg="File change detected" path=/Users/matthew/s-proj/main/.git/beads-worktrees/beads-sync/.beads/issues.jsonl
time=2026-02-22T22:43:32.230-05:00 level=INFO msg="Pulled sync branch" branch=beads-sync fast_forward=false merged=false
time=2026-02-22T22:43:32.231-05:00 level=INFO msg="🔍 Checking JSONL content hash AFTER pull (fix: auto-pull-not-pulling)"
time=2026-02-22T22:43:32.232-05:00 level=INFO msg="JSONL content changed, proceeding with operation..." mode=auto-import
time=2026-02-22T22:43:32.310-05:00 level=INFO msg="Import failed" error="parent issue ac-4olo does not exist"
time=2026-02-22T22:43:33.218-05:00 level=INFO msg="Import triggered by file change"
time=2026-02-22T22:43:33.243-05:00 level=INFO msg="Starting auto-import" mode=auto-import
time=2026-02-22T22:43:33.707-05:00 level=INFO msg="File change detected" path=/Users/matthew/s-proj/main/.git/beads-worktrees/beads-sync/.beads/issues.jsonl
time=2026-02-22T22:43:33.720-05:00 level=INFO msg="Pulled sync branch" branch=beads-sync fast_forward=false merged=false
time=2026-02-22T22:43:33.720-05:00 level=INFO msg="🔍 Checking JSONL content hash AFTER pull (fix: auto-pull-not-pulling)"
time=2026-02-22T22:43:33.721-05:00 level=INFO msg="JSONL content changed, proceeding with operation..." mode=auto-import
time=2026-02-22T22:43:33.798-05:00 level=INFO msg="Import failed" error="parent issue ac-4olo does not exist"
time=2026-02-22T22:43:34.709-05:00 level=INFO msg="Import triggered by file change"
time=2026-02-22T22:43:34.734-05:00 level=INFO msg="Starting auto-import" mode=auto-import
time=2026-02-22T22:43:35.214-05:00 level=INFO msg="File change detected" path=/Users/matthew/s-proj/main/.git/beads-worktrees/beads-sync/.beads/issues.jsonl
time=2026-02-22T22:43:35.227-05:00 level=INFO msg="Pulled sync branch" branch=beads-sync fast_forward=false merged=false
time=2026-02-22T22:43:35.227-05:00 level=INFO msg="🔍 Checking JSONL content hash AFTER pull (fix: auto-pull-not-pulling)"
time=2026-02-22T22:43:35.228-05:00 level=INFO msg="JSONL content changed, proceeding with operation..." mode=auto-import
time=2026-02-22T22:43:35.306-05:00 level=INFO msg="Import failed" error="parent issue ac-4olo does not exist"
time=2026-02-22T22:43:36.216-05:00 level=INFO msg="Import triggered by file change"
time=2026-02-22T22:43:36.265-05:00 level=INFO msg="Starting auto-import" mode=auto-import
time=2026-02-22T22:43:36.749-05:00 level=INFO msg="File change detected" path=/Users/matthew/s-proj/main/.git/beads-worktrees/beads-sync/.beads/issues.jsonl
time=2026-02-22T22:43:36.763-05:00 level=INFO msg="Pulled sync branch" branch=beads-sync fast_forward=false merged=false
time=2026-02-22T22:43:36.763-05:00 level=INFO msg="🔍 Checking JSONL content hash AFTER pull (fix: auto-pull-not-pulling)"
time=2026-02-22T22:43:36.764-05:00 level=INFO msg="JSONL content changed, proceeding with operation..." mode=auto-import
time=2026-02-22T22:43:36.843-05:00 level=INFO msg="Import failed" error="parent issue ac-4olo does not exist"
time=2026-02-22T22:43:37.754-05:00 level=INFO msg="Import triggered by file change"
time=2026-02-22T22:43:37.782-05:00 level=INFO msg="Starting auto-import" mode=auto-import
time=2026-02-22T22:43:38.359-05:00 level=INFO msg="File change detected" path=/Users/matthew/s-proj/main/.git/beads-worktrees/beads-sync/.beads/issues.jsonl
time=2026-02-22T22:43:38.376-05:00 level=INFO msg="Pulled sync branch" branch=beads-sync fast_forward=false merged=false
time=2026-02-22T22:43:38.376-05:00 level=INFO msg="🔍 Checking JSONL content hash AFTER pull (fix: auto-pull-not-pulling)"
time=2026-02-22T22:43:38.377-05:00 level=INFO msg="JSONL content changed, proceeding with operation..." mode=auto-import
time=2026-02-22T22:43:38.455-05:00 level=INFO msg="Import failed" error="parent issue ac-4olo does not exist"
time=2026-02-22T22:43:39.361-05:00 level=INFO msg="Import triggered by file change"
time=2026-02-22T22:43:39.404-05:00 level=INFO msg="Starting auto-import" mode=auto-import
time=2026-02-22T22:43:39.957-05:00 level=INFO msg="File change detected" path=/Users/matthew/s-proj/main/.git/beads-worktrees/beads-sync/.beads/issues.jsonl
time=2026-02-22T22:43:39.971-05:00 level=INFO msg="Pulled sync branch" branch=beads-sync fast_forward=false merged=false
time=2026-02-22T22:43:39.971-05:00 level=INFO msg="🔍 Checking JSONL content hash AFTER pull (fix: auto-pull-not-pulling)"
time=2026-02-22T22:43:39.972-05:00 level=INFO msg="JSONL content changed, proceeding with operation..." mode=auto-import
time=2026-02-22T22:43:40.050-05:00 level=INFO msg="Import failed" error="parent issue ac-4olo does not exist"
time=2026-02-22T22:43:40.961-05:00 level=INFO msg="Import triggered by file change"
time=2026-02-22T22:43:41.004-05:00 level=INFO msg="Starting auto-import" mode=auto-import
time=2026-02-22T22:43:41.523-05:00 level=INFO msg="File change detected" path=/Users/matthew/s-proj/main/.git/beads-worktrees/beads-sync/.beads/issues.jsonl
time=2026-02-22T22:43:41.539-05:00 level=INFO msg="Pulled sync branch" branch=beads-sync fast_forward=false merged=false
time=2026-02-22T22:43:41.539-05:00 level=INFO msg="🔍 Checking JSONL content hash AFTER pull (fix: auto-pull-not-pulling)"
time=2026-02-22T22:43:41.541-05:00 level=INFO msg="JSONL content changed, proceeding with operation..." mode=auto-import
time=2026-02-22T22:43:41.622-05:00 level=INFO msg="Import failed" error="parent issue ac-4olo does not exist"
time=2026-02-22T22:43:42.525-05:00 level=INFO msg="Import triggered by file change"
time=2026-02-22T22:43:42.584-05:00 level=INFO msg="Starting auto-import" mode=auto-import
time=2026-02-22T22:43:43.203-05:00 level=INFO msg="File change detected" path=/Users/matthew/s-proj/main/.git/beads-worktrees/beads-sync/.beads/issues.jsonl
time=2026-02-22T22:43:43.219-05:00 level=INFO msg="Pulled sync branch" branch=beads-sync fast_forward=false merged=false
time=2026-02-22T22:43:43.219-05:00 level=INFO msg="🔍 Checking JSONL content hash AFTER pull (fix: auto-pull-not-pulling)"
time=2026-02-22T22:43:43.220-05:00 level=INFO msg="JSONL content changed, proceeding with operation..." mode=auto-import
time=2026-02-22T22:43:43.301-05:00 level=INFO msg="Import failed" error="parent issue ac-4olo does not exist"
time=2026-02-22T22:43:44.213-05:00 level=INFO msg="Import triggered by file change"
time=2026-02-22T22:43:44.258-05:00 level=INFO msg="Starting auto-import" mode=auto-import
time=2026-02-22T22:43:44.773-05:00 level=INFO msg="File change detected" path=/Users/matthew/s-proj/main/.git/beads-worktrees/beads-sync/.beads/issues.jsonl
time=2026-02-22T22:43:44.791-05:00 level=INFO msg="Pulled sync branch" branch=beads-sync fast_forward=false merged=false
time=2026-02-22T22:43:44.791-05:00 level=INFO msg="🔍 Checking JSONL content hash AFTER pull (fix: auto-pull-not-pulling)"
time=2026-02-22T22:43:44.793-05:00 level=INFO msg="JSONL content changed, proceeding with operation..." mode=auto-import
time=2026-02-22T22:43:44.872-05:00 level=INFO msg="Import failed" error="parent issue ac-4olo does not exist"
time=2026-02-22T22:43:45.774-05:00 level=INFO msg="Import triggered by file change"
time=2026-02-22T22:43:45.822-05:00 level=INFO msg="Starting auto-import" mode=auto-import
time=2026-02-22T22:43:46.441-05:00 level=INFO msg="File change detected" path=/Users/matthew/s-proj/main/.git/beads-worktrees/beads-sync/.beads/issues.jsonl
time=2026-02-22T22:43:46.455-05:00 level=INFO msg="Pulled sync branch" branch=beads-sync fast_forward=false merged=false
time=2026-02-22T22:43:46.455-05:00 level=INFO msg="🔍 Checking JSONL content hash AFTER pull (fix: auto-pull-not-pulling)"
time=2026-02-22T22:43:46.457-05:00 level=INFO msg="JSONL content changed, proceeding with operation..." mode=auto-import
time=2026-02-22T22:43:46.535-05:00 level=INFO msg="Import failed" error="parent issue ac-4olo does not exist"
time=2026-02-22T22:43:47.444-05:00 level=INFO msg="Import triggered by file change"
time=2026-02-22T22:43:47.481-05:00 level=INFO msg="Starting auto-import" mode=auto-import
time=2026-02-22T22:43:47.937-05:00 level=INFO msg="File change detected" path=/Users/matthew/s-proj/main/.git/beads-worktrees/beads-sync/.beads/issues.jsonl
time=2026-02-22T22:43:47.952-05:00 level=INFO msg="Pulled sync branch" branch=beads-sync fast_forward=false merged=false
time=2026-02-22T22:43:47.952-05:00 level=INFO msg="🔍 Checking JSONL content hash AFTER pull (fix: auto-pull-not-pulling)"
time=2026-02-22T22:43:47.953-05:00 level=INFO msg="JSONL content changed, proceeding with operation..." mode=auto-import
time=2026-02-22T22:43:48.032-05:00 level=INFO msg="Import failed" error="parent issue ac-4olo does not exist"
time=2026-02-22T22:43:48.940-05:00 level=INFO msg="Import triggered by file change"
time=2026-02-22T22:43:48.995-05:00 level=INFO msg="Starting auto-import" mode=auto-import
time=2026-02-22T22:43:49.535-05:00 level=INFO msg="File change detected" path=/Users/matthew/s-proj/main/.git/beads-worktrees/beads-sync/.beads/issues.jsonl
time=2026-02-22T22:43:49.546-05:00 level=INFO msg="Pulled sync branch" branch=beads-sync fast_forward=false merged=false
time=2026-02-22T22:43:49.547-05:00 level=INFO msg="🔍 Checking JSONL content hash AFTER pull (fix: auto-pull-not-pulling)"
time=2026-02-22T22:43:49.547-05:00 level=INFO msg="JSONL content changed, proceeding with operation..." mode=auto-import
time=2026-02-22T22:43:49.625-05:00 level=INFO msg="Import failed" error="parent issue ac-4olo does not exist"
time=2026-02-22T22:43:50.543-05:00 level=INFO msg="Import triggered by file change"
time=2026-02-22T22:43:50.603-05:00 level=INFO msg="Starting auto-import" mode=auto-import
time=2026-02-22T22:43:51.140-05:00 level=INFO msg="File change detected" path=/Users/matthew/s-proj/main/.git/beads-worktrees/beads-sync/.beads/issues.jsonl
time=2026-02-22T22:43:51.155-05:00 level=INFO msg="Pulled sync branch" branch=beads-sync fast_forward=false merged=false
time=2026-02-22T22:43:51.155-05:00 level=INFO msg="🔍 Checking JSONL content hash AFTER pull (fix: auto-pull-not-pulling)"
time=2026-02-22T22:43:51.156-05:00 level=INFO msg="JSONL content changed, proceeding with operation..." mode=auto-import
time=2026-02-22T22:43:51.234-05:00 level=INFO msg="Import failed" error="parent issue ac-4olo does not exist"
time=2026-02-22T22:43:52.144-05:00 level=INFO msg="Import triggered by file change"
time=2026-02-22T22:43:52.188-05:00 level=INFO msg="Starting auto-import" mode=auto-import
time=2026-02-22T22:43:52.659-05:00 level=INFO msg="File change detected" path=/Users/matthew/s-proj/main/.git/beads-worktrees/beads-sync/.beads/issues.jsonl
time=2026-02-22T22:43:52.678-05:00 level=INFO msg="Pulled sync branch" branch=beads-sync fast_forward=false merged=false
time=2026-02-22T22:43:52.678-05:00 level=INFO msg="🔍 Checking JSONL content hash AFTER pull (fix: auto-pull-not-pulling)"
time=2026-02-22T22:43:52.679-05:00 level=INFO msg="JSONL content changed, proceeding with operation..." mode=auto-import
time=2026-02-22T22:43:52.760-05:00 level=INFO msg="Import failed" error="parent issue ac-4olo does not exist"
time=2026-02-22T22:43:53.668-05:00 level=INFO msg="Import triggered by file change"
time=2026-02-22T22:43:53.723-05:00 level=INFO msg="Starting auto-import" mode=auto-import
time=2026-02-22T22:43:54.250-05:00 level=INFO msg="File change detected" path=/Users/matthew/s-proj/main/.git/beads-worktrees/beads-sync/.beads/issues.jsonl
time=2026-02-22T22:43:54.271-05:00 level=INFO msg="Pulled sync branch" branch=beads-sync fast_forward=false merged=false
time=2026-02-22T22:43:54.271-05:00 level=INFO msg="🔍 Checking JSONL content hash AFTER pull (fix: auto-pull-not-pulling)"
time=2026-02-22T22:43:54.272-05:00 level=INFO msg="JSONL content changed, proceeding with operation..." mode=auto-import
time=2026-02-22T22:43:54.355-05:00 level=INFO msg="Import failed" error="parent issue ac-4olo does not exist"
time=2026-02-22T22:43:55.253-05:00 level=INFO msg="Import triggered by file change"
time=2026-02-22T22:43:55.314-05:00 level=INFO msg="Starting auto-import" mode=auto-import
time=2026-02-22T22:43:55.933-05:00 level=INFO msg="File change detected" path=/Users/matthew/s-proj/main/.git/beads-worktrees/beads-sync/.beads/issues.jsonl
time=2026-02-22T22:43:55.947-05:00 level=INFO msg="Pulled sync branch" branch=beads-sync fast_forward=false merged=false
time=2026-02-22T22:43:55.947-05:00 level=INFO msg="🔍 Checking JSONL content hash AFTER pull (fix: auto-pull-not-pulling)"
time=2026-02-22T22:43:55.949-05:00 level=INFO msg="JSONL content changed, proceeding with operation..." mode=auto-import
time=2026-02-22T22:43:56.030-05:00 level=INFO msg="Import failed" error="parent issue ac-4olo does not exist"
time=2026-02-22T22:43:56.935-05:00 level=INFO msg="Import triggered by file change"
time=2026-02-22T22:43:56.990-05:00 level=INFO msg="Starting auto-import" mode=auto-import
time=2026-02-22T22:43:57.532-05:00 level=INFO msg="File change detected" path=/Users/matthew/s-proj/main/.git/beads-worktrees/beads-sync/.beads/issues.jsonl
time=2026-02-22T22:43:57.546-05:00 level=INFO msg="Pulled sync branch" branch=beads-sync fast_forward=false merged=false
time=2026-02-22T22:43:57.546-05:00 level=INFO msg="🔍 Checking JSONL content hash AFTER pull (fix: auto-pull-not-pulling)"
time=2026-02-22T22:43:57.548-05:00 level=INFO msg="JSONL content changed, proceeding with operation..." mode=auto-import
time=2026-02-22T22:43:57.629-05:00 level=INFO msg="Import failed" error="parent issue ac-4olo does not exist"
time=2026-02-22T22:43:58.535-05:00 level=INFO msg="Import triggered by file change"
time=2026-02-22T22:43:58.592-05:00 level=INFO msg="Starting auto-import" mode=auto-import
time=2026-02-22T22:43:59.104-05:00 level=INFO msg="File change detected" path=/Users/matthew/s-proj/main/.git/beads-worktrees/beads-sync/.beads/issues.jsonl
time=2026-02-22T22:43:59.128-05:00 level=INFO msg="Pulled sync branch" branch=beads-sync fast_forward=false merged=false
time=2026-02-22T22:43:59.128-05:00 level=INFO msg="🔍 Checking JSONL content hash AFTER pull (fix: auto-pull-not-pulling)"
time=2026-02-22T22:43:59.132-05:00 level=INFO msg="JSONL content changed, proceeding with operation..." mode=auto-import
time=2026-02-22T22:43:59.212-05:00 level=INFO msg="Import failed" error="parent issue ac-4olo does not exist"
time=2026-02-22T22:44:00.107-05:00 level=INFO msg="Import triggered by file change"
time=2026-02-22T22:44:00.159-05:00 level=INFO msg="Starting auto-import" mode=auto-import
time=2026-02-22T22:44:00.641-05:00 level=INFO msg="File change detected" path=/Users/matthew/s-proj/main/.git/beads-worktrees/beads-sync/.beads/issues.jsonl
time=2026-02-22T22:44:00.663-05:00 level=INFO msg="Pulled sync branch" branch=beads-sync fast_forward=false merged=false
time=2026-02-22T22:44:00.663-05:00 level=INFO msg="🔍 Checking JSONL content hash AFTER pull (fix: auto-pull-not-pulling)"
time=2026-02-22T22:44:00.664-05:00 level=INFO msg="JSONL content changed, proceeding with operation..." mode=auto-import
time=2026-02-22T22:44:00.742-05:00 level=INFO msg="Import failed" error="parent issue ac-4olo does not exist"
time=2026-02-22T22:44:01.643-05:00 level=INFO msg="Import triggered by file change"
time=2026-02-22T22:44:01.685-05:00 level=INFO msg="Starting auto-import" mode=auto-import
time=2026-02-22T22:44:02.213-05:00 level=INFO msg="File change detected" path=/Users/matthew/s-proj/main/.git/beads-worktrees/beads-sync/.beads/issues.jsonl
time=2026-02-22T22:44:02.230-05:00 level=INFO msg="Pulled sync branch" branch=beads-sync fast_forward=false merged=false
time=2026-02-22T22:44:02.230-05:00 level=INFO msg="🔍 Checking JSONL content hash AFTER pull (fix: auto-pull-not-pulling)"
time=2026-02-22T22:44:02.231-05:00 level=INFO msg="JSONL content changed, proceeding with operation..." mode=auto-import
time=2026-02-22T22:44:02.310-05:00 level=INFO msg="Import failed" error="parent issue ac-4olo does not exist"
time=2026-02-22T22:44:03.215-05:00 level=INFO msg="Import triggered by file change"
time=2026-02-22T22:44:03.253-05:00 level=INFO msg="Starting auto-import" mode=auto-import
time=2026-02-22T22:44:03.774-05:00 level=INFO msg="File change detected" path=/Users/matthew/s-proj/main/.git/beads-worktrees/beads-sync/.beads/issues.jsonl
time=2026-02-22T22:44:03.787-05:00 level=INFO msg="Pulled sync branch" branch=beads-sync fast_forward=false merged=false
time=2026-02-22T22:44:03.787-05:00 level=INFO msg="🔍 Checking JSONL content hash AFTER pull (fix: auto-pull-not-pulling)"
time=2026-02-22T22:44:03.789-05:00 level=INFO msg="JSONL content changed, proceeding with operation..." mode=auto-import
time=2026-02-22T22:44:03.863-05:00 level=INFO msg="Import failed" error="parent issue ac-4olo does not exist"
time=2026-02-22T22:44:04.776-05:00 level=INFO msg="Import triggered by file change"
time=2026-02-22T22:44:04.819-05:00 level=INFO msg="Starting auto-import" mode=auto-import
time=2026-02-22T22:44:05.343-05:00 level=INFO msg="File change detected" path=/Users/matthew/s-proj/main/.git/beads-worktrees/beads-sync/.beads/issues.jsonl
time=2026-02-22T22:44:05.356-05:00 level=INFO msg="Pulled sync branch" branch=beads-sync fast_forward=false merged=false
time=2026-02-22T22:44:05.356-05:00 level=INFO msg="🔍 Checking JSONL content hash AFTER pull (fix: auto-pull-not-pulling)"
time=2026-02-22T22:44:05.358-05:00 level=INFO msg="JSONL content changed, proceeding with operation..." mode=auto-import
time=2026-02-22T22:44:05.433-05:00 level=INFO msg="Import failed" error="parent issue ac-4olo does not exist"
time=2026-02-22T22:44:06.349-05:00 level=INFO msg="Import triggered by file change"
time=2026-02-22T22:44:06.382-05:00 level=INFO msg="Starting auto-import" mode=auto-import
time=2026-02-22T22:44:06.830-05:00 level=INFO msg="File change detected" path=/Users/matthew/s-proj/main/.git/beads-worktrees/beads-sync/.beads/issues.jsonl
time=2026-02-22T22:44:06.842-05:00 level=INFO msg="Pulled sync branch" branch=beads-sync fast_forward=false merged=false
time=2026-02-22T22:44:06.842-05:00 level=INFO msg="🔍 Checking JSONL content hash AFTER pull (fix: auto-pull-not-pulling)"
time=2026-02-22T22:44:06.844-05:00 level=INFO msg="JSONL content changed, proceeding with operation..." mode=auto-import
time=2026-02-22T22:44:06.920-05:00 level=INFO msg="Import failed" error="parent issue ac-4olo does not exist"
time=2026-02-22T22:44:07.832-05:00 level=INFO msg="Import triggered by file change"
time=2026-02-22T22:44:07.878-05:00 level=INFO msg="Starting auto-import" mode=auto-import
time=2026-02-22T22:44:08.319-05:00 level=INFO msg="File change detected" path=/Users/matthew/s-proj/main/.git/beads-worktrees/beads-sync/.beads/issues.jsonl
time=2026-02-22T22:44:08.331-05:00 level=INFO msg="Pulled sync branch" branch=beads-sync fast_forward=false merged=false
time=2026-02-22T22:44:08.331-05:00 level=INFO msg="🔍 Checking JSONL content hash AFTER pull (fix: auto-pull-not-pulling)"
time=2026-02-22T22:44:08.332-05:00 level=INFO msg="JSONL content changed, proceeding with operation..." mode=auto-import
time=2026-02-22T22:44:08.408-05:00 level=INFO msg="Import failed" error="parent issue ac-4olo does not exist"
time=2026-02-22T22:44:09.322-05:00 level=INFO msg="Import triggered by file change"
time=2026-02-22T22:44:09.380-05:00 level=INFO msg="Starting auto-import" mode=auto-import
time=2026-02-22T22:44:09.815-05:00 level=INFO msg="File change detected" path=/Users/matthew/s-proj/main/.git/beads-worktrees/beads-sync/.beads/issues.jsonl
time=2026-02-22T22:44:09.829-05:00 level=INFO msg="Pulled sync branch" branch=beads-sync fast_forward=false merged=false
time=2026-02-22T22:44:09.829-05:00 level=INFO msg="🔍 Checking JSONL content hash AFTER pull (fix: auto-pull-not-pulling)"
time=2026-02-22T22:44:09.831-05:00 level=INFO msg="JSONL content changed, proceeding with operation..." mode=auto-import
time=2026-02-22T22:44:09.907-05:00 level=INFO msg="Import failed" error="parent issue ac-4olo does not exist"
time=2026-02-22T22:44:10.818-05:00 level=INFO msg="Import triggered by file change"
time=2026-02-22T22:44:10.883-05:00 level=INFO msg="Starting auto-import" mode=auto-import
time=2026-02-22T22:44:11.314-05:00 level=INFO msg="File change detected" path=/Users/matthew/s-proj/main/.git/beads-worktrees/beads-sync/.beads/issues.jsonl
time=2026-02-22T22:44:11.330-05:00 level=INFO msg="Pulled sync branch" branch=beads-sync fast_forward=false merged=false
time=2026-02-22T22:44:11.330-05:00 level=INFO msg="🔍 Checking JSONL content hash AFTER pull (fix: auto-pull-not-pulling)"
time=2026-02-22T22:44:11.332-05:00 level=INFO msg="JSONL content changed, proceeding with operation..." mode=auto-import
time=2026-02-22T22:44:11.415-05:00 level=INFO msg="Import failed" error="parent issue ac-4olo does not exist"
time=2026-02-22T22:44:12.325-05:00 level=INFO msg="Import triggered by file change"
time=2026-02-22T22:44:12.384-05:00 level=INFO msg="Starting auto-import" mode=auto-import
time=2026-02-22T22:44:12.861-05:00 level=INFO msg="File change detected" path=/Users/matthew/s-proj/main/.git/beads-worktrees/beads-sync/.beads/issues.jsonl
time=2026-02-22T22:44:12.874-05:00 level=INFO msg="Pulled sync branch" branch=beads-sync fast_forward=false merged=false
time=2026-02-22T22:44:12.874-05:00 level=INFO msg="🔍 Checking JSONL content hash AFTER pull (fix: auto-pull-not-pulling)"
time=2026-02-22T22:44:12.875-05:00 level=INFO msg="JSONL content changed, proceeding with operation..." mode=auto-import
time=2026-02-22T22:44:12.953-05:00 level=INFO msg="Import failed" error="parent issue ac-4olo does not exist"
time=2026-02-22T22:44:13.864-05:00 level=INFO msg="Import triggered by file change"
time=2026-02-22T22:44:13.909-05:00 level=INFO msg="Starting auto-import" mode=auto-import
time=2026-02-22T22:44:14.358-05:00 level=INFO msg="File change detected" path=/Users/matthew/s-proj/main/.git/beads-worktrees/beads-sync/.beads/issues.jsonl
time=2026-02-22T22:44:14.371-05:00 level=INFO msg="Pulled sync branch" branch=beads-sync fast_forward=false merged=false
time=2026-02-22T22:44:14.371-05:00 level=INFO msg="🔍 Checking JSONL content hash AFTER pull (fix: auto-pull-not-pulling)"
time=2026-02-22T22:44:14.372-05:00 level=INFO msg="JSONL content changed, proceeding with operation..." mode=auto-import
time=2026-02-22T22:44:14.449-05:00 level=INFO msg="Import failed" error="parent issue ac-4olo does not exist"
time=2026-02-22T22:44:15.363-05:00 level=INFO msg="Import triggered by file change"
time=2026-02-22T22:44:15.419-05:00 level=INFO msg="Starting auto-import" mode=auto-import
time=2026-02-22T22:44:15.867-05:00 level=INFO msg="File change detected" path=/Users/matthew/s-proj/main/.git/beads-worktrees/beads-sync/.beads/issues.jsonl
time=2026-02-22T22:44:15.880-05:00 level=INFO msg="Pulled sync branch" branch=beads-sync fast_forward=false merged=false
time=2026-02-22T22:44:15.880-05:00 level=INFO msg="🔍 Checking JSONL content hash AFTER pull (fix: auto-pull-not-pulling)"
time=2026-02-22T22:44:15.882-05:00 level=INFO msg="JSONL content changed, proceeding with operation..." mode=auto-import
time=2026-02-22T22:44:15.958-05:00 level=INFO msg="Import failed" error="parent issue ac-4olo does not exist"
time=2026-02-22T22:44:16.871-05:00 level=INFO msg="Import triggered by file change"
time=2026-02-22T22:44:16.931-05:00 level=INFO msg="Starting auto-import" mode=auto-import
time=2026-02-22T22:44:17.390-05:00 level=INFO msg="File change detected" path=/Users/matthew/s-proj/main/.git/beads-worktrees/beads-sync/.beads/issues.jsonl
time=2026-02-22T22:44:17.403-05:00 level=INFO msg="Pulled sync branch" branch=beads-sync fast_forward=false merged=false
time=2026-02-22T22:44:17.403-05:00 level=INFO msg="🔍 Checking JSONL content hash AFTER pull (fix: auto-pull-not-pulling)"
time=2026-02-22T22:44:17.405-05:00 level=INFO msg="JSONL content changed, proceeding with operation..." mode=auto-import
time=2026-02-22T22:44:17.483-05:00 level=INFO msg="Import failed" error="parent issue ac-4olo does not exist"
time=2026-02-22T22:44:18.393-05:00 level=INFO msg="Import triggered by file change"
time=2026-02-22T22:44:18.443-05:00 level=INFO msg="Starting auto-import" mode=auto-import
time=2026-02-22T22:44:18.940-05:00 level=INFO msg="File change detected" path=/Users/matthew/s-proj/main/.git/beads-worktrees/beads-sync/.beads/issues.jsonl
time=2026-02-22T22:44:18.954-05:00 level=INFO msg="Pulled sync branch" branch=beads-sync fast_forward=false merged=false
time=2026-02-22T22:44:18.954-05:00 level=INFO msg="🔍 Checking JSONL content hash AFTER pull (fix: auto-pull-not-pulling)"
time=2026-02-22T22:44:18.955-05:00 level=INFO msg="JSONL content changed, proceeding with operation..." mode=auto-import
time=2026-02-22T22:44:19.031-05:00 level=INFO msg="Import failed" error="parent issue ac-4olo does not exist"
time=2026-02-22T22:44:19.942-05:00 level=INFO msg="Import triggered by file change"
time=2026-02-22T22:44:19.978-05:00 level=INFO msg="Starting auto-import" mode=auto-import
time=2026-02-22T22:44:20.410-05:00 level=INFO msg="File change detected" path=/Users/matthew/s-proj/main/.git/beads-worktrees/beads-sync/.beads/issues.jsonl
time=2026-02-22T22:44:20.422-05:00 level=INFO msg="Pulled sync branch" branch=beads-sync fast_forward=false merged=false
time=2026-02-22T22:44:20.423-05:00 level=INFO msg="🔍 Checking JSONL content hash AFTER pull (fix: auto-pull-not-pulling)"
time=2026-02-22T22:44:20.424-05:00 level=INFO msg="JSONL content changed, proceeding with operation..." mode=auto-import
time=2026-02-22T22:44:20.508-05:00 level=INFO msg="Import failed" error="parent issue ac-4olo does not exist"
time=2026-02-22T22:44:21.412-05:00 level=INFO msg="Import triggered by file change"
time=2026-02-22T22:44:21.458-05:00 level=INFO msg="Starting auto-import" mode=auto-import
time=2026-02-22T22:44:21.894-05:00 level=INFO msg="File change detected" path=/Users/matthew/s-proj/main/.git/beads-worktrees/beads-sync/.beads/issues.jsonl
time=2026-02-22T22:44:21.908-05:00 level=INFO msg="Pulled sync branch" branch=beads-sync fast_forward=false merged=false
time=2026-02-22T22:44:21.908-05:00 level=INFO msg="🔍 Checking JSONL content hash AFTER pull (fix: auto-pull-not-pulling)"
time=2026-02-22T22:44:21.910-05:00 level=INFO msg="JSONL content changed, proceeding with operation..." mode=auto-import
time=2026-02-22T22:44:21.988-05:00 level=INFO msg="Import failed" error="parent issue ac-4olo does not exist"
time=2026-02-22T22:44:22.898-05:00 level=INFO msg="Import triggered by file change"
time=2026-02-22T22:44:22.940-05:00 level=INFO msg="Starting auto-import" mode=auto-import
time=2026-02-22T22:44:23.418-05:00 level=INFO msg="File change detected" path=/Users/matthew/s-proj/main/.git/beads-worktrees/beads-sync/.beads/issues.jsonl
time=2026-02-22T22:44:23.431-05:00 level=INFO msg="Pulled sync branch" branch=beads-sync fast_forward=false merged=false
time=2026-02-22T22:44:23.431-05:00 level=INFO msg="🔍 Checking JSONL content hash AFTER pull (fix: auto-pull-not-pulling)"
time=2026-02-22T22:44:23.432-05:00 level=INFO msg="JSONL content changed, proceeding with operation..." mode=auto-import
time=2026-02-22T22:44:23.508-05:00 level=INFO msg="Import failed" error="parent issue ac-4olo does not exist"
time=2026-02-22T22:44:24.427-05:00 level=INFO msg="Import triggered by file change"
time=2026-02-22T22:44:24.480-05:00 level=INFO msg="Starting auto-import" mode=auto-import
time=2026-02-22T22:44:24.945-05:00 level=INFO msg="File change detected" path=/Users/matthew/s-proj/main/.git/beads-worktrees/beads-sync/.beads/issues.jsonl
time=2026-02-22T22:44:24.959-05:00 level=INFO msg="Pulled sync branch" branch=beads-sync fast_forward=false merged=false
time=2026-02-22T22:44:24.959-05:00 level=INFO msg="🔍 Checking JSONL content hash AFTER pull (fix: auto-pull-not-pulling)"
time=2026-02-22T22:44:24.961-05:00 level=INFO msg="JSONL content changed, proceeding with operation..." mode=auto-import
time=2026-02-22T22:44:25.039-05:00 level=INFO msg="Import failed" error="parent issue ac-4olo does not exist"
time=2026-02-22T22:44:25.948-05:00 level=INFO msg="Import triggered by file change"
time=2026-02-22T22:44:26.006-05:00 level=INFO msg="Starting auto-import" mode=auto-import
time=2026-02-22T22:44:26.484-05:00 level=INFO msg="File change detected" path=/Users/matthew/s-proj/main/.git/beads-worktrees/beads-sync/.beads/issues.jsonl
time=2026-02-22T22:44:26.496-05:00 level=INFO msg="Pulled sync branch" branch=beads-sync fast_forward=false merged=false
time=2026-02-22T22:44:26.496-05:00 level=INFO msg="🔍 Checking JSONL content hash AFTER pull (fix: auto-pull-not-pulling)"
time=2026-02-22T22:44:26.497-05:00 level=INFO msg="JSONL content changed, proceeding with operation..." mode=auto-import
time=2026-02-22T22:44:26.573-05:00 level=INFO msg="Import failed" error="parent issue ac-4olo does not exist"
time=2026-02-22T22:44:27.486-05:00 level=INFO msg="Import triggered by file change"
time=2026-02-22T22:44:27.541-05:00 level=INFO msg="Starting auto-import" mode=auto-import
time=2026-02-22T22:44:27.978-05:00 level=INFO msg="File change detected" path=/Users/matthew/s-proj/main/.git/beads-worktrees/beads-sync/.beads/issues.jsonl
time=2026-02-22T22:44:27.991-05:00 level=INFO msg="Pulled sync branch" branch=beads-sync fast_forward=false merged=false
time=2026-02-22T22:44:27.992-05:00 level=INFO msg="🔍 Checking JSONL content hash AFTER pull (fix: auto-pull-not-pulling)"
time=2026-02-22T22:44:27.993-05:00 level=INFO msg="JSONL content changed, proceeding with operation..." mode=auto-import
time=2026-02-22T22:44:28.068-05:00 level=INFO msg="Import failed" error="parent issue ac-4olo does not exist"
time=2026-02-22T22:44:28.981-05:00 level=INFO msg="Import triggered by file change"
time=2026-02-22T22:44:29.017-05:00 level=INFO msg="Starting auto-import" mode=auto-import
time=2026-02-22T22:44:29.474-05:00 level=INFO msg="File change detected" path=/Users/matthew/s-proj/main/.git/beads-worktrees/beads-sync/.beads/issues.jsonl
time=2026-02-22T22:44:29.487-05:00 level=INFO msg="Pulled sync branch" branch=beads-sync fast_forward=false merged=false
time=2026-02-22T22:44:29.487-05:00 level=INFO msg="🔍 Checking JSONL content hash AFTER pull (fix: auto-pull-not-pulling)"
time=2026-02-22T22:44:29.489-05:00 level=INFO msg="JSONL content changed, proceeding with operation..." mode=auto-import
time=2026-02-22T22:44:29.565-05:00 level=INFO msg="Import failed" error="parent issue ac-4olo does not exist"
time=2026-02-22T22:44:30.476-05:00 level=INFO msg="Import triggered by file change"
time=2026-02-22T22:44:30.513-05:00 level=INFO msg="Starting auto-import" mode=auto-import
time=2026-02-22T22:44:30.957-05:00 level=INFO msg="File change detected" path=/Users/matthew/s-proj/main/.git/beads-worktrees/beads-sync/.beads/issues.jsonl
time=2026-02-22T22:44:30.969-05:00 level=INFO msg="Pulled sync branch" branch=beads-sync fast_forward=false merged=false
time=2026-02-22T22:44:30.969-05:00 level=INFO msg="🔍 Checking JSONL content hash AFTER pull (fix: auto-pull-not-pulling)"
time=2026-02-22T22:44:30.971-05:00 level=INFO msg="JSONL content changed, proceeding with operation..." mode=auto-import
time=2026-02-22T22:44:31.046-05:00 level=INFO msg="Import failed" error="parent issue ac-4olo does not exist"
time=2026-02-22T22:44:31.959-05:00 level=INFO msg="Import triggered by file change"
time=2026-02-22T22:44:32.011-05:00 level=INFO msg="Starting auto-import" mode=auto-import
time=2026-02-22T22:44:32.447-05:00 level=INFO msg="File change detected" path=/Users/matthew/s-proj/main/.git/beads-worktrees/beads-sync/.beads/issues.jsonl
time=2026-02-22T22:44:32.460-05:00 level=INFO msg="Pulled sync branch" branch=beads-sync fast_forward=false merged=false
time=2026-02-22T22:44:32.460-05:00 level=INFO msg="🔍 Checking JSONL content hash AFTER pull (fix: auto-pull-not-pulling)"
time=2026-02-22T22:44:32.462-05:00 level=INFO msg="JSONL content changed, proceeding with operation..." mode=auto-import
time=2026-02-22T22:44:32.538-05:00 level=INFO msg="Import failed" error="parent issue ac-4olo does not exist"
time=2026-02-22T22:44:33.453-05:00 level=INFO msg="Import triggered by file change"
time=2026-02-22T22:44:33.506-05:00 level=INFO msg="Starting auto-import" mode=auto-import
time=2026-02-22T22:44:33.955-05:00 level=INFO msg="File change detected" path=/Users/matthew/s-proj/main/.git/beads-worktrees/beads-sync/.beads/issues.jsonl
time=2026-02-22T22:44:33.965-05:00 level=INFO msg="Pulled sync branch" branch=beads-sync fast_forward=false merged=false
time=2026-02-22T22:44:33.965-05:00 level=INFO msg="🔍 Checking JSONL content hash AFTER pull (fix: auto-pull-not-pulling)"
time=2026-02-22T22:44:33.966-05:00 level=INFO msg="JSONL content changed, proceeding with operation..." mode=auto-import
time=2026-02-22T22:44:34.041-05:00 level=INFO msg="Import failed" error="parent issue ac-4olo does not exist"
time=2026-02-22T22:44:34.963-05:00 level=INFO msg="Import triggered by file change"
time=2026-02-22T22:44:35.013-05:00 level=INFO msg="Starting auto-import" mode=auto-import
time=2026-02-22T22:44:35.445-05:00 level=INFO msg="File change detected" path=/Users/matthew/s-proj/main/.git/beads-worktrees/beads-sync/.beads/issues.jsonl
time=2026-02-22T22:44:35.459-05:00 level=INFO msg="Pulled sync branch" branch=beads-sync fast_forward=false merged=false
time=2026-02-22T22:44:35.459-05:00 level=INFO msg="🔍 Checking JSONL content hash AFTER pull (fix: auto-pull-not-pulling)"
time=2026-02-22T22:44:35.460-05:00 level=INFO msg="JSONL content changed, proceeding with operation..." mode=auto-import
time=2026-02-22T22:44:35.619-05:00 level=INFO msg="Import failed" error="parent issue ac-4olo does not exist"
time=2026-02-22T22:44:36.446-05:00 level=INFO msg="Import triggered by file change"
time=2026-02-22T22:44:36.504-05:00 level=INFO msg="Starting auto-import" mode=auto-import
time=2026-02-22T22:44:36.939-05:00 level=INFO msg="File change detected" path=/Users/matthew/s-proj/main/.git/beads-worktrees/beads-sync/.beads/issues.jsonl
time=2026-02-22T22:44:36.951-05:00 level=INFO msg="Pulled sync branch" branch=beads-sync fast_forward=false merged=false
time=2026-02-22T22:44:36.951-05:00 level=INFO msg="🔍 Checking JSONL content hash AFTER pull (fix: auto-pull-not-pulling)"
time=2026-02-22T22:44:36.953-05:00 level=INFO msg="JSONL content changed, proceeding with operation..." mode=auto-import
time=2026-02-22T22:44:37.028-05:00 level=INFO msg="Import failed" error="parent issue ac-4olo does not exist"
time=2026-02-22T22:44:37.940-05:00 level=INFO msg="Import triggered by file change"
time=2026-02-22T22:44:37.987-05:00 level=INFO msg="Starting auto-import" mode=auto-import
time=2026-02-22T22:44:38.444-05:00 level=INFO msg="File change detected" path=/Users/matthew/s-proj/main/.git/beads-worktrees/beads-sync/.beads/issues.jsonl
time=2026-02-22T22:44:38.457-05:00 level=INFO msg="Pulled sync branch" branch=beads-sync fast_forward=false merged=false
time=2026-02-22T22:44:38.457-05:00 level=INFO msg="🔍 Checking JSONL content hash AFTER pull (fix: auto-pull-not-pulling)"
time=2026-02-22T22:44:38.458-05:00 level=INFO msg="JSONL content changed, proceeding with operation..." mode=auto-import
time=2026-02-22T22:44:38.535-05:00 level=INFO msg="Import failed" error="parent issue ac-4olo does not exist"
time=2026-02-22T22:44:39.446-05:00 level=INFO msg="Import triggered by file change"
time=2026-02-22T22:44:39.492-05:00 level=INFO msg="Starting auto-import" mode=auto-import
time=2026-02-22T22:44:39.931-05:00 level=INFO msg="File change detected" path=/Users/matthew/s-proj/main/.git/beads-worktrees/beads-sync/.beads/issues.jsonl
time=2026-02-22T22:44:39.943-05:00 level=INFO msg="Pulled sync branch" branch=beads-sync fast_forward=false merged=false
time=2026-02-22T22:44:39.943-05:00 level=INFO msg="🔍 Checking JSONL content hash AFTER pull (fix: auto-pull-not-pulling)"
time=2026-02-22T22:44:39.944-05:00 level=INFO msg="JSONL content changed, proceeding with operation..." mode=auto-import
time=2026-02-22T22:44:40.027-05:00 level=INFO msg="Import failed" error="parent issue ac-4olo does not exist"
time=2026-02-22T22:44:40.933-05:00 level=INFO msg="Import triggered by file change"
time=2026-02-22T22:44:40.961-05:00 level=INFO msg="Starting auto-import" mode=auto-import
time=2026-02-22T22:44:41.443-05:00 level=INFO msg="File change detected" path=/Users/matthew/s-proj/main/.git/beads-worktrees/beads-sync/.beads/issues.jsonl
time=2026-02-22T22:44:41.460-05:00 level=INFO msg="Pulled sync branch" branch=beads-sync fast_forward=false merged=false
time=2026-02-22T22:44:41.461-05:00 level=INFO msg="🔍 Checking JSONL content hash AFTER pull (fix: auto-pull-not-pulling)"
time=2026-02-22T22:44:41.461-05:00 level=INFO msg="JSONL content changed, proceeding with operation..." mode=auto-import
time=2026-02-22T22:44:41.541-05:00 level=INFO msg="Import failed" error="parent issue ac-4olo does not exist"
time=2026-02-22T22:44:42.446-05:00 level=INFO msg="Import triggered by file change"
time=2026-02-22T22:44:42.490-05:00 level=INFO msg="Starting auto-import" mode=auto-import
time=2026-02-22T22:44:42.935-05:00 level=INFO msg="File change detected" path=/Users/matthew/s-proj/main/.git/beads-worktrees/beads-sync/.beads/issues.jsonl
time=2026-02-22T22:44:42.947-05:00 level=INFO msg="Pulled sync branch" branch=beads-sync fast_forward=false merged=false
time=2026-02-22T22:44:42.947-05:00 level=INFO msg="🔍 Checking JSONL content hash AFTER pull (fix: auto-pull-not-pulling)"
time=2026-02-22T22:44:42.948-05:00 level=INFO msg="JSONL content changed, proceeding with operation..." mode=auto-import
time=2026-02-22T22:44:43.025-05:00 level=INFO msg="Import failed" error="parent issue ac-4olo does not exist"
time=2026-02-22T22:44:43.938-05:00 level=INFO msg="Import triggered by file change"
time=2026-02-22T22:44:43.987-05:00 level=INFO msg="Starting auto-import" mode=auto-import
time=2026-02-22T22:44:44.462-05:00 level=INFO msg="File change detected" path=/Users/matthew/s-proj/main/.git/beads-worktrees/beads-sync/.beads/issues.jsonl
time=2026-02-22T22:44:44.475-05:00 level=INFO msg="Pulled sync branch" branch=beads-sync fast_forward=false merged=false
time=2026-02-22T22:44:44.475-05:00 level=INFO msg="🔍 Checking JSONL content hash AFTER pull (fix: auto-pull-not-pulling)"
time=2026-02-22T22:44:44.476-05:00 level=INFO msg="JSONL content changed, proceeding with operation..." mode=auto-import
time=2026-02-22T22:44:44.554-05:00 level=INFO msg="Import failed" error="parent issue ac-4olo does not exist"
time=2026-02-22T22:44:45.465-05:00 level=INFO msg="Import triggered by file change"
time=2026-02-22T22:44:45.520-05:00 level=INFO msg="Starting auto-import" mode=auto-import
time=2026-02-22T22:44:45.977-05:00 level=INFO msg="File change detected" path=/Users/matthew/s-proj/main/.git/beads-worktrees/beads-sync/.beads/issues.jsonl
time=2026-02-22T22:44:45.990-05:00 level=INFO msg="Pulled sync branch" branch=beads-sync fast_forward=false merged=false
time=2026-02-22T22:44:45.990-05:00 level=INFO msg="🔍 Checking JSONL content hash AFTER pull (fix: auto-pull-not-pulling)"
time=2026-02-22T22:44:45.991-05:00 level=INFO msg="JSONL content changed, proceeding with operation..." mode=auto-import
time=2026-02-22T22:44:46.067-05:00 level=INFO msg="Import failed" error="parent issue ac-4olo does not exist"
time=2026-02-22T22:44:46.980-05:00 level=INFO msg="Import triggered by file change"
time=2026-02-22T22:44:47.012-05:00 level=INFO msg="Starting auto-import" mode=auto-import
time=2026-02-22T22:44:47.457-05:00 level=INFO msg="File change detected" path=/Users/matthew/s-proj/main/.git/beads-worktrees/beads-sync/.beads/issues.jsonl
time=2026-02-22T22:44:47.470-05:00 level=INFO msg="Pulled sync branch" branch=beads-sync fast_forward=false merged=false
time=2026-02-22T22:44:47.470-05:00 level=INFO msg="🔍 Checking JSONL content hash AFTER pull (fix: auto-pull-not-pulling)"
time=2026-02-22T22:44:47.471-05:00 level=INFO msg="JSONL content changed, proceeding with operation..." mode=auto-import
time=2026-02-22T22:44:47.549-05:00 level=INFO msg="Import failed" error="parent issue ac-4olo does not exist"
time=2026-02-22T22:44:48.460-05:00 level=INFO msg="Import triggered by file change"
time=2026-02-22T22:44:48.504-05:00 level=INFO msg="Starting auto-import" mode=auto-import
time=2026-02-22T22:44:48.933-05:00 level=INFO msg="File change detected" path=/Users/matthew/s-proj/main/.git/beads-worktrees/beads-sync/.beads/issues.jsonl
time=2026-02-22T22:44:48.944-05:00 level=INFO msg="Pulled sync branch" branch=beads-sync fast_forward=false merged=false
time=2026-02-22T22:44:48.944-05:00 level=INFO msg="🔍 Checking JSONL content hash AFTER pull (fix: auto-pull-not-pulling)"
time=2026-02-22T22:44:48.945-05:00 level=INFO msg="JSONL content changed, proceeding with operation..." mode=auto-import
time=2026-02-22T22:44:49.022-05:00 level=INFO msg="Import failed" error="parent issue ac-4olo does not exist"
time=2026-02-22T22:44:49.933-05:00 level=INFO msg="Import triggered by file change"
time=2026-02-22T22:44:49.981-05:00 level=INFO msg="Starting auto-import" mode=auto-import
time=2026-02-22T22:44:50.437-05:00 level=INFO msg="File change detected" path=/Users/matthew/s-proj/main/.git/beads-worktrees/beads-sync/.beads/issues.jsonl
time=2026-02-22T22:44:50.450-05:00 level=INFO msg="Pulled sync branch" branch=beads-sync fast_forward=false merged=false
time=2026-02-22T22:44:50.450-05:00 level=INFO msg="🔍 Checking JSONL content hash AFTER pull (fix: auto-pull-not-pulling)"
time=2026-02-22T22:44:50.451-05:00 level=INFO msg="JSONL content changed, proceeding with operation..." mode=auto-import
time=2026-02-22T22:44:50.529-05:00 level=INFO msg="Import failed" error="parent issue ac-4olo does not exist"
time=2026-02-22T22:44:51.440-05:00 level=INFO msg="Import triggered by file change"
time=2026-02-22T22:44:51.483-05:00 level=INFO msg="Starting auto-import" mode=auto-import
time=2026-02-22T22:44:51.906-05:00 level=INFO msg="File change detected" path=/Users/matthew/s-proj/main/.git/beads-worktrees/beads-sync/.beads/issues.jsonl
time=2026-02-22T22:44:51.918-05:00 level=INFO msg="Pulled sync branch" branch=beads-sync fast_forward=false merged=false
time=2026-02-22T22:44:51.918-05:00 level=INFO msg="🔍 Checking JSONL content hash AFTER pull (fix: auto-pull-not-pulling)"
time=2026-02-22T22:44:51.920-05:00 level=INFO msg="JSONL content changed, proceeding with operation..." mode=auto-import
time=2026-02-22T22:44:51.997-05:00 level=INFO msg="Import failed" error="parent issue ac-4olo does not exist"
time=2026-02-22T22:44:52.907-05:00 level=INFO msg="Import triggered by file change"
time=2026-02-22T22:44:52.948-05:00 level=INFO msg="Starting auto-import" mode=auto-import
time=2026-02-22T22:44:53.383-05:00 level=INFO msg="File change detected" path=/Users/matthew/s-proj/main/.git/beads-worktrees/beads-sync/.beads/issues.jsonl
time=2026-02-22T22:44:53.395-05:00 level=INFO msg="Pulled sync branch" branch=beads-sync fast_forward=false merged=false
time=2026-02-22T22:44:53.395-05:00 level=INFO msg="🔍 Checking JSONL content hash AFTER pull (fix: auto-pull-not-pulling)"
time=2026-02-22T22:44:53.396-05:00 level=INFO msg="JSONL content changed, proceeding with operation..." mode=auto-import
time=2026-02-22T22:44:53.472-05:00 level=INFO msg="Import failed" error="parent issue ac-4olo does not exist"
time=2026-02-22T22:44:54.385-05:00 level=INFO msg="Import triggered by file change"
time=2026-02-22T22:44:54.438-05:00 level=INFO msg="Starting auto-import" mode=auto-import
time=2026-02-22T22:44:54.863-05:00 level=INFO msg="File change detected" path=/Users/matthew/s-proj/main/.git/beads-worktrees/beads-sync/.beads/issues.jsonl
time=2026-02-22T22:44:54.877-05:00 level=INFO msg="Pulled sync branch" branch=beads-sync fast_forward=false merged=false
time=2026-02-22T22:44:54.877-05:00 level=INFO msg="🔍 Checking JSONL content hash AFTER pull (fix: auto-pull-not-pulling)"
time=2026-02-22T22:44:54.878-05:00 level=INFO msg="JSONL content changed, proceeding with operation..." mode=auto-import
time=2026-02-22T22:44:54.955-05:00 level=INFO msg="Import failed" error="parent issue ac-4olo does not exist"
time=2026-02-22T22:44:55.866-05:00 level=INFO msg="Import triggered by file change"
time=2026-02-22T22:44:55.912-05:00 level=INFO msg="Starting auto-import" mode=auto-import
time=2026-02-22T22:44:56.355-05:00 level=INFO msg="File change detected" path=/Users/matthew/s-proj/main/.git/beads-worktrees/beads-sync/.beads/issues.jsonl
time=2026-02-22T22:44:56.368-05:00 level=INFO msg="Pulled sync branch" branch=beads-sync fast_forward=false merged=false
time=2026-02-22T22:44:56.368-05:00 level=INFO msg="🔍 Checking JSONL content hash AFTER pull (fix: auto-pull-not-pulling)"
time=2026-02-22T22:44:56.369-05:00 level=INFO msg="JSONL content changed, proceeding with operation..." mode=auto-import
time=2026-02-22T22:44:56.446-05:00 level=INFO msg="Import failed" error="parent issue ac-4olo does not exist"
time=2026-02-22T22:44:57.358-05:00 level=INFO msg="Import triggered by file change"
time=2026-02-22T22:44:57.406-05:00 level=INFO msg="Starting auto-import" mode=auto-import
time=2026-02-22T22:44:57.828-05:00 level=INFO msg="File change detected" path=/Users/matthew/s-proj/main/.git/beads-worktrees/beads-sync/.beads/issues.jsonl
time=2026-02-22T22:44:57.841-05:00 level=INFO msg="Pulled sync branch" branch=beads-sync fast_forward=false merged=false
time=2026-02-22T22:44:57.841-05:00 level=INFO msg="🔍 Checking JSONL content hash AFTER pull (fix: auto-pull-not-pulling)"
time=2026-02-22T22:44:57.843-05:00 level=INFO msg="JSONL content changed, proceeding with operation..." mode=auto-import
time=2026-02-22T22:44:57.918-05:00 level=INFO msg="Import failed" error="parent issue ac-4olo does not exist"
time=2026-02-22T22:44:58.831-05:00 level=INFO msg="Import triggered by file change"
time=2026-02-22T22:44:58.873-05:00 level=INFO msg="Starting auto-import" mode=auto-import
time=2026-02-22T22:44:59.293-05:00 level=INFO msg="File change detected" path=/Users/matthew/s-proj/main/.git/beads-worktrees/beads-sync/.beads/issues.jsonl
time=2026-02-22T22:44:59.307-05:00 level=INFO msg="Pulled sync branch" branch=beads-sync fast_forward=false merged=false
time=2026-02-22T22:44:59.307-05:00 level=INFO msg="🔍 Checking JSONL content hash AFTER pull (fix: auto-pull-not-pulling)"
time=2026-02-22T22:44:59.308-05:00 level=INFO msg="JSONL content changed, proceeding with operation..." mode=auto-import
time=2026-02-22T22:44:59.386-05:00 level=INFO msg="Import failed" error="parent issue ac-4olo does not exist"
time=2026-02-22T22:45:00.296-05:00 level=INFO msg="Import triggered by file change"
time=2026-02-22T22:45:00.336-05:00 level=INFO msg="Starting auto-import" mode=auto-import
time=2026-02-22T22:45:00.783-05:00 level=INFO msg="File change detected" path=/Users/matthew/s-proj/main/.git/beads-worktrees/beads-sync/.beads/issues.jsonl
time=2026-02-22T22:45:00.797-05:00 level=INFO msg="Pulled sync branch" branch=beads-sync fast_forward=false merged=false
time=2026-02-22T22:45:00.797-05:00 level=INFO msg="🔍 Checking JSONL content hash AFTER pull (fix: auto-pull-not-pulling)"
time=2026-02-22T22:45:00.798-05:00 level=INFO msg="JSONL content changed, proceeding with operation..." mode=auto-import
time=2026-02-22T22:45:00.878-05:00 level=INFO msg="Import failed" error="parent issue ac-4olo does not exist"
time=2026-02-22T22:45:01.785-05:00 level=INFO msg="Import triggered by file change"
time=2026-02-22T22:45:01.822-05:00 level=INFO msg="Starting auto-import" mode=auto-import
time=2026-02-22T22:45:02.259-05:00 level=INFO msg="File change detected" path=/Users/matthew/s-proj/main/.git/beads-worktrees/beads-sync/.beads/issues.jsonl
time=2026-02-22T22:45:02.274-05:00 level=INFO msg="Pulled sync branch" branch=beads-sync fast_forward=false merged=false
time=2026-02-22T22:45:02.274-05:00 level=INFO msg="🔍 Checking JSONL content hash AFTER pull (fix: auto-pull-not-pulling)"
time=2026-02-22T22:45:02.276-05:00 level=INFO msg="JSONL content changed, proceeding with operation..." mode=auto-import
time=2026-02-22T22:45:02.353-05:00 level=INFO msg="Import failed" error="parent issue ac-4olo does not exist"
time=2026-02-22T22:45:03.261-05:00 level=INFO msg="Import triggered by file change"
time=2026-02-22T22:45:03.302-05:00 level=INFO msg="Starting auto-import" mode=auto-import
time=2026-02-22T22:45:03.745-05:00 level=INFO msg="File change detected" path=/Users/matthew/s-proj/main/.git/beads-worktrees/beads-sync/.beads/issues.jsonl
time=2026-02-22T22:45:03.758-05:00 level=INFO msg="Pulled sync branch" branch=beads-sync fast_forward=false merged=false
time=2026-02-22T22:45:03.758-05:00 level=INFO msg="🔍 Checking JSONL content hash AFTER pull (fix: auto-pull-not-pulling)"
time=2026-02-22T22:45:03.759-05:00 level=INFO msg="JSONL content changed, proceeding with operation..." mode=auto-import
time=2026-02-22T22:45:03.835-05:00 level=INFO msg="Import failed" error="parent issue ac-4olo does not exist"
time=2026-02-22T22:45:04.748-05:00 level=INFO msg="Import triggered by file change"
time=2026-02-22T22:45:04.793-05:00 level=INFO msg="Starting auto-import" mode=auto-import
time=2026-02-22T22:45:05.224-05:00 level=INFO msg="File change detected" path=/Users/matthew/s-proj/main/.git/beads-worktrees/beads-sync/.beads/issues.jsonl
time=2026-02-22T22:45:05.239-05:00 level=INFO msg="Pulled sync branch" branch=beads-sync fast_forward=false merged=false
time=2026-02-22T22:45:05.239-05:00 level=INFO msg="🔍 Checking JSONL content hash AFTER pull (fix: auto-pull-not-pulling)"
time=2026-02-22T22:45:05.241-05:00 level=INFO msg="JSONL content changed, proceeding with operation..." mode=auto-import
time=2026-02-22T22:45:05.318-05:00 level=INFO msg="Import failed" error="parent issue ac-4olo does not exist"
time=2026-02-22T22:45:06.225-05:00 level=INFO msg="Import triggered by file change"
time=2026-02-22T22:45:06.253-05:00 level=INFO msg="Starting auto-import" mode=auto-import
time=2026-02-22T22:45:06.697-05:00 level=INFO msg="File change detected" path=/Users/matthew/s-proj/main/.git/beads-worktrees/beads-sync/.beads/issues.jsonl
time=2026-02-22T22:45:06.713-05:00 level=INFO msg="Pulled sync branch" branch=beads-sync fast_forward=false merged=false
time=2026-02-22T22:45:06.713-05:00 level=INFO msg="🔍 Checking JSONL content hash AFTER pull (fix: auto-pull-not-pulling)"
time=2026-02-22T22:45:06.715-05:00 level=INFO msg="JSONL content changed, proceeding with operation..." mode=auto-import
time=2026-02-22T22:45:06.791-05:00 level=INFO msg="Import failed" error="parent issue ac-4olo does not exist"
time=2026-02-22T22:45:07.699-05:00 level=INFO msg="Import triggered by file change"
time=2026-02-22T22:45:07.739-05:00 level=INFO msg="Starting auto-import" mode=auto-import
time=2026-02-22T22:45:08.196-05:00 level=INFO msg="File change detected" path=/Users/matthew/s-proj/main/.git/beads-worktrees/beads-sync/.beads/issues.jsonl
time=2026-02-22T22:45:08.210-05:00 level=INFO msg="Pulled sync branch" branch=beads-sync fast_forward=false merged=false
time=2026-02-22T22:45:08.210-05:00 level=INFO msg="🔍 Checking JSONL content hash AFTER pull (fix: auto-pull-not-pulling)"
time=2026-02-22T22:45:08.211-05:00 level=INFO msg="JSONL content changed, proceeding with operation..." mode=auto-import
time=2026-02-22T22:45:08.289-05:00 level=INFO msg="Import failed" error="parent issue ac-4olo does not exist"
time=2026-02-22T22:45:09.198-05:00 level=INFO msg="Import triggered by file change"
time=2026-02-22T22:45:09.240-05:00 level=INFO msg="Starting auto-import" mode=auto-import
time=2026-02-22T22:45:09.669-05:00 level=INFO msg="File change detected" path=/Users/matthew/s-proj/main/.git/beads-worktrees/beads-sync/.beads/issues.jsonl
time=2026-02-22T22:45:09.681-05:00 level=INFO msg="Pulled sync branch" branch=beads-sync fast_forward=false merged=false
time=2026-02-22T22:45:09.681-05:00 level=INFO msg="🔍 Checking JSONL content hash AFTER pull (fix: auto-pull-not-pulling)"
time=2026-02-22T22:45:09.682-05:00 level=INFO msg="JSONL content changed, proceeding with operation..." mode=auto-import
time=2026-02-22T22:45:09.759-05:00 level=INFO msg="Import failed" error="parent issue ac-4olo does not exist"
time=2026-02-22T22:45:10.671-05:00 level=INFO msg="Import triggered by file change"
time=2026-02-22T22:45:10.703-05:00 level=INFO msg="Starting auto-import" mode=auto-import
time=2026-02-22T22:45:11.151-05:00 level=INFO msg="File change detected" path=/Users/matthew/s-proj/main/.git/beads-worktrees/beads-sync/.beads/issues.jsonl
time=2026-02-22T22:45:11.163-05:00 level=INFO msg="Pulled sync branch" branch=beads-sync fast_forward=false merged=false
time=2026-02-22T22:45:11.163-05:00 level=INFO msg="🔍 Checking JSONL content hash AFTER pull (fix: auto-pull-not-pulling)"
time=2026-02-22T22:45:11.164-05:00 level=INFO msg="JSONL content changed, proceeding with operation..." mode=auto-import
time=2026-02-22T22:45:11.241-05:00 level=INFO msg="Import failed" error="parent issue ac-4olo does not exist"
time=2026-02-22T22:45:12.154-05:00 level=INFO msg="Import triggered by file change"
time=2026-02-22T22:45:12.194-05:00 level=INFO msg="Starting auto-import" mode=auto-import
time=2026-02-22T22:45:12.638-05:00 level=INFO msg="File change detected" path=/Users/matthew/s-proj/main/.git/beads-worktrees/beads-sync/.beads/issues.jsonl
time=2026-02-22T22:45:12.649-05:00 level=INFO msg="Pulled sync branch" branch=beads-sync fast_forward=false merged=false
time=2026-02-22T22:45:12.649-05:00 level=INFO msg="🔍 Checking JSONL content hash AFTER pull (fix: auto-pull-not-pulling)"
time=2026-02-22T22:45:12.650-05:00 level=INFO msg="JSONL content changed, proceeding with operation..." mode=auto-import
time=2026-02-22T22:45:12.728-05:00 level=INFO msg="Import failed" error="parent issue ac-4olo does not exist"
time=2026-02-22T22:45:13.640-05:00 level=INFO msg="Import triggered by file change"
time=2026-02-22T22:45:13.668-05:00 level=INFO msg="Starting auto-import" mode=auto-import
time=2026-02-22T22:45:14.114-05:00 level=INFO msg="File change detected" path=/Users/matthew/s-proj/main/.git/beads-worktrees/beads-sync/.beads/issues.jsonl
time=2026-02-22T22:45:14.128-05:00 level=INFO msg="Pulled sync branch" branch=beads-sync fast_forward=false merged=false
time=2026-02-22T22:45:14.128-05:00 level=INFO msg="🔍 Checking JSONL content hash AFTER pull (fix: auto-pull-not-pulling)"
time=2026-02-22T22:45:14.129-05:00 level=INFO msg="JSONL content changed, proceeding with operation..." mode=auto-import
time=2026-02-22T22:45:14.206-05:00 level=INFO msg="Import failed" error="parent issue ac-4olo does not exist"
time=2026-02-22T22:45:15.116-05:00 level=INFO msg="Import triggered by file change"
time=2026-02-22T22:45:15.151-05:00 level=INFO msg="Starting auto-import" mode=auto-import
time=2026-02-22T22:45:15.581-05:00 level=INFO msg="File change detected" path=/Users/matthew/s-proj/main/.git/beads-worktrees/beads-sync/.beads/issues.jsonl
time=2026-02-22T22:45:15.593-05:00 level=INFO msg="Pulled sync branch" branch=beads-sync fast_forward=false merged=false
time=2026-02-22T22:45:15.593-05:00 level=INFO msg="🔍 Checking JSONL content hash AFTER pull (fix: auto-pull-not-pulling)"
time=2026-02-22T22:45:15.594-05:00 level=INFO msg="JSONL content changed, proceeding with operation..." mode=auto-import
time=2026-02-22T22:45:15.674-05:00 level=INFO msg="Import failed" error="parent issue ac-4olo does not exist"
time=2026-02-22T22:45:16.583-05:00 level=INFO msg="Import triggered by file change"
time=2026-02-22T22:45:16.610-05:00 level=INFO msg="Starting auto-import" mode=auto-import
time=2026-02-22T22:45:17.048-05:00 level=INFO msg="File change detected" path=/Users/matthew/s-proj/main/.git/beads-worktrees/beads-sync/.beads/issues.jsonl
time=2026-02-22T22:45:17.060-05:00 level=INFO msg="Pulled sync branch" branch=beads-sync fast_forward=false merged=false
time=2026-02-22T22:45:17.060-05:00 level=INFO msg="🔍 Checking JSONL content hash AFTER pull (fix: auto-pull-not-pulling)"
time=2026-02-22T22:45:17.062-05:00 level=INFO msg="JSONL content changed, proceeding with operation..." mode=auto-import
time=2026-02-22T22:45:17.138-05:00 level=INFO msg="Import failed" error="parent issue ac-4olo does not exist"
time=2026-02-22T22:45:18.050-05:00 level=INFO msg="Import triggered by file change"
time=2026-02-22T22:45:18.096-05:00 level=INFO msg="Starting auto-import" mode=auto-import
time=2026-02-22T22:45:18.524-05:00 level=INFO msg="File change detected" path=/Users/matthew/s-proj/main/.git/beads-worktrees/beads-sync/.beads/issues.jsonl
time=2026-02-22T22:45:18.535-05:00 level=INFO msg="Pulled sync branch" branch=beads-sync fast_forward=false merged=false
time=2026-02-22T22:45:18.535-05:00 level=INFO msg="🔍 Checking JSONL content hash AFTER pull (fix: auto-pull-not-pulling)"
time=2026-02-22T22:45:18.536-05:00 level=INFO msg="JSONL content changed, proceeding with operation..." mode=auto-import
time=2026-02-22T22:45:18.612-05:00 level=INFO msg="Import failed" error="parent issue ac-4olo does not exist"
time=2026-02-22T22:45:19.525-05:00 level=INFO msg="Import triggered by file change"
time=2026-02-22T22:45:19.561-05:00 level=INFO msg="Starting auto-import" mode=auto-import
time=2026-02-22T22:45:20.018-05:00 level=INFO msg="File change detected" path=/Users/matthew/s-proj/main/.git/beads-worktrees/beads-sync/.beads/issues.jsonl
time=2026-02-22T22:45:20.031-05:00 level=INFO msg="Pulled sync branch" branch=beads-sync fast_forward=false merged=false
time=2026-02-22T22:45:20.031-05:00 level=INFO msg="🔍 Checking JSONL content hash AFTER pull (fix: auto-pull-not-pulling)"
time=2026-02-22T22:45:20.032-05:00 level=INFO msg="JSONL content changed, proceeding with operation..." mode=auto-import
time=2026-02-22T22:45:20.109-05:00 level=INFO msg="Import failed" error="parent issue ac-4olo does not exist"
time=2026-02-22T22:45:21.021-05:00 level=INFO msg="Import triggered by file change"
time=2026-02-22T22:45:21.061-05:00 level=INFO msg="Starting auto-import" mode=auto-import
time=2026-02-22T22:45:21.505-05:00 level=INFO msg="File change detected" path=/Users/matthew/s-proj/main/.git/beads-worktrees/beads-sync/.beads/issues.jsonl
time=2026-02-22T22:45:21.519-05:00 level=INFO msg="Pulled sync branch" branch=beads-sync fast_forward=false merged=false
time=2026-02-22T22:45:21.519-05:00 level=INFO msg="🔍 Checking JSONL content hash AFTER pull (fix: auto-pull-not-pulling)"
time=2026-02-22T22:45:21.521-05:00 level=INFO msg="JSONL content changed, proceeding with operation..." mode=auto-import
time=2026-02-22T22:45:21.598-05:00 level=INFO msg="Import failed" error="parent issue ac-4olo does not exist"
time=2026-02-22T22:45:22.507-05:00 level=INFO msg="Import triggered by file change"
time=2026-02-22T22:45:22.550-05:00 level=INFO msg="Starting auto-import" mode=auto-import
time=2026-02-22T22:45:23.164-05:00 level=INFO msg="File change detected" path=/Users/matthew/s-proj/main/.git/beads-worktrees/beads-sync/.beads/issues.jsonl
time=2026-02-22T22:45:23.177-05:00 level=INFO msg="Pulled sync branch" branch=beads-sync fast_forward=false merged=false
time=2026-02-22T22:45:23.177-05:00 level=INFO msg="🔍 Checking JSONL content hash AFTER pull (fix: auto-pull-not-pulling)"
time=2026-02-22T22:45:23.179-05:00 level=INFO msg="JSONL content changed, proceeding with operation..." mode=auto-import
time=2026-02-22T22:45:23.256-05:00 level=INFO msg="Import failed" error="parent issue ac-4olo does not exist"
time=2026-02-22T22:45:24.165-05:00 level=INFO msg="Import triggered by file change"
time=2026-02-22T22:45:24.202-05:00 level=INFO msg="Starting auto-import" mode=auto-import
time=2026-02-22T22:45:24.670-05:00 level=INFO msg="File change detected" path=/Users/matthew/s-proj/main/.git/beads-worktrees/beads-sync/.beads/issues.jsonl
time=2026-02-22T22:45:24.685-05:00 level=INFO msg="Pulled sync branch" branch=beads-sync fast_forward=false merged=false
time=2026-02-22T22:45:24.685-05:00 level=INFO msg="🔍 Checking JSONL content hash AFTER pull (fix: auto-pull-not-pulling)"
time=2026-02-22T22:45:24.686-05:00 level=INFO msg="JSONL content changed, proceeding with operation..." mode=auto-import
time=2026-02-22T22:45:24.764-05:00 level=INFO msg="Import failed" error="parent issue ac-4olo does not exist"
time=2026-02-22T22:45:25.672-05:00 level=INFO msg="Import triggered by file change"
time=2026-02-22T22:45:25.711-05:00 level=INFO msg="Starting auto-import" mode=auto-import
time=2026-02-22T22:45:26.162-05:00 level=INFO msg="File change detected" path=/Users/matthew/s-proj/main/.git/beads-worktrees/beads-sync/.beads/issues.jsonl
time=2026-02-22T22:45:26.175-05:00 level=INFO msg="Pulled sync branch" branch=beads-sync fast_forward=false merged=false
time=2026-02-22T22:45:26.175-05:00 level=INFO msg="🔍 Checking JSONL content hash AFTER pull (fix: auto-pull-not-pulling)"
time=2026-02-22T22:45:26.176-05:00 level=INFO msg="JSONL content changed, proceeding with operation..." mode=auto-import
time=2026-02-22T22:45:26.253-05:00 level=INFO msg="Import failed" error="parent issue ac-4olo does not exist"
time=2026-02-22T22:45:27.164-05:00 level=INFO msg="Import triggered by file change"
time=2026-02-22T22:45:27.208-05:00 level=INFO msg="Starting auto-import" mode=auto-import
time=2026-02-22T22:45:27.695-05:00 level=INFO msg="File change detected" path=/Users/matthew/s-proj/main/.git/beads-worktrees/beads-sync/.beads/issues.jsonl
time=2026-02-22T22:45:27.709-05:00 level=INFO msg="Pulled sync branch" branch=beads-sync fast_forward=false merged=false
time=2026-02-22T22:45:27.709-05:00 level=INFO msg="🔍 Checking JSONL content hash AFTER pull (fix: auto-pull-not-pulling)"
time=2026-02-22T22:45:27.710-05:00 level=INFO msg="JSONL content changed, proceeding with operation..." mode=auto-import
time=2026-02-22T22:45:27.790-05:00 level=INFO msg="Import failed" error="parent issue ac-4olo does not exist"
time=2026-02-22T22:45:28.699-05:00 level=INFO msg="Import triggered by file change"
time=2026-02-22T22:45:28.728-05:00 level=INFO msg="Starting auto-import" mode=auto-import
time=2026-02-22T22:45:29.172-05:00 level=INFO msg="File change detected" path=/Users/matthew/s-proj/main/.git/beads-worktrees/beads-sync/.beads/issues.jsonl
time=2026-02-22T22:45:29.187-05:00 level=INFO msg="Pulled sync branch" branch=beads-sync fast_forward=false merged=false
time=2026-02-22T22:45:29.187-05:00 level=INFO msg="🔍 Checking JSONL content hash AFTER pull (fix: auto-pull-not-pulling)"
time=2026-02-22T22:45:29.188-05:00 level=INFO msg="JSONL content changed, proceeding with operation..." mode=auto-import
time=2026-02-22T22:45:29.267-05:00 level=INFO msg="Import failed" error="parent issue ac-4olo does not exist"
time=2026-02-22T22:45:30.174-05:00 level=INFO msg="Import triggered by file change"
time=2026-02-22T22:45:30.213-05:00 level=INFO msg="Starting auto-import" mode=auto-import
time=2026-02-22T22:45:30.651-05:00 level=INFO msg="File change detected" path=/Users/matthew/s-proj/main/.git/beads-worktrees/beads-sync/.beads/issues.jsonl
time=2026-02-22T22:45:30.667-05:00 level=INFO msg="Pulled sync branch" branch=beads-sync fast_forward=false merged=false
time=2026-02-22T22:45:30.667-05:00 level=INFO msg="🔍 Checking JSONL content hash AFTER pull (fix: auto-pull-not-pulling)"
time=2026-02-22T22:45:30.669-05:00 level=INFO msg="JSONL content changed, proceeding with operation..." mode=auto-import
time=2026-02-22T22:45:30.746-05:00 level=INFO msg="Import failed" error="parent issue ac-4olo does not exist"
time=2026-02-22T22:45:31.652-05:00 level=INFO msg="Import triggered by file change"
time=2026-02-22T22:45:31.696-05:00 level=INFO msg="Starting auto-import" mode=auto-import
time=2026-02-22T22:45:32.190-05:00 level=INFO msg="File change detected" path=/Users/matthew/s-proj/main/.git/beads-worktrees/beads-sync/.beads/issues.jsonl
time=2026-02-22T22:45:32.206-05:00 level=INFO msg="Pulled sync branch" branch=beads-sync fast_forward=false merged=false
time=2026-02-22T22:45:32.206-05:00 level=INFO msg="🔍 Checking JSONL content hash AFTER pull (fix: auto-pull-not-pulling)"
time=2026-02-22T22:45:32.208-05:00 level=INFO msg="JSONL content changed, proceeding with operation..." mode=auto-import
time=2026-02-22T22:45:32.285-05:00 level=INFO msg="Import failed" error="parent issue ac-4olo does not exist"
time=2026-02-22T22:45:33.192-05:00 level=INFO msg="Import triggered by file change"
time=2026-02-22T22:45:33.230-05:00 level=INFO msg="Starting auto-import" mode=auto-import
time=2026-02-22T22:45:33.667-05:00 level=INFO msg="File change detected" path=/Users/matthew/s-proj/main/.git/beads-worktrees/beads-sync/.beads/issues.jsonl
time=2026-02-22T22:45:33.685-05:00 level=INFO msg="Pulled sync branch" branch=beads-sync fast_forward=false merged=false
time=2026-02-22T22:45:33.685-05:00 level=INFO msg="🔍 Checking JSONL content hash AFTER pull (fix: auto-pull-not-pulling)"
time=2026-02-22T22:45:33.686-05:00 level=INFO msg="JSONL content changed, proceeding with operation..." mode=auto-import
time=2026-02-22T22:45:33.763-05:00 level=INFO msg="Import failed" error="parent issue ac-4olo does not exist"
time=2026-02-22T22:45:34.673-05:00 level=INFO msg="Import triggered by file change"
time=2026-02-22T22:45:34.713-05:00 level=INFO msg="Starting auto-import" mode=auto-import
time=2026-02-22T22:45:35.158-05:00 level=INFO msg="File change detected" path=/Users/matthew/s-proj/main/.git/beads-worktrees/beads-sync/.beads/issues.jsonl
time=2026-02-22T22:45:35.171-05:00 level=INFO msg="Pulled sync branch" branch=beads-sync fast_forward=false merged=false
time=2026-02-22T22:45:35.171-05:00 level=INFO msg="🔍 Checking JSONL content hash AFTER pull (fix: auto-pull-not-pulling)"
time=2026-02-22T22:45:35.172-05:00 level=INFO msg="JSONL content changed, proceeding with operation..." mode=auto-import
time=2026-02-22T22:45:35.251-05:00 level=INFO msg="Import failed" error="parent issue ac-4olo does not exist"
time=2026-02-22T22:45:36.160-05:00 level=INFO msg="Import triggered by file change"
time=2026-02-22T22:45:36.202-05:00 level=INFO msg="Starting auto-import" mode=auto-import
time=2026-02-22T22:45:36.633-05:00 level=INFO msg="File change detected" path=/Users/matthew/s-proj/main/.git/beads-worktrees/beads-sync/.beads/issues.jsonl
time=2026-02-22T22:45:36.650-05:00 level=INFO msg="Pulled sync branch" branch=beads-sync fast_forward=false merged=false
time=2026-02-22T22:45:36.650-05:00 level=INFO msg="🔍 Checking JSONL content hash AFTER pull (fix: auto-pull-not-pulling)"
time=2026-02-22T22:45:36.651-05:00 level=INFO msg="JSONL content changed, proceeding with operation..." mode=auto-import
time=2026-02-22T22:45:36.727-05:00 level=INFO msg="Import failed" error="parent issue ac-4olo does not exist"
time=2026-02-22T22:45:37.635-05:00 level=INFO msg="Import triggered by file change"
time=2026-02-22T22:45:37.670-05:00 level=INFO msg="Starting auto-import" mode=auto-import
time=2026-02-22T22:45:38.148-05:00 level=INFO msg="File change detected" path=/Users/matthew/s-proj/main/.git/beads-worktrees/beads-sync/.beads/issues.jsonl
time=2026-02-22T22:45:38.161-05:00 level=INFO msg="Pulled sync branch" branch=beads-sync fast_forward=false merged=false
time=2026-02-22T22:45:38.161-05:00 level=INFO msg="🔍 Checking JSONL content hash AFTER pull (fix: auto-pull-not-pulling)"
time=2026-02-22T22:45:38.163-05:00 level=INFO msg="JSONL content changed, proceeding with operation..." mode=auto-import
time=2026-02-22T22:45:38.240-05:00 level=INFO msg="Import failed" error="parent issue ac-4olo does not exist"
time=2026-02-22T22:45:39.150-05:00 level=INFO msg="Import triggered by file change"
time=2026-02-22T22:45:39.186-05:00 level=INFO msg="Starting auto-import" mode=auto-import
time=2026-02-22T22:45:39.611-05:00 level=INFO msg="File change detected" path=/Users/matthew/s-proj/main/.git/beads-worktrees/beads-sync/.beads/issues.jsonl
time=2026-02-22T22:45:39.621-05:00 level=INFO msg="Pulled sync branch" branch=beads-sync fast_forward=false merged=false
time=2026-02-22T22:45:39.621-05:00 level=INFO msg="🔍 Checking JSONL content hash AFTER pull (fix: auto-pull-not-pulling)"
time=2026-02-22T22:45:39.622-05:00 level=INFO msg="JSONL content changed, proceeding with operation..." mode=auto-import
time=2026-02-22T22:45:39.699-05:00 level=INFO msg="Import failed" error="parent issue ac-4olo does not exist"
time=2026-02-22T22:45:40.615-05:00 level=INFO msg="Import triggered by file change"
time=2026-02-22T22:45:40.655-05:00 level=INFO msg="Starting auto-import" mode=auto-import
time=2026-02-22T22:45:41.103-05:00 level=INFO msg="File change detected" path=/Users/matthew/s-proj/main/.git/beads-worktrees/beads-sync/.beads/issues.jsonl
time=2026-02-22T22:45:41.113-05:00 level=INFO msg="Pulled sync branch" branch=beads-sync fast_forward=false merged=false
time=2026-02-22T22:45:41.114-05:00 level=INFO msg="🔍 Checking JSONL content hash AFTER pull (fix: auto-pull-not-pulling)"
time=2026-02-22T22:45:41.115-05:00 level=INFO msg="JSONL content changed, proceeding with operation..." mode=auto-import
time=2026-02-22T22:45:41.192-05:00 level=INFO msg="Import failed" error="parent issue ac-4olo does not exist"
time=2026-02-22T22:45:42.105-05:00 level=INFO msg="Import triggered by file change"
time=2026-02-22T22:45:42.127-05:00 level=INFO msg="Starting auto-import" mode=auto-import
time=2026-02-22T22:45:42.586-05:00 level=INFO msg="File change detected" path=/Users/matthew/s-proj/main/.git/beads-worktrees/beads-sync/.beads/issues.jsonl
time=2026-02-22T22:45:42.601-05:00 level=INFO msg="Pulled sync branch" branch=beads-sync fast_forward=false merged=false
time=2026-02-22T22:45:42.601-05:00 level=INFO msg="🔍 Checking JSONL content hash AFTER pull (fix: auto-pull-not-pulling)"
time=2026-02-22T22:45:42.603-05:00 level=INFO msg="JSONL content changed, proceeding with operation..." mode=auto-import
time=2026-02-22T22:45:42.681-05:00 level=INFO msg="Import failed" error="parent issue ac-4olo does not exist"
time=2026-02-22T22:45:43.589-05:00 level=INFO msg="Import triggered by file change"
time=2026-02-22T22:45:43.625-05:00 level=INFO msg="Starting auto-import" mode=auto-import
time=2026-02-22T22:45:44.274-05:00 level=INFO msg="File change detected" path=/Users/matthew/s-proj/main/.git/beads-worktrees/beads-sync/.beads/issues.jsonl
time=2026-02-22T22:45:44.288-05:00 level=INFO msg="Pulled sync branch" branch=beads-sync fast_forward=false merged=false
time=2026-02-22T22:45:44.288-05:00 level=INFO msg="🔍 Checking JSONL content hash AFTER pull (fix: auto-pull-not-pulling)"
time=2026-02-22T22:45:44.290-05:00 level=INFO msg="JSONL content changed, proceeding with operation..." mode=auto-import
time=2026-02-22T22:45:44.369-05:00 level=INFO msg="Import failed" error="parent issue ac-4olo does not exist"
time=2026-02-22T22:45:45.276-05:00 level=INFO msg="Import triggered by file change"
time=2026-02-22T22:45:45.313-05:00 level=INFO msg="Starting auto-import" mode=auto-import
time=2026-02-22T22:45:45.716-05:00 level=INFO msg="File change detected" path=/Users/matthew/s-proj/main/.git/beads-worktrees/beads-sync/.beads/issues.jsonl
time=2026-02-22T22:45:45.727-05:00 level=INFO msg="Pulled sync branch" branch=beads-sync fast_forward=false merged=false
time=2026-02-22T22:45:45.727-05:00 level=INFO msg="🔍 Checking JSONL content hash AFTER pull (fix: auto-pull-not-pulling)"
time=2026-02-22T22:45:45.728-05:00 level=INFO msg="JSONL content changed, proceeding with operation..." mode=auto-import
time=2026-02-22T22:45:45.806-05:00 level=INFO msg="Import failed" error="parent issue ac-4olo does not exist"
time=2026-02-22T22:45:46.718-05:00 level=INFO msg="Import triggered by file change"
time=2026-02-22T22:45:46.751-05:00 level=INFO msg="Starting auto-import" mode=auto-import
time=2026-02-22T22:45:47.185-05:00 level=INFO msg="File change detected" path=/Users/matthew/s-proj/main/.git/beads-worktrees/beads-sync/.beads/issues.jsonl
time=2026-02-22T22:45:47.197-05:00 level=INFO msg="Pulled sync branch" branch=beads-sync fast_forward=false merged=false
time=2026-02-22T22:45:47.197-05:00 level=INFO msg="🔍 Checking JSONL content hash AFTER pull (fix: auto-pull-not-pulling)"
time=2026-02-22T22:45:47.198-05:00 level=INFO msg="JSONL content changed, proceeding with operation..." mode=auto-import
time=2026-02-22T22:45:47.276-05:00 level=INFO msg="Import failed" error="parent issue ac-4olo does not exist"
time=2026-02-22T22:45:48.186-05:00 level=INFO msg="Import triggered by file change"
time=2026-02-22T22:45:48.220-05:00 level=INFO msg="Starting auto-import" mode=auto-import
time=2026-02-22T22:45:48.632-05:00 level=INFO msg="File change detected" path=/Users/matthew/s-proj/main/.git/beads-worktrees/beads-sync/.beads/issues.jsonl
time=2026-02-22T22:45:48.644-05:00 level=INFO msg="Pulled sync branch" branch=beads-sync fast_forward=false merged=false
time=2026-02-22T22:45:48.644-05:00 level=INFO msg="🔍 Checking JSONL content hash AFTER pull (fix: auto-pull-not-pulling)"
time=2026-02-22T22:45:48.646-05:00 level=INFO msg="JSONL content changed, proceeding with operation..." mode=auto-import
time=2026-02-22T22:45:48.733-05:00 level=INFO msg="Import failed" error="parent issue ac-4olo does not exist"
time=2026-02-22T22:45:49.634-05:00 level=INFO msg="Import triggered by file change"
time=2026-02-22T22:45:49.670-05:00 level=INFO msg="Starting auto-import" mode=auto-import
time=2026-02-22T22:45:50.192-05:00 level=INFO msg="File change detected" path=/Users/matthew/s-proj/main/.git/beads-worktrees/beads-sync/.beads/issues.jsonl
time=2026-02-22T22:45:50.205-05:00 level=INFO msg="Pulled sync branch" branch=beads-sync fast_forward=false merged=false
time=2026-02-22T22:45:50.205-05:00 level=INFO msg="🔍 Checking JSONL content hash AFTER pull (fix: auto-pull-not-pulling)"
time=2026-02-22T22:45:50.206-05:00 level=INFO msg="JSONL content changed, proceeding with operation..." mode=auto-import
time=2026-02-22T22:45:50.282-05:00 level=INFO msg="Import failed" error="parent issue ac-4olo does not exist"
time=2026-02-22T22:45:51.194-05:00 level=INFO msg="Import triggered by file change"
time=2026-02-22T22:45:51.235-05:00 level=INFO msg="Starting auto-import" mode=auto-import
time=2026-02-22T22:45:51.698-05:00 level=INFO msg="File change detected" path=/Users/matthew/s-proj/main/.git/beads-worktrees/beads-sync/.beads/issues.jsonl
time=2026-02-22T22:45:51.711-05:00 level=INFO msg="Pulled sync branch" branch=beads-sync fast_forward=false merged=false
time=2026-02-22T22:45:51.711-05:00 level=INFO msg="🔍 Checking JSONL content hash AFTER pull (fix: auto-pull-not-pulling)"
time=2026-02-22T22:45:51.712-05:00 level=INFO msg="JSONL content changed, proceeding with operation..." mode=auto-import
time=2026-02-22T22:45:51.788-05:00 level=INFO msg="Import failed" error="parent issue ac-4olo does not exist"
time=2026-02-22T22:45:52.700-05:00 level=INFO msg="Import triggered by file change"
time=2026-02-22T22:45:52.733-05:00 level=INFO msg="Starting auto-import" mode=auto-import
time=2026-02-22T22:45:53.154-05:00 level=INFO msg="File change detected" path=/Users/matthew/s-proj/main/.git/beads-worktrees/beads-sync/.beads/issues.jsonl
time=2026-02-22T22:45:53.163-05:00 level=INFO msg="Pulled sync branch" branch=beads-sync fast_forward=false merged=false
time=2026-02-22T22:45:53.163-05:00 level=INFO msg="🔍 Checking JSONL content hash AFTER pull (fix: auto-pull-not-pulling)"
time=2026-02-22T22:45:53.164-05:00 level=INFO msg="JSONL content changed, proceeding with operation..." mode=auto-import
time=2026-02-22T22:45:53.241-05:00 level=INFO msg="Import failed" error="parent issue ac-4olo does not exist"
time=2026-02-22T22:45:54.156-05:00 level=INFO msg="Import triggered by file change"
time=2026-02-22T22:45:54.186-05:00 level=INFO msg="Starting auto-import" mode=auto-import
time=2026-02-22T22:45:54.683-05:00 level=INFO msg="File change detected" path=/Users/matthew/s-proj/main/.git/beads-worktrees/beads-sync/.beads/issues.jsonl
time=2026-02-22T22:45:54.697-05:00 level=INFO msg="Pulled sync branch" branch=beads-sync fast_forward=false merged=false
time=2026-02-22T22:45:54.697-05:00 level=INFO msg="🔍 Checking JSONL content hash AFTER pull (fix: auto-pull-not-pulling)"
time=2026-02-22T22:45:54.698-05:00 level=INFO msg="JSONL content changed, proceeding with operation..." mode=auto-import
time=2026-02-22T22:45:54.775-05:00 level=INFO msg="Import failed" error="parent issue ac-4olo does not exist"
time=2026-02-22T22:45:55.685-05:00 level=INFO msg="Import triggered by file change"
time=2026-02-22T22:45:55.723-05:00 level=INFO msg="Starting auto-import" mode=auto-import
time=2026-02-22T22:45:56.161-05:00 level=INFO msg="File change detected" path=/Users/matthew/s-proj/main/.git/beads-worktrees/beads-sync/.beads/issues.jsonl
time=2026-02-22T22:45:56.176-05:00 level=INFO msg="Pulled sync branch" branch=beads-sync fast_forward=false merged=false
time=2026-02-22T22:45:56.176-05:00 level=INFO msg="🔍 Checking JSONL content hash AFTER pull (fix: auto-pull-not-pulling)"
time=2026-02-22T22:45:56.177-05:00 level=INFO msg="JSONL content changed, proceeding with operation..." mode=auto-import
time=2026-02-22T22:45:56.254-05:00 level=INFO msg="Import failed" error="parent issue ac-4olo does not exist"
time=2026-02-22T22:45:57.164-05:00 level=INFO msg="Import triggered by file change"
time=2026-02-22T22:45:57.199-05:00 level=INFO msg="Starting auto-import" mode=auto-import
time=2026-02-22T22:45:57.621-05:00 level=INFO msg="File change detected" path=/Users/matthew/s-proj/main/.git/beads-worktrees/beads-sync/.beads/issues.jsonl
time=2026-02-22T22:45:57.639-05:00 level=INFO msg="Pulled sync branch" branch=beads-sync fast_forward=false merged=false
time=2026-02-22T22:45:57.639-05:00 level=INFO msg="🔍 Checking JSONL content hash AFTER pull (fix: auto-pull-not-pulling)"
time=2026-02-22T22:45:57.640-05:00 level=INFO msg="JSONL content changed, proceeding with operation..." mode=auto-import
time=2026-02-22T22:45:57.717-05:00 level=INFO msg="Import failed" error="parent issue ac-4olo does not exist"
time=2026-02-22T22:45:58.623-05:00 level=INFO msg="Import triggered by file change"
time=2026-02-22T22:45:58.665-05:00 level=INFO msg="Starting auto-import" mode=auto-import
time=2026-02-22T22:45:59.141-05:00 level=INFO msg="File change detected" path=/Users/matthew/s-proj/main/.git/beads-worktrees/beads-sync/.beads/issues.jsonl
time=2026-02-22T22:45:59.150-05:00 level=INFO msg="Pulled sync branch" branch=beads-sync fast_forward=false merged=false
time=2026-02-22T22:45:59.150-05:00 level=INFO msg="🔍 Checking JSONL content hash AFTER pull (fix: auto-pull-not-pulling)"
time=2026-02-22T22:45:59.151-05:00 level=INFO msg="JSONL content changed, proceeding with operation..." mode=auto-import
time=2026-02-22T22:45:59.232-05:00 level=INFO msg="Import failed" error="parent issue ac-4olo does not exist"
time=2026-02-22T22:46:00.142-05:00 level=INFO msg="Import triggered by file change"
time=2026-02-22T22:46:00.167-05:00 level=INFO msg="Starting auto-import" mode=auto-import
time=2026-02-22T22:46:00.563-05:00 level=INFO msg="File change detected" path=/Users/matthew/s-proj/main/.git/beads-worktrees/beads-sync/.beads/issues.jsonl
time=2026-02-22T22:46:00.576-05:00 level=INFO msg="Pulled sync branch" branch=beads-sync fast_forward=false merged=false
time=2026-02-22T22:46:00.576-05:00 level=INFO msg="🔍 Checking JSONL content hash AFTER pull (fix: auto-pull-not-pulling)"
time=2026-02-22T22:46:00.577-05:00 level=INFO msg="JSONL content changed, proceeding with operation..." mode=auto-import
time=2026-02-22T22:46:00.653-05:00 level=INFO msg="Import failed" error="parent issue ac-4olo does not exist"
time=2026-02-22T22:46:01.565-05:00 level=INFO msg="Import triggered by file change"
time=2026-02-22T22:46:01.610-05:00 level=INFO msg="Starting auto-import" mode=auto-import
time=2026-02-22T22:46:02.090-05:00 level=INFO msg="File change detected" path=/Users/matthew/s-proj/main/.git/beads-worktrees/beads-sync/.beads/issues.jsonl
time=2026-02-22T22:46:02.102-05:00 level=INFO msg="Pulled sync branch" branch=beads-sync fast_forward=false merged=false
time=2026-02-22T22:46:02.102-05:00 level=INFO msg="🔍 Checking JSONL content hash AFTER pull (fix: auto-pull-not-pulling)"
time=2026-02-22T22:46:02.103-05:00 level=INFO msg="JSONL content changed, proceeding with operation..." mode=auto-import
time=2026-02-22T22:46:02.181-05:00 level=INFO msg="Import failed" error="parent issue ac-4olo does not exist"
time=2026-02-22T22:46:03.091-05:00 level=INFO msg="Import triggered by file change"
time=2026-02-22T22:46:03.110-05:00 level=INFO msg="Starting auto-import" mode=auto-import
time=2026-02-22T22:46:03.519-05:00 level=INFO msg="File change detected" path=/Users/matthew/s-proj/main/.git/beads-worktrees/beads-sync/.beads/issues.jsonl
time=2026-02-22T22:46:03.532-05:00 level=INFO msg="Pulled sync branch" branch=beads-sync fast_forward=false merged=false
time=2026-02-22T22:46:03.532-05:00 level=INFO msg="🔍 Checking JSONL content hash AFTER pull (fix: auto-pull-not-pulling)"
time=2026-02-22T22:46:03.533-05:00 level=INFO msg="JSONL content changed, proceeding with operation..." mode=auto-import
time=2026-02-22T22:46:03.611-05:00 level=INFO msg="Import failed" error="parent issue ac-4olo does not exist"
time=2026-02-22T22:46:04.521-05:00 level=INFO msg="Import triggered by file change"
time=2026-02-22T22:46:04.562-05:00 level=INFO msg="Starting auto-import" mode=auto-import
time=2026-02-22T22:46:04.993-05:00 level=INFO msg="File change detected" path=/Users/matthew/s-proj/main/.git/beads-worktrees/beads-sync/.beads/issues.jsonl
time=2026-02-22T22:46:05.008-05:00 level=INFO msg="Pulled sync branch" branch=beads-sync fast_forward=false merged=false
time=2026-02-22T22:46:05.008-05:00 level=INFO msg="🔍 Checking JSONL content hash AFTER pull (fix: auto-pull-not-pulling)"
time=2026-02-22T22:46:05.010-05:00 level=INFO msg="JSONL content changed, proceeding with operation..." mode=auto-import
time=2026-02-22T22:46:05.085-05:00 level=INFO msg="Import failed" error="parent issue ac-4olo does not exist"
time=2026-02-22T22:46:05.995-05:00 level=INFO msg="Import triggered by file change"
time=2026-02-22T22:46:06.030-05:00 level=INFO msg="Starting auto-import" mode=auto-import
time=2026-02-22T22:46:06.455-05:00 level=INFO msg="File change detected" path=/Users/matthew/s-proj/main/.git/beads-worktrees/beads-sync/.beads/issues.jsonl
time=2026-02-22T22:46:06.467-05:00 level=INFO msg="Pulled sync branch" branch=beads-sync fast_forward=false merged=false
time=2026-02-22T22:46:06.467-05:00 level=INFO msg="🔍 Checking JSONL content hash AFTER pull (fix: auto-pull-not-pulling)"
time=2026-02-22T22:46:06.468-05:00 level=INFO msg="JSONL content changed, proceeding with operation..." mode=auto-import
time=2026-02-22T22:46:06.546-05:00 level=INFO msg="Import failed" error="parent issue ac-4olo does not exist"
time=2026-02-22T22:46:07.457-05:00 level=INFO msg="Import triggered by file change"
time=2026-02-22T22:46:07.479-05:00 level=INFO msg="Starting auto-import" mode=auto-import
time=2026-02-22T22:46:07.893-05:00 level=INFO msg="File change detected" path=/Users/matthew/s-proj/main/.git/beads-worktrees/beads-sync/.beads/issues.jsonl
time=2026-02-22T22:46:07.903-05:00 level=INFO msg="Pulled sync branch" branch=beads-sync fast_forward=false merged=false
time=2026-02-22T22:46:07.903-05:00 level=INFO msg="🔍 Checking JSONL content hash AFTER pull (fix: auto-pull-not-pulling)"
time=2026-02-22T22:46:07.904-05:00 level=INFO msg="JSONL content changed, proceeding with operation..." mode=auto-import
time=2026-02-22T22:46:07.980-05:00 level=INFO msg="Import failed" error="parent issue ac-4olo does not exist"
time=2026-02-22T22:46:08.895-05:00 level=INFO msg="Import triggered by file change"
time=2026-02-22T22:46:08.934-05:00 level=INFO msg="Starting auto-import" mode=auto-import
time=2026-02-22T22:46:09.361-05:00 level=INFO msg="File change detected" path=/Users/matthew/s-proj/main/.git/beads-worktrees/beads-sync/.beads/issues.jsonl
time=2026-02-22T22:46:09.375-05:00 level=INFO msg="Pulled sync branch" branch=beads-sync fast_forward=false merged=false
time=2026-02-22T22:46:09.375-05:00 level=INFO msg="🔍 Checking JSONL content hash AFTER pull (fix: auto-pull-not-pulling)"
time=2026-02-22T22:46:09.376-05:00 level=INFO msg="JSONL content changed, proceeding with operation..." mode=auto-import
time=2026-02-22T22:46:09.453-05:00 level=INFO msg="Import failed" error="parent issue ac-4olo does not exist"
time=2026-02-22T22:46:10.362-05:00 level=INFO msg="Import triggered by file change"
time=2026-02-22T22:46:10.391-05:00 level=INFO msg="Starting auto-import" mode=auto-import
time=2026-02-22T22:46:10.807-05:00 level=INFO msg="File change detected" path=/Users/matthew/s-proj/main/.git/beads-worktrees/beads-sync/.beads/issues.jsonl
time=2026-02-22T22:46:10.820-05:00 level=INFO msg="Pulled sync branch" branch=beads-sync fast_forward=false merged=false
time=2026-02-22T22:46:10.820-05:00 level=INFO msg="🔍 Checking JSONL content hash AFTER pull (fix: auto-pull-not-pulling)"
time=2026-02-22T22:46:10.821-05:00 level=INFO msg="JSONL content changed, proceeding with operation..." mode=auto-import
time=2026-02-22T22:46:10.899-05:00 level=INFO msg="Import failed" error="parent issue ac-4olo does not exist"
time=2026-02-22T22:46:11.809-05:00 level=INFO msg="Import triggered by file change"
time=2026-02-22T22:46:11.835-05:00 level=INFO msg="Starting auto-import" mode=auto-import
time=2026-02-22T22:46:12.235-05:00 level=INFO msg="File change detected" path=/Users/matthew/s-proj/main/.git/beads-worktrees/beads-sync/.beads/issues.jsonl
time=2026-02-22T22:46:12.247-05:00 level=INFO msg="Pulled sync branch" branch=beads-sync fast_forward=false merged=false
time=2026-02-22T22:46:12.247-05:00 level=INFO msg="🔍 Checking JSONL content hash AFTER pull (fix: auto-pull-not-pulling)"
time=2026-02-22T22:46:12.248-05:00 level=INFO msg="JSONL content changed, proceeding with operation..." mode=auto-import
time=2026-02-22T22:46:12.327-05:00 level=INFO msg="Import failed" error="parent issue ac-4olo does not exist"
time=2026-02-22T22:46:13.237-05:00 level=INFO msg="Import triggered by file change"
time=2026-02-22T22:46:13.285-05:00 level=INFO msg="Starting auto-import" mode=auto-import
time=2026-02-22T22:46:13.726-05:00 level=INFO msg="File change detected" path=/Users/matthew/s-proj/main/.git/beads-worktrees/beads-sync/.beads/issues.jsonl
time=2026-02-22T22:46:13.738-05:00 level=INFO msg="Pulled sync branch" branch=beads-sync fast_forward=false merged=false
time=2026-02-22T22:46:13.738-05:00 level=INFO msg="🔍 Checking JSONL content hash AFTER pull (fix: auto-pull-not-pulling)"
time=2026-02-22T22:46:13.739-05:00 level=INFO msg="JSONL content changed, proceeding with operation..." mode=auto-import
time=2026-02-22T22:46:13.815-05:00 level=INFO msg="Import failed" error="parent issue ac-4olo does not exist"
time=2026-02-22T22:46:14.730-05:00 level=INFO msg="Import triggered by file change"
time=2026-02-22T22:46:14.766-05:00 level=INFO msg="Starting auto-import" mode=auto-import
time=2026-02-22T22:46:15.211-05:00 level=INFO msg="File change detected" path=/Users/matthew/s-proj/main/.git/beads-worktrees/beads-sync/.beads/issues.jsonl
time=2026-02-22T22:46:15.222-05:00 level=INFO msg="Pulled sync branch" branch=beads-sync fast_forward=false merged=false
time=2026-02-22T22:46:15.223-05:00 level=INFO msg="🔍 Checking JSONL content hash AFTER pull (fix: auto-pull-not-pulling)"
time=2026-02-22T22:46:15.224-05:00 level=INFO msg="JSONL content changed, proceeding with operation..." mode=auto-import
time=2026-02-22T22:46:15.300-05:00 level=INFO msg="Import failed" error="parent issue ac-4olo does not exist"
time=2026-02-22T22:46:16.213-05:00 level=INFO msg="Import triggered by file change"
time=2026-02-22T22:46:16.241-05:00 level=INFO msg="Starting auto-import" mode=auto-import
time=2026-02-22T22:46:16.661-05:00 level=INFO msg="File change detected" path=/Users/matthew/s-proj/main/.git/beads-worktrees/beads-sync/.beads/issues.jsonl
time=2026-02-22T22:46:16.674-05:00 level=INFO msg="Pulled sync branch" branch=beads-sync fast_forward=false merged=false
time=2026-02-22T22:46:16.674-05:00 level=INFO msg="🔍 Checking JSONL content hash AFTER pull (fix: auto-pull-not-pulling)"
time=2026-02-22T22:46:16.676-05:00 level=INFO msg="JSONL content changed, proceeding with operation..." mode=auto-import
time=2026-02-22T22:46:16.753-05:00 level=INFO msg="Import failed" error="parent issue ac-4olo does not exist"
time=2026-02-22T22:46:17.663-05:00 level=INFO msg="Import triggered by file change"
time=2026-02-22T22:46:17.707-05:00 level=INFO msg="Starting auto-import" mode=auto-import
time=2026-02-22T22:46:18.136-05:00 level=INFO msg="File change detected" path=/Users/matthew/s-proj/main/.git/beads-worktrees/beads-sync/.beads/issues.jsonl
time=2026-02-22T22:46:18.148-05:00 level=INFO msg="Pulled sync branch" branch=beads-sync fast_forward=false merged=false
time=2026-02-22T22:46:18.148-05:00 level=INFO msg="🔍 Checking JSONL content hash AFTER pull (fix: auto-pull-not-pulling)"
time=2026-02-22T22:46:18.150-05:00 level=INFO msg="JSONL content changed, proceeding with operation..." mode=auto-import
time=2026-02-22T22:46:18.226-05:00 level=INFO msg="Import failed" error="parent issue ac-4olo does not exist"
time=2026-02-22T22:46:19.138-05:00 level=INFO msg="Import triggered by file change"
time=2026-02-22T22:46:19.175-05:00 level=INFO msg="Starting auto-import" mode=auto-import
time=2026-02-22T22:46:19.665-05:00 level=INFO msg="File change detected" path=/Users/matthew/s-proj/main/.git/beads-worktrees/beads-sync/.beads/issues.jsonl
time=2026-02-22T22:46:19.678-05:00 level=INFO msg="Pulled sync branch" branch=beads-sync fast_forward=false merged=false
time=2026-02-22T22:46:19.678-05:00 level=INFO msg="🔍 Checking JSONL content hash AFTER pull (fix: auto-pull-not-pulling)"
time=2026-02-22T22:46:19.680-05:00 level=INFO msg="JSONL content changed, proceeding with operation..." mode=auto-import
time=2026-02-22T22:46:19.756-05:00 level=INFO msg="Import failed" error="parent issue ac-4olo does not exist"
time=2026-02-22T22:46:20.667-05:00 level=INFO msg="Import triggered by file change"
time=2026-02-22T22:46:20.706-05:00 level=INFO msg="Starting auto-import" mode=auto-import
time=2026-02-22T22:46:21.141-05:00 level=INFO msg="File change detected" path=/Users/matthew/s-proj/main/.git/beads-worktrees/beads-sync/.beads/issues.jsonl
time=2026-02-22T22:46:21.152-05:00 level=INFO msg="Pulled sync branch" branch=beads-sync fast_forward=false merged=false
time=2026-02-22T22:46:21.152-05:00 level=INFO msg="🔍 Checking JSONL content hash AFTER pull (fix: auto-pull-not-pulling)"
time=2026-02-22T22:46:21.153-05:00 level=INFO msg="JSONL content changed, proceeding with operation..." mode=auto-import
time=2026-02-22T22:46:21.229-05:00 level=INFO msg="Import failed" error="parent issue ac-4olo does not exist"
time=2026-02-22T22:46:22.146-05:00 level=INFO msg="Import triggered by file change"
time=2026-02-22T22:46:22.178-05:00 level=INFO msg="Starting auto-import" mode=auto-import
time=2026-02-22T22:46:22.605-05:00 level=INFO msg="File change detected" path=/Users/matthew/s-proj/main/.git/beads-worktrees/beads-sync/.beads/issues.jsonl
time=2026-02-22T22:46:22.621-05:00 level=INFO msg="Pulled sync branch" branch=beads-sync fast_forward=false merged=false
time=2026-02-22T22:46:22.621-05:00 level=INFO msg="🔍 Checking JSONL content hash AFTER pull (fix: auto-pull-not-pulling)"
time=2026-02-22T22:46:22.623-05:00 level=INFO msg="JSONL content changed, proceeding with operation..." mode=auto-import
time=2026-02-22T22:46:22.700-05:00 level=INFO msg="Import failed" error="parent issue ac-4olo does not exist"
time=2026-02-22T22:46:23.607-05:00 level=INFO msg="Import triggered by file change"
time=2026-02-22T22:46:23.649-05:00 level=INFO msg="Starting auto-import" mode=auto-import
time=2026-02-22T22:46:24.107-05:00 level=INFO msg="File change detected" path=/Users/matthew/s-proj/main/.git/beads-worktrees/beads-sync/.beads/issues.jsonl
time=2026-02-22T22:46:24.122-05:00 level=INFO msg="Pulled sync branch" branch=beads-sync fast_forward=false merged=false
time=2026-02-22T22:46:24.122-05:00 level=INFO msg="🔍 Checking JSONL content hash AFTER pull (fix: auto-pull-not-pulling)"
time=2026-02-22T22:46:24.123-05:00 level=INFO msg="JSONL content changed, proceeding with operation..." mode=auto-import
time=2026-02-22T22:46:24.200-05:00 level=INFO msg="Import failed" error="parent issue ac-4olo does not exist"
time=2026-02-22T22:46:25.109-05:00 level=INFO msg="Import triggered by file change"
time=2026-02-22T22:46:25.154-05:00 level=INFO msg="Starting auto-import" mode=auto-import
time=2026-02-22T22:46:25.609-05:00 level=INFO msg="File change detected" path=/Users/matthew/s-proj/main/.git/beads-worktrees/beads-sync/.beads/issues.jsonl
time=2026-02-22T22:46:25.622-05:00 level=INFO msg="Pulled sync branch" branch=beads-sync fast_forward=false merged=false
time=2026-02-22T22:46:25.622-05:00 level=INFO msg="🔍 Checking JSONL content hash AFTER pull (fix: auto-pull-not-pulling)"
time=2026-02-22T22:46:25.623-05:00 level=INFO msg="JSONL content changed, proceeding with operation..." mode=auto-import
time=2026-02-22T22:46:25.701-05:00 level=INFO msg="Import failed" error="parent issue ac-4olo does not exist"
time=2026-02-22T22:46:26.621-05:00 level=INFO msg="Import triggered by file change"
time=2026-02-22T22:46:26.662-05:00 level=INFO msg="Starting auto-import" mode=auto-import
time=2026-02-22T22:46:27.114-05:00 level=INFO msg="File change detected" path=/Users/matthew/s-proj/main/.git/beads-worktrees/beads-sync/.beads/issues.jsonl
time=2026-02-22T22:46:27.126-05:00 level=INFO msg="Pulled sync branch" branch=beads-sync fast_forward=false merged=false
time=2026-02-22T22:46:27.126-05:00 level=INFO msg="🔍 Checking JSONL content hash AFTER pull (fix: auto-pull-not-pulling)"
time=2026-02-22T22:46:27.128-05:00 level=INFO msg="JSONL content changed, proceeding with operation..." mode=auto-import
time=2026-02-22T22:46:27.203-05:00 level=INFO msg="Import failed" error="parent issue ac-4olo does not exist"
time=2026-02-22T22:46:28.122-05:00 level=INFO msg="Import triggered by file change"
time=2026-02-22T22:46:28.160-05:00 level=INFO msg="Starting auto-import" mode=auto-import
time=2026-02-22T22:46:28.684-05:00 level=INFO msg="File change detected" path=/Users/matthew/s-proj/main/.git/beads-worktrees/beads-sync/.beads/issues.jsonl
time=2026-02-22T22:46:28.699-05:00 level=INFO msg="Pulled sync branch" branch=beads-sync fast_forward=false merged=false
time=2026-02-22T22:46:28.699-05:00 level=INFO msg="🔍 Checking JSONL content hash AFTER pull (fix: auto-pull-not-pulling)"
time=2026-02-22T22:46:28.700-05:00 level=INFO msg="JSONL content changed, proceeding with operation..." mode=auto-import
time=2026-02-22T22:46:28.777-05:00 level=INFO msg="Import failed" error="parent issue ac-4olo does not exist"
time=2026-02-22T22:46:29.686-05:00 level=INFO msg="Import triggered by file change"
time=2026-02-22T22:46:29.734-05:00 level=INFO msg="Starting auto-import" mode=auto-import
time=2026-02-22T22:46:30.186-05:00 level=INFO msg="File change detected" path=/Users/matthew/s-proj/main/.git/beads-worktrees/beads-sync/.beads/issues.jsonl
time=2026-02-22T22:46:30.200-05:00 level=INFO msg="Pulled sync branch" branch=beads-sync fast_forward=false merged=false
time=2026-02-22T22:46:30.200-05:00 level=INFO msg="🔍 Checking JSONL content hash AFTER pull (fix: auto-pull-not-pulling)"
time=2026-02-22T22:46:30.202-05:00 level=INFO msg="JSONL content changed, proceeding with operation..." mode=auto-import
time=2026-02-22T22:46:30.278-05:00 level=INFO msg="Import failed" error="parent issue ac-4olo does not exist"
time=2026-02-22T22:46:31.196-05:00 level=INFO msg="Import triggered by file change"
time=2026-02-22T22:46:31.236-05:00 level=INFO msg="Starting auto-import" mode=auto-import
time=2026-02-22T22:46:31.690-05:00 level=INFO msg="File change detected" path=/Users/matthew/s-proj/main/.git/beads-worktrees/beads-sync/.beads/issues.jsonl
time=2026-02-22T22:46:31.705-05:00 level=INFO msg="Pulled sync branch" branch=beads-sync fast_forward=false merged=false
time=2026-02-22T22:46:31.705-05:00 level=INFO msg="🔍 Checking JSONL content hash AFTER pull (fix: auto-pull-not-pulling)"
time=2026-02-22T22:46:31.706-05:00 level=INFO msg="JSONL content changed, proceeding with operation..." mode=auto-import
time=2026-02-22T22:46:31.782-05:00 level=INFO msg="Import failed" error="parent issue ac-4olo does not exist"
time=2026-02-22T22:46:32.692-05:00 level=INFO msg="Import triggered by file change"
time=2026-02-22T22:46:32.737-05:00 level=INFO msg="Starting auto-import" mode=auto-import
time=2026-02-22T22:46:33.184-05:00 level=INFO msg="File change detected" path=/Users/matthew/s-proj/main/.git/beads-worktrees/beads-sync/.beads/issues.jsonl
time=2026-02-22T22:46:33.197-05:00 level=INFO msg="Pulled sync branch" branch=beads-sync fast_forward=false merged=false
time=2026-02-22T22:46:33.197-05:00 level=INFO msg="🔍 Checking JSONL content hash AFTER pull (fix: auto-pull-not-pulling)"
time=2026-02-22T22:46:33.198-05:00 level=INFO msg="JSONL content changed, proceeding with operation..." mode=auto-import
time=2026-02-22T22:46:33.288-05:00 level=INFO msg="Import failed" error="parent issue ac-4olo does not exist"
time=2026-02-22T22:46:34.186-05:00 level=INFO msg="Import triggered by file change"
time=2026-02-22T22:46:34.235-05:00 level=INFO msg="Starting auto-import" mode=auto-import
time=2026-02-22T22:46:34.673-05:00 level=INFO msg="File change detected" path=/Users/matthew/s-proj/main/.git/beads-worktrees/beads-sync/.beads/issues.jsonl
time=2026-02-22T22:46:34.687-05:00 level=INFO msg="Pulled sync branch" branch=beads-sync fast_forward=false merged=false
time=2026-02-22T22:46:34.687-05:00 level=INFO msg="🔍 Checking JSONL content hash AFTER pull (fix: auto-pull-not-pulling)"
time=2026-02-22T22:46:34.688-05:00 level=INFO msg="JSONL content changed, proceeding with operation..." mode=auto-import
time=2026-02-22T22:46:34.764-05:00 level=INFO msg="Import failed" error="parent issue ac-4olo does not exist"
time=2026-02-22T22:46:35.681-05:00 level=INFO msg="Import triggered by file change"
time=2026-02-22T22:46:35.716-05:00 level=INFO msg="Starting auto-import" mode=auto-import
time=2026-02-22T22:46:36.180-05:00 level=INFO msg="File change detected" path=/Users/matthew/s-proj/main/.git/beads-worktrees/beads-sync/.beads/issues.jsonl
time=2026-02-22T22:46:36.196-05:00 level=INFO msg="Pulled sync branch" branch=beads-sync fast_forward=false merged=false
time=2026-02-22T22:46:36.196-05:00 level=INFO msg="🔍 Checking JSONL content hash AFTER pull (fix: auto-pull-not-pulling)"
time=2026-02-22T22:46:36.197-05:00 level=INFO msg="JSONL content changed, proceeding with operation..." mode=auto-import
time=2026-02-22T22:46:36.274-05:00 level=INFO msg="Import failed" error="parent issue ac-4olo does not exist"
time=2026-02-22T22:46:37.182-05:00 level=INFO msg="Import triggered by file change"
time=2026-02-22T22:46:37.225-05:00 level=INFO msg="Starting auto-import" mode=auto-import
time=2026-02-22T22:46:37.691-05:00 level=INFO msg="File change detected" path=/Users/matthew/s-proj/main/.git/beads-worktrees/beads-sync/.beads/issues.jsonl
time=2026-02-22T22:46:37.709-05:00 level=INFO msg="Pulled sync branch" branch=beads-sync fast_forward=false merged=false
time=2026-02-22T22:46:37.709-05:00 level=INFO msg="🔍 Checking JSONL content hash AFTER pull (fix: auto-pull-not-pulling)"
time=2026-02-22T22:46:37.710-05:00 level=INFO msg="JSONL content changed, proceeding with operation..." mode=auto-import
time=2026-02-22T22:46:37.787-05:00 level=INFO msg="Import failed" error="parent issue ac-4olo does not exist"
time=2026-02-22T22:46:38.694-05:00 level=INFO msg="Import triggered by file change"
time=2026-02-22T22:46:38.725-05:00 level=INFO msg="Starting auto-import" mode=auto-import
time=2026-02-22T22:46:39.155-05:00 level=INFO msg="File change detected" path=/Users/matthew/s-proj/main/.git/beads-worktrees/beads-sync/.beads/issues.jsonl
time=2026-02-22T22:46:39.168-05:00 level=INFO msg="Pulled sync branch" branch=beads-sync fast_forward=false merged=false
time=2026-02-22T22:46:39.168-05:00 level=INFO msg="🔍 Checking JSONL content hash AFTER pull (fix: auto-pull-not-pulling)"
time=2026-02-22T22:46:39.169-05:00 level=INFO msg="JSONL content changed, proceeding with operation..." mode=auto-import
time=2026-02-22T22:46:39.249-05:00 level=INFO msg="Import failed" error="parent issue ac-4olo does not exist"
time=2026-02-22T22:46:40.157-05:00 level=INFO msg="Import triggered by file change"
time=2026-02-22T22:46:40.197-05:00 level=INFO msg="Starting auto-import" mode=auto-import
time=2026-02-22T22:46:40.632-05:00 level=INFO msg="File change detected" path=/Users/matthew/s-proj/main/.git/beads-worktrees/beads-sync/.beads/issues.jsonl
time=2026-02-22T22:46:40.646-05:00 level=INFO msg="Pulled sync branch" branch=beads-sync fast_forward=false merged=false
time=2026-02-22T22:46:40.646-05:00 level=INFO msg="🔍 Checking JSONL content hash AFTER pull (fix: auto-pull-not-pulling)"
time=2026-02-22T22:46:40.647-05:00 level=INFO msg="JSONL content changed, proceeding with operation..." mode=auto-import
time=2026-02-22T22:46:40.725-05:00 level=INFO msg="Import failed" error="parent issue ac-4olo does not exist"
time=2026-02-22T22:46:41.635-05:00 level=INFO msg="Import triggered by file change"
time=2026-02-22T22:46:41.663-05:00 level=INFO msg="Starting auto-import" mode=auto-import
time=2026-02-22T22:46:42.104-05:00 level=INFO msg="File change detected" path=/Users/matthew/s-proj/main/.git/beads-worktrees/beads-sync/.beads/issues.jsonl
time=2026-02-22T22:46:42.115-05:00 level=INFO msg="Pulled sync branch" branch=beads-sync fast_forward=false merged=false
time=2026-02-22T22:46:42.115-05:00 level=INFO msg="🔍 Checking JSONL content hash AFTER pull (fix: auto-pull-not-pulling)"
time=2026-02-22T22:46:42.116-05:00 level=INFO msg="JSONL content changed, proceeding with operation..." mode=auto-import
time=2026-02-22T22:46:42.193-05:00 level=INFO msg="Import failed" error="parent issue ac-4olo does not exist"
time=2026-02-22T22:46:43.110-05:00 level=INFO msg="Import triggered by file change"
time=2026-02-22T22:46:43.152-05:00 level=INFO msg="Starting auto-import" mode=auto-import
time=2026-02-22T22:46:43.624-05:00 level=INFO msg="File change detected" path=/Users/matthew/s-proj/main/.git/beads-worktrees/beads-sync/.beads/issues.jsonl
time=2026-02-22T22:46:43.640-05:00 level=INFO msg="Pulled sync branch" branch=beads-sync fast_forward=false merged=false
time=2026-02-22T22:46:43.640-05:00 level=INFO msg="🔍 Checking JSONL content hash AFTER pull (fix: auto-pull-not-pulling)"
time=2026-02-22T22:46:43.642-05:00 level=INFO msg="JSONL content changed, proceeding with operation..." mode=auto-import
time=2026-02-22T22:46:43.721-05:00 level=INFO msg="Import failed" error="parent issue ac-4olo does not exist"
time=2026-02-22T22:46:44.626-05:00 level=INFO msg="Import triggered by file change"
time=2026-02-22T22:46:44.670-05:00 level=INFO msg="Starting auto-import" mode=auto-import
time=2026-02-22T22:46:45.123-05:00 level=INFO msg="File change detected" path=/Users/matthew/s-proj/main/.git/beads-worktrees/beads-sync/.beads/issues.jsonl
time=2026-02-22T22:46:45.136-05:00 level=INFO msg="Pulled sync branch" branch=beads-sync fast_forward=false merged=false
time=2026-02-22T22:46:45.136-05:00 level=INFO msg="🔍 Checking JSONL content hash AFTER pull (fix: auto-pull-not-pulling)"
time=2026-02-22T22:46:45.137-05:00 level=INFO msg="JSONL content changed, proceeding with operation..." mode=auto-import
time=2026-02-22T22:46:45.213-05:00 level=INFO msg="Import failed" error="parent issue ac-4olo does not exist"
time=2026-02-22T22:46:46.125-05:00 level=INFO msg="Import triggered by file change"
time=2026-02-22T22:46:46.158-05:00 level=INFO msg="Starting auto-import" mode=auto-import
time=2026-02-22T22:46:46.581-05:00 level=INFO msg="File change detected" path=/Users/matthew/s-proj/main/.git/beads-worktrees/beads-sync/.beads/issues.jsonl
time=2026-02-22T22:46:46.592-05:00 level=INFO msg="Pulled sync branch" branch=beads-sync fast_forward=false merged=false
time=2026-02-22T22:46:46.592-05:00 level=INFO msg="🔍 Checking JSONL content hash AFTER pull (fix: auto-pull-not-pulling)"
time=2026-02-22T22:46:46.593-05:00 level=INFO msg="JSONL content changed, proceeding with operation..." mode=auto-import
time=2026-02-22T22:46:46.670-05:00 level=INFO msg="Import failed" error="parent issue ac-4olo does not exist"
time=2026-02-22T22:46:47.583-05:00 level=INFO msg="Import triggered by file change"
time=2026-02-22T22:46:47.620-05:00 level=INFO msg="Starting auto-import" mode=auto-import
time=2026-02-22T22:46:48.087-05:00 level=INFO msg="File change detected" path=/Users/matthew/s-proj/main/.git/beads-worktrees/beads-sync/.beads/issues.jsonl
time=2026-02-22T22:46:48.100-05:00 level=INFO msg="Pulled sync branch" branch=beads-sync fast_forward=false merged=false
time=2026-02-22T22:46:48.100-05:00 level=INFO msg="🔍 Checking JSONL content hash AFTER pull (fix: auto-pull-not-pulling)"
time=2026-02-22T22:46:48.101-05:00 level=INFO msg="JSONL content changed, proceeding with operation..." mode=auto-import
time=2026-02-22T22:46:48.178-05:00 level=INFO msg="Import failed" error="parent issue ac-4olo does not exist"
time=2026-02-22T22:46:49.089-05:00 level=INFO msg="Import triggered by file change"
time=2026-02-22T22:46:49.132-05:00 level=INFO msg="Starting auto-import" mode=auto-import
time=2026-02-22T22:46:49.582-05:00 level=INFO msg="File change detected" path=/Users/matthew/s-proj/main/.git/beads-worktrees/beads-sync/.beads/issues.jsonl
time=2026-02-22T22:46:49.597-05:00 level=INFO msg="Pulled sync branch" branch=beads-sync fast_forward=false merged=false
time=2026-02-22T22:46:49.597-05:00 level=INFO msg="🔍 Checking JSONL content hash AFTER pull (fix: auto-pull-not-pulling)"
time=2026-02-22T22:46:49.598-05:00 level=INFO msg="JSONL content changed, proceeding with operation..." mode=auto-import
time=2026-02-22T22:46:49.676-05:00 level=INFO msg="Import failed" error="parent issue ac-4olo does not exist"
time=2026-02-22T22:46:50.584-05:00 level=INFO msg="Import triggered by file change"
time=2026-02-22T22:46:50.625-05:00 level=INFO msg="Starting auto-import" mode=auto-import
time=2026-02-22T22:46:51.050-05:00 level=INFO msg="File change detected" path=/Users/matthew/s-proj/main/.git/beads-worktrees/beads-sync/.beads/issues.jsonl
time=2026-02-22T22:46:51.064-05:00 level=INFO msg="Pulled sync branch" branch=beads-sync fast_forward=false merged=false
time=2026-02-22T22:46:51.064-05:00 level=INFO msg="🔍 Checking JSONL content hash AFTER pull (fix: auto-pull-not-pulling)"
time=2026-02-22T22:46:51.065-05:00 level=INFO msg="JSONL content changed, proceeding with operation..." mode=auto-import
time=2026-02-22T22:46:51.142-05:00 level=INFO msg="Import failed" error="parent issue ac-4olo does not exist"
time=2026-02-22T22:46:52.052-05:00 level=INFO msg="Import triggered by file change"
time=2026-02-22T22:46:52.091-05:00 level=INFO msg="Starting auto-import" mode=auto-import
time=2026-02-22T22:46:52.512-05:00 level=INFO msg="File change detected" path=/Users/matthew/s-proj/main/.git/beads-worktrees/beads-sync/.beads/issues.jsonl
time=2026-02-22T22:46:52.524-05:00 level=INFO msg="Pulled sync branch" branch=beads-sync fast_forward=false merged=false
time=2026-02-22T22:46:52.524-05:00 level=INFO msg="🔍 Checking JSONL content hash AFTER pull (fix: auto-pull-not-pulling)"
time=2026-02-22T22:46:52.526-05:00 level=INFO msg="JSONL content changed, proceeding with operation..." mode=auto-import
time=2026-02-22T22:46:52.604-05:00 level=INFO msg="Import failed" error="parent issue ac-4olo does not exist"
time=2026-02-22T22:46:53.515-05:00 level=INFO msg="Import triggered by file change"
time=2026-02-22T22:46:53.550-05:00 level=INFO msg="Starting auto-import" mode=auto-import
time=2026-02-22T22:46:53.968-05:00 level=INFO msg="File change detected" path=/Users/matthew/s-proj/main/.git/beads-worktrees/beads-sync/.beads/issues.jsonl
time=2026-02-22T22:46:53.977-05:00 level=INFO msg="Pulled sync branch" branch=beads-sync fast_forward=false merged=false
time=2026-02-22T22:46:53.977-05:00 level=INFO msg="🔍 Checking JSONL content hash AFTER pull (fix: auto-pull-not-pulling)"
time=2026-02-22T22:46:53.979-05:00 level=INFO msg="JSONL content changed, proceeding with operation..." mode=auto-import
time=2026-02-22T22:46:54.057-05:00 level=INFO msg="Import failed" error="parent issue ac-4olo does not exist"
time=2026-02-22T22:46:54.970-05:00 level=INFO msg="Import triggered by file change"
time=2026-02-22T22:46:55.009-05:00 level=INFO msg="Starting auto-import" mode=auto-import
time=2026-02-22T22:46:55.512-05:00 level=INFO msg="File change detected" path=/Users/matthew/s-proj/main/.git/beads-worktrees/beads-sync/.beads/issues.jsonl
time=2026-02-22T22:46:55.527-05:00 level=INFO msg="Pulled sync branch" branch=beads-sync fast_forward=false merged=false
time=2026-02-22T22:46:55.527-05:00 level=INFO msg="🔍 Checking JSONL content hash AFTER pull (fix: auto-pull-not-pulling)"
time=2026-02-22T22:46:55.528-05:00 level=INFO msg="JSONL content changed, proceeding with operation..." mode=auto-import
time=2026-02-22T22:46:55.606-05:00 level=INFO msg="Import failed" error="parent issue ac-4olo does not exist"
time=2026-02-22T22:46:56.514-05:00 level=INFO msg="Import triggered by file change"
time=2026-02-22T22:46:56.557-05:00 level=INFO msg="Starting auto-import" mode=auto-import
time=2026-02-22T22:46:57.023-05:00 level=INFO msg="File change detected" path=/Users/matthew/s-proj/main/.git/beads-worktrees/beads-sync/.beads/issues.jsonl
time=2026-02-22T22:46:57.042-05:00 level=INFO msg="Pulled sync branch" branch=beads-sync fast_forward=false merged=false
time=2026-02-22T22:46:57.042-05:00 level=INFO msg="🔍 Checking JSONL content hash AFTER pull (fix: auto-pull-not-pulling)"
time=2026-02-22T22:46:57.043-05:00 level=INFO msg="JSONL content changed, proceeding with operation..." mode=auto-import
time=2026-02-22T22:46:57.123-05:00 level=INFO msg="Import failed" error="parent issue ac-4olo does not exist"
time=2026-02-22T22:46:58.025-05:00 level=INFO msg="Import triggered by file change"
time=2026-02-22T22:46:58.060-05:00 level=INFO msg="Starting auto-import" mode=auto-import
time=2026-02-22T22:46:58.527-05:00 level=INFO msg="File change detected" path=/Users/matthew/s-proj/main/.git/beads-worktrees/beads-sync/.beads/issues.jsonl
time=2026-02-22T22:46:58.543-05:00 level=INFO msg="Pulled sync branch" branch=beads-sync fast_forward=false merged=false
time=2026-02-22T22:46:58.543-05:00 level=INFO msg="🔍 Checking JSONL content hash AFTER pull (fix: auto-pull-not-pulling)"
time=2026-02-22T22:46:58.545-05:00 level=INFO msg="JSONL content changed, proceeding with operation..." mode=auto-import
time=2026-02-22T22:46:58.623-05:00 level=INFO msg="Import failed" error="parent issue ac-4olo does not exist"
time=2026-02-22T22:46:59.532-05:00 level=INFO msg="Import triggered by file change"
time=2026-02-22T22:46:59.568-05:00 level=INFO msg="Starting auto-import" mode=auto-import
time=2026-02-22T22:47:00.038-05:00 level=INFO msg="File change detected" path=/Users/matthew/s-proj/main/.git/beads-worktrees/beads-sync/.beads/issues.jsonl
time=2026-02-22T22:47:00.051-05:00 level=INFO msg="Pulled sync branch" branch=beads-sync fast_forward=false merged=false
time=2026-02-22T22:47:00.051-05:00 level=INFO msg="🔍 Checking JSONL content hash AFTER pull (fix: auto-pull-not-pulling)"
time=2026-02-22T22:47:00.053-05:00 level=INFO msg="JSONL content changed, proceeding with operation..." mode=auto-import
time=2026-02-22T22:47:00.134-05:00 level=INFO msg="Import failed" error="parent issue ac-4olo does not exist"
time=2026-02-22T22:47:01.040-05:00 level=INFO msg="Import triggered by file change"
time=2026-02-22T22:47:01.093-05:00 level=INFO msg="Starting auto-import" mode=auto-import
time=2026-02-22T22:47:01.560-05:00 level=INFO msg="File change detected" path=/Users/matthew/s-proj/main/.git/beads-worktrees/beads-sync/.beads/issues.jsonl
time=2026-02-22T22:47:01.578-05:00 level=INFO msg="Pulled sync branch" branch=beads-sync fast_forward=false merged=false
time=2026-02-22T22:47:01.578-05:00 level=INFO msg="🔍 Checking JSONL content hash AFTER pull (fix: auto-pull-not-pulling)"
time=2026-02-22T22:47:01.580-05:00 level=INFO msg="JSONL content changed, proceeding with operation..." mode=auto-import
time=2026-02-22T22:47:01.663-05:00 level=INFO msg="Import failed" error="parent issue ac-4olo does not exist"
time=2026-02-22T22:47:02.569-05:00 level=INFO msg="Import triggered by file change"
time=2026-02-22T22:47:02.600-05:00 level=INFO msg="Starting auto-import" mode=auto-import
time=2026-02-22T22:47:03.059-05:00 level=INFO msg="File change detected" path=/Users/matthew/s-proj/main/.git/beads-worktrees/beads-sync/.beads/issues.jsonl
time=2026-02-22T22:47:03.073-05:00 level=INFO msg="Pulled sync branch" branch=beads-sync fast_forward=false merged=false
time=2026-02-22T22:47:03.073-05:00 level=INFO msg="🔍 Checking JSONL content hash AFTER pull (fix: auto-pull-not-pulling)"
time=2026-02-22T22:47:03.075-05:00 level=INFO msg="JSONL content changed, proceeding with operation..." mode=auto-import
time=2026-02-22T22:47:03.154-05:00 level=INFO msg="Import failed" error="parent issue ac-4olo does not exist"
time=2026-02-22T22:47:04.060-05:00 level=INFO msg="Import triggered by file change"
time=2026-02-22T22:47:04.096-05:00 level=INFO msg="Starting auto-import" mode=auto-import
time=2026-02-22T22:47:04.552-05:00 level=INFO msg="File change detected" path=/Users/matthew/s-proj/main/.git/beads-worktrees/beads-sync/.beads/issues.jsonl
time=2026-02-22T22:47:04.568-05:00 level=INFO msg="Pulled sync branch" branch=beads-sync fast_forward=false merged=false
time=2026-02-22T22:47:04.568-05:00 level=INFO msg="🔍 Checking JSONL content hash AFTER pull (fix: auto-pull-not-pulling)"
time=2026-02-22T22:47:04.570-05:00 level=INFO msg="JSONL content changed, proceeding with operation..." mode=auto-import
time=2026-02-22T22:47:04.653-05:00 level=INFO msg="Import failed" error="parent issue ac-4olo does not exist"
time=2026-02-22T22:47:05.554-05:00 level=INFO msg="Import triggered by file change"
time=2026-02-22T22:47:05.610-05:00 level=INFO msg="Starting auto-import" mode=auto-import
time=2026-02-22T22:47:06.070-05:00 level=INFO msg="File change detected" path=/Users/matthew/s-proj/main/.git/beads-worktrees/beads-sync/.beads/issues.jsonl
time=2026-02-22T22:47:06.082-05:00 level=INFO msg="Pulled sync branch" branch=beads-sync fast_forward=false merged=false
time=2026-02-22T22:47:06.082-05:00 level=INFO msg="🔍 Checking JSONL content hash AFTER pull (fix: auto-pull-not-pulling)"
time=2026-02-22T22:47:06.084-05:00 level=INFO msg="JSONL content changed, proceeding with operation..." mode=auto-import
time=2026-02-22T22:47:06.160-05:00 level=INFO msg="Import failed" error="parent issue ac-4olo does not exist"
time=2026-02-22T22:47:07.072-05:00 level=INFO msg="Import triggered by file change"
time=2026-02-22T22:47:07.120-05:00 level=INFO msg="Starting auto-import" mode=auto-import
time=2026-02-22T22:47:07.573-05:00 level=INFO msg="File change detected" path=/Users/matthew/s-proj/main/.git/beads-worktrees/beads-sync/.beads/issues.jsonl
time=2026-02-22T22:47:07.589-05:00 level=INFO msg="Pulled sync branch" branch=beads-sync fast_forward=false merged=false
time=2026-02-22T22:47:07.589-05:00 level=INFO msg="🔍 Checking JSONL content hash AFTER pull (fix: auto-pull-not-pulling)"
time=2026-02-22T22:47:07.593-05:00 level=INFO msg="JSONL content changed, proceeding with operation..." mode=auto-import
time=2026-02-22T22:47:07.739-05:00 level=INFO msg="Import failed" error="parent issue ac-4olo does not exist"
time=2026-02-22T22:47:08.575-05:00 level=INFO msg="Import triggered by file change"
time=2026-02-22T22:47:08.610-05:00 level=INFO msg="Starting auto-import" mode=auto-import
time=2026-02-22T22:47:09.037-05:00 level=INFO msg="File change detected" path=/Users/matthew/s-proj/main/.git/beads-worktrees/beads-sync/.beads/issues.jsonl
time=2026-02-22T22:47:09.049-05:00 level=INFO msg="Pulled sync branch" branch=beads-sync fast_forward=false merged=false
time=2026-02-22T22:47:09.049-05:00 level=INFO msg="🔍 Checking JSONL content hash AFTER pull (fix: auto-pull-not-pulling)"
time=2026-02-22T22:47:09.050-05:00 level=INFO msg="JSONL content changed, proceeding with operation..." mode=auto-import
time=2026-02-22T22:47:09.126-05:00 level=INFO msg="Import failed" error="parent issue ac-4olo does not exist"
time=2026-02-22T22:47:10.039-05:00 level=INFO msg="Import triggered by file change"
time=2026-02-22T22:47:10.090-05:00 level=INFO msg="Starting auto-import" mode=auto-import
time=2026-02-22T22:47:10.526-05:00 level=INFO msg="File change detected" path=/Users/matthew/s-proj/main/.git/beads-worktrees/beads-sync/.beads/issues.jsonl
time=2026-02-22T22:47:10.538-05:00 level=INFO msg="Pulled sync branch" branch=beads-sync fast_forward=false merged=false
time=2026-02-22T22:47:10.538-05:00 level=INFO msg="🔍 Checking JSONL content hash AFTER pull (fix: auto-pull-not-pulling)"
time=2026-02-22T22:47:10.539-05:00 level=INFO msg="JSONL content changed, proceeding with operation..." mode=auto-import
time=2026-02-22T22:47:10.616-05:00 level=INFO msg="Import failed" error="parent issue ac-4olo does not exist"
time=2026-02-22T22:47:11.529-05:00 level=INFO msg="Import triggered by file change"
time=2026-02-22T22:47:11.566-05:00 level=INFO msg="Starting auto-import" mode=auto-import
time=2026-02-22T22:47:12.029-05:00 level=INFO msg="File change detected" path=/Users/matthew/s-proj/main/.git/beads-worktrees/beads-sync/.beads/issues.jsonl
time=2026-02-22T22:47:12.042-05:00 level=INFO msg="Pulled sync branch" branch=beads-sync fast_forward=false merged=false
time=2026-02-22T22:47:12.042-05:00 level=INFO msg="🔍 Checking JSONL content hash AFTER pull (fix: auto-pull-not-pulling)"
time=2026-02-22T22:47:12.043-05:00 level=INFO msg="JSONL content changed, proceeding with operation..." mode=auto-import
time=2026-02-22T22:47:12.119-05:00 level=INFO msg="Import failed" error="parent issue ac-4olo does not exist"
time=2026-02-22T22:47:13.031-05:00 level=INFO msg="Import triggered by file change"
time=2026-02-22T22:47:13.090-05:00 level=INFO msg="Starting auto-import" mode=auto-import
time=2026-02-22T22:47:13.597-05:00 level=INFO msg="File change detected" path=/Users/matthew/s-proj/main/.git/beads-worktrees/beads-sync/.beads/issues.jsonl
time=2026-02-22T22:47:13.614-05:00 level=INFO msg="Pulled sync branch" branch=beads-sync fast_forward=false merged=false
time=2026-02-22T22:47:13.614-05:00 level=INFO msg="🔍 Checking JSONL content hash AFTER pull (fix: auto-pull-not-pulling)"
time=2026-02-22T22:47:13.616-05:00 level=INFO msg="JSONL content changed, proceeding with operation..." mode=auto-import
time=2026-02-22T22:47:13.695-05:00 level=INFO msg="Import failed" error="parent issue ac-4olo does not exist"
time=2026-02-22T22:47:14.600-05:00 level=INFO msg="Import triggered by file change"
time=2026-02-22T22:47:14.656-05:00 level=INFO msg="Starting auto-import" mode=auto-import
time=2026-02-22T22:47:15.150-05:00 level=INFO msg="File change detected" path=/Users/matthew/s-proj/main/.git/beads-worktrees/beads-sync/.beads/issues.jsonl
time=2026-02-22T22:47:15.163-05:00 level=INFO msg="Pulled sync branch" branch=beads-sync fast_forward=false merged=false
time=2026-02-22T22:47:15.163-05:00 level=INFO msg="🔍 Checking JSONL content hash AFTER pull (fix: auto-pull-not-pulling)"
time=2026-02-22T22:47:15.164-05:00 level=INFO msg="JSONL content changed, proceeding with operation..." mode=auto-import
time=2026-02-22T22:47:15.240-05:00 level=INFO msg="Import failed" error="parent issue ac-4olo does not exist"
time=2026-02-22T22:47:16.152-05:00 level=INFO msg="Import triggered by file change"
time=2026-02-22T22:47:16.214-05:00 level=INFO msg="Starting auto-import" mode=auto-import
time=2026-02-22T22:47:16.720-05:00 level=INFO msg="File change detected" path=/Users/matthew/s-proj/main/.git/beads-worktrees/beads-sync/.beads/issues.jsonl
time=2026-02-22T22:47:16.735-05:00 level=INFO msg="Pulled sync branch" branch=beads-sync fast_forward=false merged=false
time=2026-02-22T22:47:16.735-05:00 level=INFO msg="🔍 Checking JSONL content hash AFTER pull (fix: auto-pull-not-pulling)"
time=2026-02-22T22:47:16.736-05:00 level=INFO msg="JSONL content changed, proceeding with operation..." mode=auto-import
time=2026-02-22T22:47:16.819-05:00 level=INFO msg="Import failed" error="parent issue ac-4olo does not exist"
time=2026-02-22T22:47:17.722-05:00 level=INFO msg="Import triggered by file change"
time=2026-02-22T22:47:17.793-05:00 level=INFO msg="Starting auto-import" mode=auto-import
time=2026-02-22T22:47:18.296-05:00 level=INFO msg="File change detected" path=/Users/matthew/s-proj/main/.git/beads-worktrees/beads-sync/.beads/issues.jsonl
time=2026-02-22T22:47:18.306-05:00 level=INFO msg="Pulled sync branch" branch=beads-sync fast_forward=false merged=false
time=2026-02-22T22:47:18.306-05:00 level=INFO msg="🔍 Checking JSONL content hash AFTER pull (fix: auto-pull-not-pulling)"
time=2026-02-22T22:47:18.307-05:00 level=INFO msg="JSONL content changed, proceeding with operation..." mode=auto-import
time=2026-02-22T22:47:18.560-05:00 level=INFO msg="Import failed" error="parent issue ac-4olo does not exist"
time=2026-02-22T22:47:19.298-05:00 level=INFO msg="Import triggered by file change"
time=2026-02-22T22:47:19.358-05:00 level=INFO msg="Starting auto-import" mode=auto-import
time=2026-02-22T22:47:19.866-05:00 level=INFO msg="File change detected" path=/Users/matthew/s-proj/main/.git/beads-worktrees/beads-sync/.beads/issues.jsonl
time=2026-02-22T22:47:19.877-05:00 level=INFO msg="Pulled sync branch" branch=beads-sync fast_forward=false merged=false
time=2026-02-22T22:47:19.877-05:00 level=INFO msg="🔍 Checking JSONL content hash AFTER pull (fix: auto-pull-not-pulling)"
time=2026-02-22T22:47:19.878-05:00 level=INFO msg="JSONL content changed, proceeding with operation..." mode=auto-import
time=2026-02-22T22:47:19.955-05:00 level=INFO msg="Import failed" error="parent issue ac-4olo does not exist"
time=2026-02-22T22:47:20.868-05:00 level=INFO msg="Import triggered by file change"
time=2026-02-22T22:47:20.912-05:00 level=INFO msg="Starting auto-import" mode=auto-import
time=2026-02-22T22:47:21.341-05:00 level=INFO msg="File change detected" path=/Users/matthew/s-proj/main/.git/beads-worktrees/beads-sync/.beads/issues.jsonl
time=2026-02-22T22:47:21.356-05:00 level=INFO msg="Pulled sync branch" branch=beads-sync fast_forward=false merged=false
time=2026-02-22T22:47:21.356-05:00 level=INFO msg="🔍 Checking JSONL content hash AFTER pull (fix: auto-pull-not-pulling)"
time=2026-02-22T22:47:21.358-05:00 level=INFO msg="JSONL content changed, proceeding with operation..." mode=auto-import
time=2026-02-22T22:47:21.434-05:00 level=INFO msg="Import failed" error="parent issue ac-4olo does not exist"
time=2026-02-22T22:47:22.343-05:00 level=INFO msg="Import triggered by file change"
time=2026-02-22T22:47:22.385-05:00 level=INFO msg="Starting auto-import" mode=auto-import
time=2026-02-22T22:47:22.807-05:00 level=INFO msg="File change detected" path=/Users/matthew/s-proj/main/.git/beads-worktrees/beads-sync/.beads/issues.jsonl
time=2026-02-22T22:47:22.817-05:00 level=INFO msg="Pulled sync branch" branch=beads-sync fast_forward=false merged=false
time=2026-02-22T22:47:22.817-05:00 level=INFO msg="🔍 Checking JSONL content hash AFTER pull (fix: auto-pull-not-pulling)"
time=2026-02-22T22:47:22.819-05:00 level=INFO msg="JSONL content changed, proceeding with operation..." mode=auto-import
time=2026-02-22T22:47:22.895-05:00 level=INFO msg="Import failed" error="parent issue ac-4olo does not exist"
time=2026-02-22T22:47:23.813-05:00 level=INFO msg="Import triggered by file change"
time=2026-02-22T22:47:23.854-05:00 level=INFO msg="Starting auto-import" mode=auto-import
time=2026-02-22T22:47:24.282-05:00 level=INFO msg="File change detected" path=/Users/matthew/s-proj/main/.git/beads-worktrees/beads-sync/.beads/issues.jsonl
time=2026-02-22T22:47:24.294-05:00 level=INFO msg="Pulled sync branch" branch=beads-sync fast_forward=false merged=false
time=2026-02-22T22:47:24.294-05:00 level=INFO msg="🔍 Checking JSONL content hash AFTER pull (fix: auto-pull-not-pulling)"
time=2026-02-22T22:47:24.295-05:00 level=INFO msg="JSONL content changed, proceeding with operation..." mode=auto-import
time=2026-02-22T22:47:24.375-05:00 level=INFO msg="Import failed" error="parent issue ac-4olo does not exist"
time=2026-02-22T22:47:25.283-05:00 level=INFO msg="Import triggered by file change"
time=2026-02-22T22:47:25.327-05:00 level=INFO msg="Starting auto-import" mode=auto-import
time=2026-02-22T22:47:25.756-05:00 level=INFO msg="File change detected" path=/Users/matthew/s-proj/main/.git/beads-worktrees/beads-sync/.beads/issues.jsonl
time=2026-02-22T22:47:25.768-05:00 level=INFO msg="Pulled sync branch" branch=beads-sync fast_forward=false merged=false
time=2026-02-22T22:47:25.768-05:00 level=INFO msg="🔍 Checking JSONL content hash AFTER pull (fix: auto-pull-not-pulling)"
time=2026-02-22T22:47:25.769-05:00 level=INFO msg="JSONL content changed, proceeding with operation..." mode=auto-import
time=2026-02-22T22:47:25.845-05:00 level=INFO msg="Import failed" error="parent issue ac-4olo does not exist"
time=2026-02-22T22:47:26.761-05:00 level=INFO msg="Import triggered by file change"
time=2026-02-22T22:47:26.791-05:00 level=INFO msg="Starting auto-import" mode=auto-import
time=2026-02-22T22:47:27.202-05:00 level=INFO msg="File change detected" path=/Users/matthew/s-proj/main/.git/beads-worktrees/beads-sync/.beads/issues.jsonl
time=2026-02-22T22:47:27.215-05:00 level=INFO msg="Pulled sync branch" branch=beads-sync fast_forward=false merged=false
time=2026-02-22T22:47:27.215-05:00 level=INFO msg="🔍 Checking JSONL content hash AFTER pull (fix: auto-pull-not-pulling)"
time=2026-02-22T22:47:27.216-05:00 level=INFO msg="JSONL content changed, proceeding with operation..." mode=auto-import
time=2026-02-22T22:47:27.295-05:00 level=INFO msg="Import failed" error="parent issue ac-4olo does not exist"
time=2026-02-22T22:47:28.205-05:00 level=INFO msg="Import triggered by file change"
time=2026-02-22T22:47:28.251-05:00 level=INFO msg="Starting auto-import" mode=auto-import
time=2026-02-22T22:47:28.661-05:00 level=INFO msg="File change detected" path=/Users/matthew/s-proj/main/.git/beads-worktrees/beads-sync/.beads/issues.jsonl
time=2026-02-22T22:47:28.674-05:00 level=INFO msg="Pulled sync branch" branch=beads-sync fast_forward=false merged=false
time=2026-02-22T22:47:28.674-05:00 level=INFO msg="🔍 Checking JSONL content hash AFTER pull (fix: auto-pull-not-pulling)"
time=2026-02-22T22:47:28.675-05:00 level=INFO msg="JSONL content changed, proceeding with operation..." mode=auto-import
time=2026-02-22T22:47:28.751-05:00 level=INFO msg="Import failed" error="parent issue ac-4olo does not exist"
time=2026-02-22T22:47:29.663-05:00 level=INFO msg="Import triggered by file change"
time=2026-02-22T22:47:29.697-05:00 level=INFO msg="Starting auto-import" mode=auto-import
time=2026-02-22T22:47:30.135-05:00 level=INFO msg="File change detected" path=/Users/matthew/s-proj/main/.git/beads-worktrees/beads-sync/.beads/issues.jsonl
time=2026-02-22T22:47:30.148-05:00 level=INFO msg="Pulled sync branch" branch=beads-sync fast_forward=false merged=false
time=2026-02-22T22:47:30.148-05:00 level=INFO msg="🔍 Checking JSONL content hash AFTER pull (fix: auto-pull-not-pulling)"
time=2026-02-22T22:47:30.149-05:00 level=INFO msg="JSONL content changed, proceeding with operation..." mode=auto-import
time=2026-02-22T22:47:30.225-05:00 level=INFO msg="Import failed" error="parent issue ac-4olo does not exist"
time=2026-02-22T22:47:31.138-05:00 level=INFO msg="Import triggered by file change"
time=2026-02-22T22:47:31.171-05:00 level=INFO msg="Starting auto-import" mode=auto-import
time=2026-02-22T22:47:31.613-05:00 level=INFO msg="File change detected" path=/Users/matthew/s-proj/main/.git/beads-worktrees/beads-sync/.beads/issues.jsonl
time=2026-02-22T22:47:31.627-05:00 level=INFO msg="Pulled sync branch" branch=beads-sync fast_forward=false merged=false
time=2026-02-22T22:47:31.627-05:00 level=INFO msg="🔍 Checking JSONL content hash AFTER pull (fix: auto-pull-not-pulling)"
time=2026-02-22T22:47:31.629-05:00 level=INFO msg="JSONL content changed, proceeding with operation..." mode=auto-import
time=2026-02-22T22:47:31.704-05:00 level=INFO msg="Import failed" error="parent issue ac-4olo does not exist"
time=2026-02-22T22:47:32.616-05:00 level=INFO msg="Import triggered by file change"
time=2026-02-22T22:47:32.639-05:00 level=INFO msg="Starting auto-import" mode=auto-import
time=2026-02-22T22:47:33.035-05:00 level=INFO msg="File change detected" path=/Users/matthew/s-proj/main/.git/beads-worktrees/beads-sync/.beads/issues.jsonl
time=2026-02-22T22:47:33.047-05:00 level=INFO msg="Pulled sync branch" branch=beads-sync fast_forward=false merged=false
time=2026-02-22T22:47:33.047-05:00 level=INFO msg="🔍 Checking JSONL content hash AFTER pull (fix: auto-pull-not-pulling)"
time=2026-02-22T22:47:33.049-05:00 level=INFO msg="JSONL content changed, proceeding with operation..." mode=auto-import
time=2026-02-22T22:47:33.126-05:00 level=INFO msg="Import failed" error="parent issue ac-4olo does not exist"
time=2026-02-22T22:47:34.039-05:00 level=INFO msg="Import triggered by file change"
time=2026-02-22T22:47:34.076-05:00 level=INFO msg="Starting auto-import" mode=auto-import
time=2026-02-22T22:47:34.507-05:00 level=INFO msg="File change detected" path=/Users/matthew/s-proj/main/.git/beads-worktrees/beads-sync/.beads/issues.jsonl
time=2026-02-22T22:47:34.520-05:00 level=INFO msg="Pulled sync branch" branch=beads-sync fast_forward=false merged=false
time=2026-02-22T22:47:34.520-05:00 level=INFO msg="🔍 Checking JSONL content hash AFTER pull (fix: auto-pull-not-pulling)"
time=2026-02-22T22:47:34.521-05:00 level=INFO msg="JSONL content changed, proceeding with operation..." mode=auto-import
time=2026-02-22T22:47:34.597-05:00 level=INFO msg="Import failed" error="parent issue ac-4olo does not exist"
time=2026-02-22T22:47:35.509-05:00 level=INFO msg="Import triggered by file change"
time=2026-02-22T22:47:35.545-05:00 level=INFO msg="Starting auto-import" mode=auto-import
time=2026-02-22T22:47:35.954-05:00 level=INFO msg="File change detected" path=/Users/matthew/s-proj/main/.git/beads-worktrees/beads-sync/.beads/issues.jsonl
time=2026-02-22T22:47:35.968-05:00 level=INFO msg="Pulled sync branch" branch=beads-sync fast_forward=false merged=false
time=2026-02-22T22:47:35.968-05:00 level=INFO msg="🔍 Checking JSONL content hash AFTER pull (fix: auto-pull-not-pulling)"
time=2026-02-22T22:47:35.970-05:00 level=INFO msg="JSONL content changed, proceeding with operation..." mode=auto-import
time=2026-02-22T22:47:36.044-05:00 level=INFO msg="Import failed" error="parent issue ac-4olo does not exist"
time=2026-02-22T22:47:36.957-05:00 level=INFO msg="Import triggered by file change"
time=2026-02-22T22:47:36.993-05:00 level=INFO msg="Starting auto-import" mode=auto-import
time=2026-02-22T22:47:37.456-05:00 level=INFO msg="File change detected" path=/Users/matthew/s-proj/main/.git/beads-worktrees/beads-sync/.beads/issues.jsonl
time=2026-02-22T22:47:37.473-05:00 level=INFO msg="Pulled sync branch" branch=beads-sync fast_forward=false merged=false
time=2026-02-22T22:47:37.474-05:00 level=INFO msg="🔍 Checking JSONL content hash AFTER pull (fix: auto-pull-not-pulling)"
time=2026-02-22T22:47:37.475-05:00 level=INFO msg="JSONL content changed, proceeding with operation..." mode=auto-import
time=2026-02-22T22:47:37.552-05:00 level=INFO msg="Import failed" error="parent issue ac-4olo does not exist"
time=2026-02-22T22:47:38.457-05:00 level=INFO msg="Import triggered by file change"
time=2026-02-22T22:47:38.496-05:00 level=INFO msg="Starting auto-import" mode=auto-import
time=2026-02-22T22:47:38.928-05:00 level=INFO msg="File change detected" path=/Users/matthew/s-proj/main/.git/beads-worktrees/beads-sync/.beads/issues.jsonl
time=2026-02-22T22:47:38.943-05:00 level=INFO msg="Pulled sync branch" branch=beads-sync fast_forward=false merged=false
time=2026-02-22T22:47:38.943-05:00 level=INFO msg="🔍 Checking JSONL content hash AFTER pull (fix: auto-pull-not-pulling)"
time=2026-02-22T22:47:38.944-05:00 level=INFO msg="JSONL content changed, proceeding with operation..." mode=auto-import
time=2026-02-22T22:47:39.021-05:00 level=INFO msg="Import failed" error="parent issue ac-4olo does not exist"
time=2026-02-22T22:47:39.930-05:00 level=INFO msg="Import triggered by file change"
time=2026-02-22T22:47:39.957-05:00 level=INFO msg="Starting auto-import" mode=auto-import
time=2026-02-22T22:47:40.393-05:00 level=INFO msg="File change detected" path=/Users/matthew/s-proj/main/.git/beads-worktrees/beads-sync/.beads/issues.jsonl
time=2026-02-22T22:47:40.404-05:00 level=INFO msg="Pulled sync branch" branch=beads-sync fast_forward=false merged=false
time=2026-02-22T22:47:40.404-05:00 level=INFO msg="🔍 Checking JSONL content hash AFTER pull (fix: auto-pull-not-pulling)"
time=2026-02-22T22:47:40.405-05:00 level=INFO msg="JSONL content changed, proceeding with operation..." mode=auto-import
time=2026-02-22T22:47:40.482-05:00 level=INFO msg="Import failed" error="parent issue ac-4olo does not exist"
time=2026-02-22T22:47:41.395-05:00 level=INFO msg="Import triggered by file change"
time=2026-02-22T22:47:41.444-05:00 level=INFO msg="Starting auto-import" mode=auto-import
time=2026-02-22T22:47:41.907-05:00 level=INFO msg="File change detected" path=/Users/matthew/s-proj/main/.git/beads-worktrees/beads-sync/.beads/issues.jsonl
time=2026-02-22T22:47:41.918-05:00 level=INFO msg="Pulled sync branch" branch=beads-sync fast_forward=false merged=false
time=2026-02-22T22:47:41.918-05:00 level=INFO msg="🔍 Checking JSONL content hash AFTER pull (fix: auto-pull-not-pulling)"
time=2026-02-22T22:47:41.920-05:00 level=INFO msg="JSONL content changed, proceeding with operation..." mode=auto-import
time=2026-02-22T22:47:42.010-05:00 level=INFO msg="Import failed" error="parent issue ac-4olo does not exist"
time=2026-02-22T22:47:42.909-05:00 level=INFO msg="Import triggered by file change"
time=2026-02-22T22:47:42.952-05:00 level=INFO msg="Starting auto-import" mode=auto-import
time=2026-02-22T22:47:43.416-05:00 level=INFO msg="File change detected" path=/Users/matthew/s-proj/main/.git/beads-worktrees/beads-sync/.beads/issues.jsonl
time=2026-02-22T22:47:43.430-05:00 level=INFO msg="Pulled sync branch" branch=beads-sync fast_forward=false merged=false
time=2026-02-22T22:47:43.430-05:00 level=INFO msg="🔍 Checking JSONL content hash AFTER pull (fix: auto-pull-not-pulling)"
time=2026-02-22T22:47:43.432-05:00 level=INFO msg="JSONL content changed, proceeding with operation..." mode=auto-import
time=2026-02-22T22:47:43.508-05:00 level=INFO msg="Import failed" error="parent issue ac-4olo does not exist"
time=2026-02-22T22:47:44.418-05:00 level=INFO msg="Import triggered by file change"
time=2026-02-22T22:47:44.467-05:00 level=INFO msg="Starting auto-import" mode=auto-import
time=2026-02-22T22:47:44.909-05:00 level=INFO msg="File change detected" path=/Users/matthew/s-proj/main/.git/beads-worktrees/beads-sync/.beads/issues.jsonl
time=2026-02-22T22:47:44.918-05:00 level=INFO msg="Pulled sync branch" branch=beads-sync fast_forward=false merged=false
time=2026-02-22T22:47:44.919-05:00 level=INFO msg="🔍 Checking JSONL content hash AFTER pull (fix: auto-pull-not-pulling)"
time=2026-02-22T22:47:44.920-05:00 level=INFO msg="JSONL content changed, proceeding with operation..." mode=auto-import
time=2026-02-22T22:47:44.997-05:00 level=INFO msg="Import failed" error="parent issue ac-4olo does not exist"
time=2026-02-22T22:47:45.911-05:00 level=INFO msg="Import triggered by file change"
time=2026-02-22T22:47:45.940-05:00 level=INFO msg="Starting auto-import" mode=auto-import
time=2026-02-22T22:47:46.353-05:00 level=INFO msg="File change detected" path=/Users/matthew/s-proj/main/.git/beads-worktrees/beads-sync/.beads/issues.jsonl
time=2026-02-22T22:47:46.366-05:00 level=INFO msg="Pulled sync branch" branch=beads-sync fast_forward=false merged=false
time=2026-02-22T22:47:46.366-05:00 level=INFO msg="🔍 Checking JSONL content hash AFTER pull (fix: auto-pull-not-pulling)"
time=2026-02-22T22:47:46.368-05:00 level=INFO msg="JSONL content changed, proceeding with operation..." mode=auto-import
time=2026-02-22T22:47:46.444-05:00 level=INFO msg="Import failed" error="parent issue ac-4olo does not exist"
time=2026-02-22T22:47:47.364-05:00 level=INFO msg="Import triggered by file change"
time=2026-02-22T22:47:47.396-05:00 level=INFO msg="Starting auto-import" mode=auto-import
time=2026-02-22T22:47:47.826-05:00 level=INFO msg="File change detected" path=/Users/matthew/s-proj/main/.git/beads-worktrees/beads-sync/.beads/issues.jsonl
time=2026-02-22T22:47:47.841-05:00 level=INFO msg="Pulled sync branch" branch=beads-sync fast_forward=false merged=false
time=2026-02-22T22:47:47.841-05:00 level=INFO msg="🔍 Checking JSONL content hash AFTER pull (fix: auto-pull-not-pulling)"
time=2026-02-22T22:47:47.843-05:00 level=INFO msg="JSONL content changed, proceeding with operation..." mode=auto-import
time=2026-02-22T22:47:47.920-05:00 level=INFO msg="Import failed" error="parent issue ac-4olo does not exist"
time=2026-02-22T22:47:48.829-05:00 level=INFO msg="Import triggered by file change"
time=2026-02-22T22:47:48.876-05:00 level=INFO msg="Starting auto-import" mode=auto-import
time=2026-02-22T22:47:49.328-05:00 level=INFO msg="File change detected" path=/Users/matthew/s-proj/main/.git/beads-worktrees/beads-sync/.beads/issues.jsonl
time=2026-02-22T22:47:49.343-05:00 level=INFO msg="Pulled sync branch" branch=beads-sync fast_forward=false merged=false
time=2026-02-22T22:47:49.343-05:00 level=INFO msg="🔍 Checking JSONL content hash AFTER pull (fix: auto-pull-not-pulling)"
time=2026-02-22T22:47:49.345-05:00 level=INFO msg="JSONL content changed, proceeding with operation..." mode=auto-import
time=2026-02-22T22:47:49.422-05:00 level=INFO msg="Import failed" error="parent issue ac-4olo does not exist"
time=2026-02-22T22:47:50.331-05:00 level=INFO msg="Import triggered by file change"
time=2026-02-22T22:47:50.367-05:00 level=INFO msg="Starting auto-import" mode=auto-import
time=2026-02-22T22:47:50.806-05:00 level=INFO msg="File change detected" path=/Users/matthew/s-proj/main/.git/beads-worktrees/beads-sync/.beads/issues.jsonl
time=2026-02-22T22:47:50.818-05:00 level=INFO msg="Pulled sync branch" branch=beads-sync fast_forward=false merged=false
time=2026-02-22T22:47:50.818-05:00 level=INFO msg="🔍 Checking JSONL content hash AFTER pull (fix: auto-pull-not-pulling)"
time=2026-02-22T22:47:50.820-05:00 level=INFO msg="JSONL content changed, proceeding with operation..." mode=auto-import
time=2026-02-22T22:47:50.896-05:00 level=INFO msg="Import failed" error="parent issue ac-4olo does not exist"
time=2026-02-22T22:47:51.808-05:00 level=INFO msg="Import triggered by file change"
time=2026-02-22T22:47:51.851-05:00 level=INFO msg="Starting auto-import" mode=auto-import
time=2026-02-22T22:47:52.284-05:00 level=INFO msg="File change detected" path=/Users/matthew/s-proj/main/.git/beads-worktrees/beads-sync/.beads/issues.jsonl
time=2026-02-22T22:47:52.297-05:00 level=INFO msg="Pulled sync branch" branch=beads-sync fast_forward=false merged=false
time=2026-02-22T22:47:52.297-05:00 level=INFO msg="🔍 Checking JSONL content hash AFTER pull (fix: auto-pull-not-pulling)"
time=2026-02-22T22:47:52.299-05:00 level=INFO msg="JSONL content changed, proceeding with operation..." mode=auto-import
time=2026-02-22T22:47:52.375-05:00 level=INFO msg="Import failed" error="parent issue ac-4olo does not exist"
time=2026-02-22T22:47:53.286-05:00 level=INFO msg="Import triggered by file change"
time=2026-02-22T22:47:53.333-05:00 level=INFO msg="Starting auto-import" mode=auto-import
time=2026-02-22T22:47:53.783-05:00 level=INFO msg="File change detected" path=/Users/matthew/s-proj/main/.git/beads-worktrees/beads-sync/.beads/issues.jsonl
time=2026-02-22T22:47:53.798-05:00 level=INFO msg="Pulled sync branch" branch=beads-sync fast_forward=false merged=false
time=2026-02-22T22:47:53.798-05:00 level=INFO msg="🔍 Checking JSONL content hash AFTER pull (fix: auto-pull-not-pulling)"
time=2026-02-22T22:47:53.799-05:00 level=INFO msg="JSONL content changed, proceeding with operation..." mode=auto-import
time=2026-02-22T22:47:53.878-05:00 level=INFO msg="Import failed" error="parent issue ac-4olo does not exist"
time=2026-02-22T22:47:54.785-05:00 level=INFO msg="Import triggered by file change"
time=2026-02-22T22:47:54.830-05:00 level=INFO msg="Starting auto-import" mode=auto-import
time=2026-02-22T22:47:55.286-05:00 level=INFO msg="File change detected" path=/Users/matthew/s-proj/main/.git/beads-worktrees/beads-sync/.beads/issues.jsonl
time=2026-02-22T22:47:55.299-05:00 level=INFO msg="Pulled sync branch" branch=beads-sync fast_forward=false merged=false
time=2026-02-22T22:47:55.300-05:00 level=INFO msg="🔍 Checking JSONL content hash AFTER pull (fix: auto-pull-not-pulling)"
time=2026-02-22T22:47:55.300-05:00 level=INFO msg="JSONL content changed, proceeding with operation..." mode=auto-import
time=2026-02-22T22:47:55.376-05:00 level=INFO msg="Import failed" error="parent issue ac-4olo does not exist"
time=2026-02-22T22:47:56.288-05:00 level=INFO msg="Import triggered by file change"
time=2026-02-22T22:47:56.331-05:00 level=INFO msg="Starting auto-import" mode=auto-import
time=2026-02-22T22:47:56.782-05:00 level=INFO msg="File change detected" path=/Users/matthew/s-proj/main/.git/beads-worktrees/beads-sync/.beads/issues.jsonl
time=2026-02-22T22:47:56.798-05:00 level=INFO msg="Pulled sync branch" branch=beads-sync fast_forward=false merged=false
time=2026-02-22T22:47:56.798-05:00 level=INFO msg="🔍 Checking JSONL content hash AFTER pull (fix: auto-pull-not-pulling)"
time=2026-02-22T22:47:56.799-05:00 level=INFO msg="JSONL content changed, proceeding with operation..." mode=auto-import
time=2026-02-22T22:47:56.875-05:00 level=INFO msg="Import failed" error="parent issue ac-4olo does not exist"
time=2026-02-22T22:47:57.784-05:00 level=INFO msg="Import triggered by file change"
time=2026-02-22T22:47:57.818-05:00 level=INFO msg="Starting auto-import" mode=auto-import
time=2026-02-22T22:47:58.267-05:00 level=INFO msg="File change detected" path=/Users/matthew/s-proj/main/.git/beads-worktrees/beads-sync/.beads/issues.jsonl
time=2026-02-22T22:47:58.280-05:00 level=INFO msg="Pulled sync branch" branch=beads-sync fast_forward=false merged=false
time=2026-02-22T22:47:58.280-05:00 level=INFO msg="🔍 Checking JSONL content hash AFTER pull (fix: auto-pull-not-pulling)"
time=2026-02-22T22:47:58.282-05:00 level=INFO msg="JSONL content changed, proceeding with operation..." mode=auto-import
time=2026-02-22T22:47:58.358-05:00 level=INFO msg="Import failed" error="parent issue ac-4olo does not exist"
time=2026-02-22T22:47:59.269-05:00 level=INFO msg="Import triggered by file change"
time=2026-02-22T22:47:59.308-05:00 level=INFO msg="Starting auto-import" mode=auto-import
time=2026-02-22T22:47:59.782-05:00 level=INFO msg="File change detected" path=/Users/matthew/s-proj/main/.git/beads-worktrees/beads-sync/.beads/issues.jsonl
time=2026-02-22T22:47:59.809-05:00 level=INFO msg="Pulled sync branch" branch=beads-sync fast_forward=false merged=false
time=2026-02-22T22:47:59.809-05:00 level=INFO msg="🔍 Checking JSONL content hash AFTER pull (fix: auto-pull-not-pulling)"
time=2026-02-22T22:47:59.810-05:00 level=INFO msg="JSONL content changed, proceeding with operation..." mode=auto-import
time=2026-02-22T22:47:59.889-05:00 level=INFO msg="Import failed" error="parent issue ac-4olo does not exist"
time=2026-02-22T22:48:00.785-05:00 level=INFO msg="Import triggered by file change"
time=2026-02-22T22:48:00.813-05:00 level=INFO msg="Starting auto-import" mode=auto-import
time=2026-02-22T22:48:01.268-05:00 level=INFO msg="File change detected" path=/Users/matthew/s-proj/main/.git/beads-worktrees/beads-sync/.beads/issues.jsonl
time=2026-02-22T22:48:01.281-05:00 level=INFO msg="Pulled sync branch" branch=beads-sync fast_forward=false merged=false
time=2026-02-22T22:48:01.281-05:00 level=INFO msg="🔍 Checking JSONL content hash AFTER pull (fix: auto-pull-not-pulling)"
time=2026-02-22T22:48:01.282-05:00 level=INFO msg="JSONL content changed, proceeding with operation..." mode=auto-import
time=2026-02-22T22:48:01.359-05:00 level=INFO msg="Import failed" error="parent issue ac-4olo does not exist"
time=2026-02-22T22:48:02.270-05:00 level=INFO msg="Import triggered by file change"
time=2026-02-22T22:48:02.307-05:00 level=INFO msg="Starting auto-import" mode=auto-import
time=2026-02-22T22:48:02.763-05:00 level=INFO msg="File change detected" path=/Users/matthew/s-proj/main/.git/beads-worktrees/beads-sync/.beads/issues.jsonl
time=2026-02-22T22:48:02.777-05:00 level=INFO msg="Pulled sync branch" branch=beads-sync fast_forward=false merged=false
time=2026-02-22T22:48:02.777-05:00 level=INFO msg="🔍 Checking JSONL content hash AFTER pull (fix: auto-pull-not-pulling)"
time=2026-02-22T22:48:02.778-05:00 level=INFO msg="JSONL content changed, proceeding with operation..." mode=auto-import
time=2026-02-22T22:48:02.856-05:00 level=INFO msg="Import failed" error="parent issue ac-4olo does not exist"
time=2026-02-22T22:48:03.766-05:00 level=INFO msg="Import triggered by file change"
time=2026-02-22T22:48:03.807-05:00 level=INFO msg="Starting auto-import" mode=auto-import
time=2026-02-22T22:48:04.219-05:00 level=INFO msg="File change detected" path=/Users/matthew/s-proj/main/.git/beads-worktrees/beads-sync/.beads/issues.jsonl
time=2026-02-22T22:48:04.233-05:00 level=INFO msg="Pulled sync branch" branch=beads-sync fast_forward=false merged=false
time=2026-02-22T22:48:04.233-05:00 level=INFO msg="🔍 Checking JSONL content hash AFTER pull (fix: auto-pull-not-pulling)"
time=2026-02-22T22:48:04.234-05:00 level=INFO msg="JSONL content changed, proceeding with operation..." mode=auto-import
time=2026-02-22T22:48:04.311-05:00 level=INFO msg="Import failed" error="parent issue ac-4olo does not exist"
time=2026-02-22T22:48:05.222-05:00 level=INFO msg="Import triggered by file change"
time=2026-02-22T22:48:05.247-05:00 level=INFO msg="Starting auto-import" mode=auto-import
time=2026-02-22T22:48:05.680-05:00 level=INFO msg="File change detected" path=/Users/matthew/s-proj/main/.git/beads-worktrees/beads-sync/.beads/issues.jsonl
time=2026-02-22T22:48:05.696-05:00 level=INFO msg="Pulled sync branch" branch=beads-sync fast_forward=false merged=false
time=2026-02-22T22:48:05.696-05:00 level=INFO msg="🔍 Checking JSONL content hash AFTER pull (fix: auto-pull-not-pulling)"
time=2026-02-22T22:48:05.697-05:00 level=INFO msg="JSONL content changed, proceeding with operation..." mode=auto-import
time=2026-02-22T22:48:05.772-05:00 level=INFO msg="Import failed" error="parent issue ac-4olo does not exist"
time=2026-02-22T22:48:06.682-05:00 level=INFO msg="Import triggered by file change"
time=2026-02-22T22:48:06.726-05:00 level=INFO msg="Starting auto-import" mode=auto-import
time=2026-02-22T22:48:07.164-05:00 level=INFO msg="File change detected" path=/Users/matthew/s-proj/main/.git/beads-worktrees/beads-sync/.beads/issues.jsonl
time=2026-02-22T22:48:07.175-05:00 level=INFO msg="Pulled sync branch" branch=beads-sync fast_forward=false merged=false
time=2026-02-22T22:48:07.175-05:00 level=INFO msg="🔍 Checking JSONL content hash AFTER pull (fix: auto-pull-not-pulling)"
time=2026-02-22T22:48:07.176-05:00 level=INFO msg="JSONL content changed, proceeding with operation..." mode=auto-import
time=2026-02-22T22:48:07.252-05:00 level=INFO msg="Import failed" error="parent issue ac-4olo does not exist"
time=2026-02-22T22:48:08.165-05:00 level=INFO msg="Import triggered by file change"
time=2026-02-22T22:48:08.216-05:00 level=INFO msg="Starting auto-import" mode=auto-import
time=2026-02-22T22:48:08.765-05:00 level=INFO msg="File change detected" path=/Users/matthew/s-proj/main/.git/beads-worktrees/beads-sync/.beads/issues.jsonl
time=2026-02-22T22:48:08.777-05:00 level=INFO msg="Pulled sync branch" branch=beads-sync fast_forward=false merged=false
time=2026-02-22T22:48:08.777-05:00 level=INFO msg="🔍 Checking JSONL content hash AFTER pull (fix: auto-pull-not-pulling)"
time=2026-02-22T22:48:08.778-05:00 level=INFO msg="JSONL content changed, proceeding with operation..." mode=auto-import
time=2026-02-22T22:48:08.855-05:00 level=INFO msg="Import failed" error="parent issue ac-4olo does not exist"
time=2026-02-22T22:48:09.768-05:00 level=INFO msg="Import triggered by file change"
time=2026-02-22T22:48:09.810-05:00 level=INFO msg="Starting auto-import" mode=auto-import
time=2026-02-22T22:48:10.294-05:00 level=INFO msg="File change detected" path=/Users/matthew/s-proj/main/.git/beads-worktrees/beads-sync/.beads/issues.jsonl
time=2026-02-22T22:48:10.307-05:00 level=INFO msg="Pulled sync branch" branch=beads-sync fast_forward=false merged=false
time=2026-02-22T22:48:10.307-05:00 level=INFO msg="🔍 Checking JSONL content hash AFTER pull (fix: auto-pull-not-pulling)"
time=2026-02-22T22:48:10.308-05:00 level=INFO msg="JSONL content changed, proceeding with operation..." mode=auto-import
time=2026-02-22T22:48:10.386-05:00 level=INFO msg="Import failed" error="parent issue ac-4olo does not exist"
time=2026-02-22T22:48:11.296-05:00 level=INFO msg="Import triggered by file change"
time=2026-02-22T22:48:11.343-05:00 level=INFO msg="Starting auto-import" mode=auto-import
time=2026-02-22T22:48:11.876-05:00 level=INFO msg="File change detected" path=/Users/matthew/s-proj/main/.git/beads-worktrees/beads-sync/.beads/issues.jsonl
time=2026-02-22T22:48:11.900-05:00 level=INFO msg="Pulled sync branch" branch=beads-sync fast_forward=false merged=false
time=2026-02-22T22:48:11.900-05:00 level=INFO msg="🔍 Checking JSONL content hash AFTER pull (fix: auto-pull-not-pulling)"
time=2026-02-22T22:48:11.901-05:00 level=INFO msg="JSONL content changed, proceeding with operation..." mode=auto-import
time=2026-02-22T22:48:11.980-05:00 level=INFO msg="Import failed" error="parent issue ac-4olo does not exist"
time=2026-02-22T22:48:12.878-05:00 level=INFO msg="Import triggered by file change"
time=2026-02-22T22:48:12.915-05:00 level=INFO msg="Starting auto-import" mode=auto-import
time=2026-02-22T22:48:13.365-05:00 level=INFO msg="File change detected" path=/Users/matthew/s-proj/main/.git/beads-worktrees/beads-sync/.beads/issues.jsonl
time=2026-02-22T22:48:13.377-05:00 level=INFO msg="Pulled sync branch" branch=beads-sync fast_forward=false merged=false
time=2026-02-22T22:48:13.377-05:00 level=INFO msg="🔍 Checking JSONL content hash AFTER pull (fix: auto-pull-not-pulling)"
time=2026-02-22T22:48:13.379-05:00 level=INFO msg="JSONL content changed, proceeding with operation..." mode=auto-import
time=2026-02-22T22:48:13.457-05:00 level=INFO msg="Import failed" error="parent issue ac-4olo does not exist"
time=2026-02-22T22:48:14.370-05:00 level=INFO msg="Import triggered by file change"
time=2026-02-22T22:48:14.413-05:00 level=INFO msg="Starting auto-import" mode=auto-import
time=2026-02-22T22:48:14.931-05:00 level=INFO msg="File change detected" path=/Users/matthew/s-proj/main/.git/beads-worktrees/beads-sync/.beads/issues.jsonl
time=2026-02-22T22:48:14.948-05:00 level=INFO msg="Pulled sync branch" branch=beads-sync fast_forward=false merged=false
time=2026-02-22T22:48:14.948-05:00 level=INFO msg="🔍 Checking JSONL content hash AFTER pull (fix: auto-pull-not-pulling)"
time=2026-02-22T22:48:14.949-05:00 level=INFO msg="JSONL content changed, proceeding with operation..." mode=auto-import
time=2026-02-22T22:48:15.031-05:00 level=INFO msg="Import failed" error="parent issue ac-4olo does not exist"
time=2026-02-22T22:48:15.933-05:00 level=INFO msg="Import triggered by file change"
time=2026-02-22T22:48:15.997-05:00 level=INFO msg="Starting auto-import" mode=auto-import
time=2026-02-22T22:48:16.542-05:00 level=INFO msg="File change detected" path=/Users/matthew/s-proj/main/.git/beads-worktrees/beads-sync/.beads/issues.jsonl
time=2026-02-22T22:48:16.561-05:00 level=INFO msg="Pulled sync branch" branch=beads-sync fast_forward=false merged=false
time=2026-02-22T22:48:16.561-05:00 level=INFO msg="🔍 Checking JSONL content hash AFTER pull (fix: auto-pull-not-pulling)"
time=2026-02-22T22:48:16.562-05:00 level=INFO msg="JSONL content changed, proceeding with operation..." mode=auto-import
time=2026-02-22T22:48:16.643-05:00 level=INFO msg="Import failed" error="parent issue ac-4olo does not exist"
time=2026-02-22T22:48:17.546-05:00 level=INFO msg="Import triggered by file change"
time=2026-02-22T22:48:17.600-05:00 level=INFO msg="Starting auto-import" mode=auto-import
time=2026-02-22T22:48:18.120-05:00 level=INFO msg="File change detected" path=/Users/matthew/s-proj/main/.git/beads-worktrees/beads-sync/.beads/issues.jsonl
time=2026-02-22T22:48:18.135-05:00 level=INFO msg="Pulled sync branch" branch=beads-sync fast_forward=false merged=false
time=2026-02-22T22:48:18.135-05:00 level=INFO msg="🔍 Checking JSONL content hash AFTER pull (fix: auto-pull-not-pulling)"
time=2026-02-22T22:48:18.136-05:00 level=INFO msg="JSONL content changed, proceeding with operation..." mode=auto-import
time=2026-02-22T22:48:18.218-05:00 level=INFO msg="Import failed" error="parent issue ac-4olo does not exist"
time=2026-02-22T22:48:19.122-05:00 level=INFO msg="Import triggered by file change"
time=2026-02-22T22:48:19.177-05:00 level=INFO msg="Starting auto-import" mode=auto-import
time=2026-02-22T22:48:19.823-05:00 level=INFO msg="File change detected" path=/Users/matthew/s-proj/main/.git/beads-worktrees/beads-sync/.beads/issues.jsonl
time=2026-02-22T22:48:19.840-05:00 level=INFO msg="Pulled sync branch" branch=beads-sync fast_forward=false merged=false
time=2026-02-22T22:48:19.840-05:00 level=INFO msg="🔍 Checking JSONL content hash AFTER pull (fix: auto-pull-not-pulling)"
time=2026-02-22T22:48:19.841-05:00 level=INFO msg="JSONL content changed, proceeding with operation..." mode=auto-import
time=2026-02-22T22:48:19.924-05:00 level=INFO msg="Import failed" error="parent issue ac-4olo does not exist"
time=2026-02-22T22:48:20.825-05:00 level=INFO msg="Import triggered by file change"
time=2026-02-22T22:48:20.871-05:00 level=INFO msg="Starting auto-import" mode=auto-import
time=2026-02-22T22:48:21.520-05:00 level=INFO msg="File change detected" path=/Users/matthew/s-proj/main/.git/beads-worktrees/beads-sync/.beads/issues.jsonl
time=2026-02-22T22:48:21.533-05:00 level=INFO msg="Pulled sync branch" branch=beads-sync fast_forward=false merged=false
time=2026-02-22T22:48:21.533-05:00 level=INFO msg="🔍 Checking JSONL content hash AFTER pull (fix: auto-pull-not-pulling)"
time=2026-02-22T22:48:21.534-05:00 level=INFO msg="JSONL content changed, proceeding with operation..." mode=auto-import
time=2026-02-22T22:48:21.612-05:00 level=INFO msg="Import failed" error="parent issue ac-4olo does not exist"
time=2026-02-22T22:48:22.524-05:00 level=INFO msg="Import triggered by file change"
time=2026-02-22T22:48:22.588-05:00 level=INFO msg="Starting auto-import" mode=auto-import
time=2026-02-22T22:48:23.246-05:00 level=INFO msg="File change detected" path=/Users/matthew/s-proj/main/.git/beads-worktrees/beads-sync/.beads/issues.jsonl
time=2026-02-22T22:48:23.260-05:00 level=INFO msg="Pulled sync branch" branch=beads-sync fast_forward=false merged=false
time=2026-02-22T22:48:23.260-05:00 level=INFO msg="🔍 Checking JSONL content hash AFTER pull (fix: auto-pull-not-pulling)"
time=2026-02-22T22:48:23.261-05:00 level=INFO msg="JSONL content changed, proceeding with operation..." mode=auto-import
time=2026-02-22T22:48:23.335-05:00 level=INFO msg="Import failed" error="parent issue ac-4olo does not exist"
time=2026-02-22T22:48:24.248-05:00 level=INFO msg="Import triggered by file change"
time=2026-02-22T22:48:24.301-05:00 level=INFO msg="Starting auto-import" mode=auto-import
time=2026-02-22T22:48:24.776-05:00 level=INFO msg="File change detected" path=/Users/matthew/s-proj/main/.git/beads-worktrees/beads-sync/.beads/issues.jsonl
time=2026-02-22T22:48:24.790-05:00 level=INFO msg="Pulled sync branch" branch=beads-sync fast_forward=false merged=false
time=2026-02-22T22:48:24.790-05:00 level=INFO msg="🔍 Checking JSONL content hash AFTER pull (fix: auto-pull-not-pulling)"
time=2026-02-22T22:48:24.792-05:00 level=INFO msg="JSONL content changed, proceeding with operation..." mode=auto-import
time=2026-02-22T22:48:24.870-05:00 level=INFO msg="Import failed" error="parent issue ac-4olo does not exist"
time=2026-02-22T22:48:25.786-05:00 level=INFO msg="Import triggered by file change"
time=2026-02-22T22:48:25.837-05:00 level=INFO msg="Starting auto-import" mode=auto-import
time=2026-02-22T22:48:26.339-05:00 level=INFO msg="File change detected" path=/Users/matthew/s-proj/main/.git/beads-worktrees/beads-sync/.beads/issues.jsonl
time=2026-02-22T22:48:26.354-05:00 level=INFO msg="Pulled sync branch" branch=beads-sync fast_forward=false merged=false
time=2026-02-22T22:48:26.355-05:00 level=INFO msg="🔍 Checking JSONL content hash AFTER pull (fix: auto-pull-not-pulling)"
time=2026-02-22T22:48:26.356-05:00 level=INFO msg="JSONL content changed, proceeding with operation..." mode=auto-import
time=2026-02-22T22:48:26.435-05:00 level=INFO msg="Import failed" error="parent issue ac-4olo does not exist"
time=2026-02-22T22:48:27.343-05:00 level=INFO msg="Import triggered by file change"
time=2026-02-22T22:48:27.395-05:00 level=INFO msg="Starting auto-import" mode=auto-import
time=2026-02-22T22:48:27.828-05:00 level=INFO msg="File change detected" path=/Users/matthew/s-proj/main/.git/beads-worktrees/beads-sync/.beads/issues.jsonl
time=2026-02-22T22:48:27.843-05:00 level=INFO msg="Pulled sync branch" branch=beads-sync fast_forward=false merged=false
time=2026-02-22T22:48:27.843-05:00 level=INFO msg="🔍 Checking JSONL content hash AFTER pull (fix: auto-pull-not-pulling)"
time=2026-02-22T22:48:27.845-05:00 level=INFO msg="JSONL content changed, proceeding with operation..." mode=auto-import
time=2026-02-22T22:48:27.925-05:00 level=INFO msg="Import failed" error="parent issue ac-4olo does not exist"
time=2026-02-22T22:48:28.830-05:00 level=INFO msg="Import triggered by file change"
time=2026-02-22T22:48:28.881-05:00 level=INFO msg="Starting auto-import" mode=auto-import
time=2026-02-22T22:48:29.349-05:00 level=INFO msg="File change detected" path=/Users/matthew/s-proj/main/.git/beads-worktrees/beads-sync/.beads/issues.jsonl
time=2026-02-22T22:48:29.365-05:00 level=INFO msg="Pulled sync branch" branch=beads-sync fast_forward=false merged=false
time=2026-02-22T22:48:29.366-05:00 level=INFO msg="🔍 Checking JSONL content hash AFTER pull (fix: auto-pull-not-pulling)"
time=2026-02-22T22:48:29.367-05:00 level=INFO msg="JSONL content changed, proceeding with operation..." mode=auto-import
time=2026-02-22T22:48:29.449-05:00 level=INFO msg="Import failed" error="parent issue ac-4olo does not exist"
time=2026-02-22T22:48:30.356-05:00 level=INFO msg="Import triggered by file change"
time=2026-02-22T22:48:30.398-05:00 level=INFO msg="Starting auto-import" mode=auto-import
time=2026-02-22T22:48:30.861-05:00 level=INFO msg="File change detected" path=/Users/matthew/s-proj/main/.git/beads-worktrees/beads-sync/.beads/issues.jsonl
time=2026-02-22T22:48:30.873-05:00 level=INFO msg="Pulled sync branch" branch=beads-sync fast_forward=false merged=false
time=2026-02-22T22:48:30.873-05:00 level=INFO msg="🔍 Checking JSONL content hash AFTER pull (fix: auto-pull-not-pulling)"
time=2026-02-22T22:48:30.874-05:00 level=INFO msg="JSONL content changed, proceeding with operation..." mode=auto-import
time=2026-02-22T22:48:30.952-05:00 level=INFO msg="Import failed" error="parent issue ac-4olo does not exist"
time=2026-02-22T22:48:31.875-05:00 level=INFO msg="Import triggered by file change"
time=2026-02-22T22:48:31.902-05:00 level=INFO msg="Starting auto-import" mode=auto-import
time=2026-02-22T22:48:32.335-05:00 level=INFO msg="File change detected" path=/Users/matthew/s-proj/main/.git/beads-worktrees/beads-sync/.beads/issues.jsonl
time=2026-02-22T22:48:32.350-05:00 level=INFO msg="Pulled sync branch" branch=beads-sync fast_forward=false merged=false
time=2026-02-22T22:48:32.350-05:00 level=INFO msg="🔍 Checking JSONL content hash AFTER pull (fix: auto-pull-not-pulling)"
time=2026-02-22T22:48:32.351-05:00 level=INFO msg="JSONL content changed, proceeding with operation..." mode=auto-import
time=2026-02-22T22:48:32.433-05:00 level=INFO msg="Import failed" error="parent issue ac-4olo does not exist"
time=2026-02-22T22:48:33.339-05:00 level=INFO msg="Import triggered by file change"
time=2026-02-22T22:48:33.376-05:00 level=INFO msg="Starting auto-import" mode=auto-import
time=2026-02-22T22:48:33.852-05:00 level=INFO msg="File change detected" path=/Users/matthew/s-proj/main/.git/beads-worktrees/beads-sync/.beads/issues.jsonl
time=2026-02-22T22:48:33.865-05:00 level=INFO msg="Pulled sync branch" branch=beads-sync fast_forward=false merged=false
time=2026-02-22T22:48:33.865-05:00 level=INFO msg="🔍 Checking JSONL content hash AFTER pull (fix: auto-pull-not-pulling)"
time=2026-02-22T22:48:33.866-05:00 level=INFO msg="JSONL content changed, proceeding with operation..." mode=auto-import
time=2026-02-22T22:48:33.945-05:00 level=INFO msg="Import failed" error="parent issue ac-4olo does not exist"
time=2026-02-22T22:48:34.854-05:00 level=INFO msg="Import triggered by file change"
time=2026-02-22T22:48:34.891-05:00 level=INFO msg="Starting auto-import" mode=auto-import
time=2026-02-22T22:48:35.412-05:00 level=INFO msg="File change detected" path=/Users/matthew/s-proj/main/.git/beads-worktrees/beads-sync/.beads/issues.jsonl
time=2026-02-22T22:48:35.424-05:00 level=INFO msg="Pulled sync branch" branch=beads-sync fast_forward=false merged=false
time=2026-02-22T22:48:35.424-05:00 level=INFO msg="🔍 Checking JSONL content hash AFTER pull (fix: auto-pull-not-pulling)"
time=2026-02-22T22:48:35.424-05:00 level=INFO msg="JSONL content changed, proceeding with operation..." mode=auto-import
time=2026-02-22T22:48:35.501-05:00 level=INFO msg="Import failed" error="parent issue ac-4olo does not exist"
time=2026-02-22T22:48:36.413-05:00 level=INFO msg="Import triggered by file change"
time=2026-02-22T22:48:36.447-05:00 level=INFO msg="Starting auto-import" mode=auto-import
time=2026-02-22T22:48:36.894-05:00 level=INFO msg="File change detected" path=/Users/matthew/s-proj/main/.git/beads-worktrees/beads-sync/.beads/issues.jsonl
time=2026-02-22T22:48:36.909-05:00 level=INFO msg="Pulled sync branch" branch=beads-sync fast_forward=false merged=false
time=2026-02-22T22:48:36.909-05:00 level=INFO msg="🔍 Checking JSONL content hash AFTER pull (fix: auto-pull-not-pulling)"
time=2026-02-22T22:48:36.910-05:00 level=INFO msg="JSONL content changed, proceeding with operation..." mode=auto-import
time=2026-02-22T22:48:36.987-05:00 level=INFO msg="Import failed" error="parent issue ac-4olo does not exist"
time=2026-02-22T22:48:37.897-05:00 level=INFO msg="Import triggered by file change"
time=2026-02-22T22:48:37.938-05:00 level=INFO msg="Starting auto-import" mode=auto-import
time=2026-02-22T22:48:38.371-05:00 level=INFO msg="File change detected" path=/Users/matthew/s-proj/main/.git/beads-worktrees/beads-sync/.beads/issues.jsonl
time=2026-02-22T22:48:38.383-05:00 level=INFO msg="Pulled sync branch" branch=beads-sync fast_forward=false merged=false
time=2026-02-22T22:48:38.384-05:00 level=INFO msg="🔍 Checking JSONL content hash AFTER pull (fix: auto-pull-not-pulling)"
time=2026-02-22T22:48:38.384-05:00 level=INFO msg="JSONL content changed, proceeding with operation..." mode=auto-import
time=2026-02-22T22:48:38.460-05:00 level=INFO msg="Import failed" error="parent issue ac-4olo does not exist"
time=2026-02-22T22:48:39.374-05:00 level=INFO msg="Import triggered by file change"
time=2026-02-22T22:48:39.422-05:00 level=INFO msg="Starting auto-import" mode=auto-import
time=2026-02-22T22:48:39.898-05:00 level=INFO msg="File change detected" path=/Users/matthew/s-proj/main/.git/beads-worktrees/beads-sync/.beads/issues.jsonl
time=2026-02-22T22:48:39.909-05:00 level=INFO msg="Pulled sync branch" branch=beads-sync fast_forward=false merged=false
time=2026-02-22T22:48:39.909-05:00 level=INFO msg="🔍 Checking JSONL content hash AFTER pull (fix: auto-pull-not-pulling)"
time=2026-02-22T22:48:39.911-05:00 level=INFO msg="JSONL content changed, proceeding with operation..." mode=auto-import
time=2026-02-22T22:48:39.989-05:00 level=INFO msg="Import failed" error="parent issue ac-4olo does not exist"
time=2026-02-22T22:48:40.900-05:00 level=INFO msg="Import triggered by file change"
time=2026-02-22T22:48:40.946-05:00 level=INFO msg="Starting auto-import" mode=auto-import
time=2026-02-22T22:48:41.446-05:00 level=INFO msg="File change detected" path=/Users/matthew/s-proj/main/.git/beads-worktrees/beads-sync/.beads/issues.jsonl
time=2026-02-22T22:48:41.459-05:00 level=INFO msg="Pulled sync branch" branch=beads-sync fast_forward=false merged=false
time=2026-02-22T22:48:41.459-05:00 level=INFO msg="🔍 Checking JSONL content hash AFTER pull (fix: auto-pull-not-pulling)"
time=2026-02-22T22:48:41.461-05:00 level=INFO msg="JSONL content changed, proceeding with operation..." mode=auto-import
time=2026-02-22T22:48:41.543-05:00 level=INFO msg="Import failed" error="parent issue ac-4olo does not exist"
time=2026-02-22T22:48:42.450-05:00 level=INFO msg="Import triggered by file change"
time=2026-02-22T22:48:42.504-05:00 level=INFO msg="Starting auto-import" mode=auto-import
time=2026-02-22T22:48:42.945-05:00 level=INFO msg="File change detected" path=/Users/matthew/s-proj/main/.git/beads-worktrees/beads-sync/.beads/issues.jsonl
time=2026-02-22T22:48:42.959-05:00 level=INFO msg="Pulled sync branch" branch=beads-sync fast_forward=false merged=false
time=2026-02-22T22:48:42.959-05:00 level=INFO msg="🔍 Checking JSONL content hash AFTER pull (fix: auto-pull-not-pulling)"
time=2026-02-22T22:48:42.961-05:00 level=INFO msg="JSONL content changed, proceeding with operation..." mode=auto-import
time=2026-02-22T22:48:43.040-05:00 level=INFO msg="Import failed" error="parent issue ac-4olo does not exist"
time=2026-02-22T22:48:43.955-05:00 level=INFO msg="Import triggered by file change"
time=2026-02-22T22:48:44.004-05:00 level=INFO msg="Starting auto-import" mode=auto-import
time=2026-02-22T22:48:44.479-05:00 level=INFO msg="File change detected" path=/Users/matthew/s-proj/main/.git/beads-worktrees/beads-sync/.beads/issues.jsonl
time=2026-02-22T22:48:44.493-05:00 level=INFO msg="Pulled sync branch" branch=beads-sync fast_forward=false merged=false
time=2026-02-22T22:48:44.493-05:00 level=INFO msg="🔍 Checking JSONL content hash AFTER pull (fix: auto-pull-not-pulling)"
time=2026-02-22T22:48:44.495-05:00 level=INFO msg="JSONL content changed, proceeding with operation..." mode=auto-import
time=2026-02-22T22:48:44.572-05:00 level=INFO msg="Import failed" error="parent issue ac-4olo does not exist"
time=2026-02-22T22:48:45.483-05:00 level=INFO msg="Import triggered by file change"
time=2026-02-22T22:48:45.538-05:00 level=INFO msg="Starting auto-import" mode=auto-import
time=2026-02-22T22:48:46.045-05:00 level=INFO msg="File change detected" path=/Users/matthew/s-proj/main/.git/beads-worktrees/beads-sync/.beads/issues.jsonl
time=2026-02-22T22:48:46.108-05:00 level=INFO msg="Pulled sync branch" branch=beads-sync fast_forward=false merged=false
time=2026-02-22T22:48:46.108-05:00 level=INFO msg="🔍 Checking JSONL content hash AFTER pull (fix: auto-pull-not-pulling)"
time=2026-02-22T22:48:46.109-05:00 level=INFO msg="JSONL content changed, proceeding with operation..." mode=auto-import
time=2026-02-22T22:48:46.192-05:00 level=INFO msg="Import failed" error="parent issue ac-4olo does not exist"
time=2026-02-22T22:48:47.048-05:00 level=INFO msg="Import triggered by file change"
time=2026-02-22T22:48:47.083-05:00 level=INFO msg="Starting auto-import" mode=auto-import
time=2026-02-22T22:48:47.555-05:00 level=INFO msg="File change detected" path=/Users/matthew/s-proj/main/.git/beads-worktrees/beads-sync/.beads/issues.jsonl
time=2026-02-22T22:48:47.568-05:00 level=INFO msg="Pulled sync branch" branch=beads-sync fast_forward=false merged=false
time=2026-02-22T22:48:47.568-05:00 level=INFO msg="🔍 Checking JSONL content hash AFTER pull (fix: auto-pull-not-pulling)"
time=2026-02-22T22:48:47.570-05:00 level=INFO msg="JSONL content changed, proceeding with operation..." mode=auto-import
time=2026-02-22T22:48:47.648-05:00 level=INFO msg="Import failed" error="parent issue ac-4olo does not exist"
time=2026-02-22T22:48:48.557-05:00 level=INFO msg="Import triggered by file change"
time=2026-02-22T22:48:48.593-05:00 level=INFO msg="Starting auto-import" mode=auto-import
time=2026-02-22T22:48:49.060-05:00 level=INFO msg="File change detected" path=/Users/matthew/s-proj/main/.git/beads-worktrees/beads-sync/.beads/issues.jsonl
time=2026-02-22T22:48:49.074-05:00 level=INFO msg="Pulled sync branch" branch=beads-sync fast_forward=false merged=false
time=2026-02-22T22:48:49.074-05:00 level=INFO msg="🔍 Checking JSONL content hash AFTER pull (fix: auto-pull-not-pulling)"
time=2026-02-22T22:48:49.075-05:00 level=INFO msg="JSONL content changed, proceeding with operation..." mode=auto-import
time=2026-02-22T22:48:49.153-05:00 level=INFO msg="Import failed" error="parent issue ac-4olo does not exist"
time=2026-02-22T22:48:50.061-05:00 level=INFO msg="Import triggered by file change"
time=2026-02-22T22:48:50.117-05:00 level=INFO msg="Starting auto-import" mode=auto-import
time=2026-02-22T22:48:50.712-05:00 level=INFO msg="File change detected" path=/Users/matthew/s-proj/main/.git/beads-worktrees/beads-sync/.beads/issues.jsonl
time=2026-02-22T22:48:50.737-05:00 level=INFO msg="Pulled sync branch" branch=beads-sync fast_forward=false merged=false
time=2026-02-22T22:48:50.737-05:00 level=INFO msg="🔍 Checking JSONL content hash AFTER pull (fix: auto-pull-not-pulling)"
time=2026-02-22T22:48:50.746-05:00 level=INFO msg="JSONL content changed, proceeding with operation..." mode=auto-import
time=2026-02-22T22:48:50.824-05:00 level=INFO msg="Import failed" error="parent issue ac-4olo does not exist"
time=2026-02-22T22:48:51.715-05:00 level=INFO msg="Import triggered by file change"
time=2026-02-22T22:48:51.762-05:00 level=INFO msg="Starting auto-import" mode=auto-import
time=2026-02-22T22:48:52.231-05:00 level=INFO msg="File change detected" path=/Users/matthew/s-proj/main/.git/beads-worktrees/beads-sync/.beads/issues.jsonl
time=2026-02-22T22:48:52.243-05:00 level=INFO msg="Pulled sync branch" branch=beads-sync fast_forward=false merged=false
time=2026-02-22T22:48:52.243-05:00 level=INFO msg="🔍 Checking JSONL content hash AFTER pull (fix: auto-pull-not-pulling)"
time=2026-02-22T22:48:52.244-05:00 level=INFO msg="JSONL content changed, proceeding with operation..." mode=auto-import
time=2026-02-22T22:48:52.324-05:00 level=INFO msg="Import failed" error="parent issue ac-4olo does not exist"
time=2026-02-22T22:48:53.233-05:00 level=INFO msg="Import triggered by file change"
time=2026-02-22T22:48:53.273-05:00 level=INFO msg="Starting auto-import" mode=auto-import
time=2026-02-22T22:48:53.764-05:00 level=INFO msg="File change detected" path=/Users/matthew/s-proj/main/.git/beads-worktrees/beads-sync/.beads/issues.jsonl
time=2026-02-22T22:48:53.779-05:00 level=INFO msg="Pulled sync branch" branch=beads-sync fast_forward=false merged=false
time=2026-02-22T22:48:53.779-05:00 level=INFO msg="🔍 Checking JSONL content hash AFTER pull (fix: auto-pull-not-pulling)"
time=2026-02-22T22:48:53.781-05:00 level=INFO msg="JSONL content changed, proceeding with operation..." mode=auto-import
time=2026-02-22T22:48:53.861-05:00 level=INFO msg="Import failed" error="parent issue ac-4olo does not exist"
time=2026-02-22T22:48:54.770-05:00 level=INFO msg="Import triggered by file change"
time=2026-02-22T22:48:54.827-05:00 level=INFO msg="Starting auto-import" mode=auto-import
time=2026-02-22T22:48:55.396-05:00 level=INFO msg="File change detected" path=/Users/matthew/s-proj/main/.git/beads-worktrees/beads-sync/.beads/issues.jsonl
time=2026-02-22T22:48:55.411-05:00 level=INFO msg="Pulled sync branch" branch=beads-sync fast_forward=false merged=false
time=2026-02-22T22:48:55.412-05:00 level=INFO msg="🔍 Checking JSONL content hash AFTER pull (fix: auto-pull-not-pulling)"
time=2026-02-22T22:48:55.413-05:00 level=INFO msg="JSONL content changed, proceeding with operation..." mode=auto-import
time=2026-02-22T22:48:55.492-05:00 level=INFO msg="Import failed" error="parent issue ac-4olo does not exist"
time=2026-02-22T22:48:56.398-05:00 level=INFO msg="Import triggered by file change"
time=2026-02-22T22:48:56.421-05:00 level=INFO msg="Starting auto-import" mode=auto-import
time=2026-02-22T22:48:57.132-05:00 level=INFO msg="File change detected" path=/Users/matthew/s-proj/main/.git/beads-worktrees/beads-sync/.beads/issues.jsonl
time=2026-02-22T22:48:57.146-05:00 level=INFO msg="Pulled sync branch" branch=beads-sync fast_forward=false merged=false
time=2026-02-22T22:48:57.146-05:00 level=INFO msg="🔍 Checking JSONL content hash AFTER pull (fix: auto-pull-not-pulling)"
time=2026-02-22T22:48:57.147-05:00 level=INFO msg="JSONL content changed, proceeding with operation..." mode=auto-import
time=2026-02-22T22:48:57.226-05:00 level=INFO msg="Import failed" error="parent issue ac-4olo does not exist"
time=2026-02-22T22:48:58.141-05:00 level=INFO msg="Import triggered by file change"
time=2026-02-22T22:48:58.176-05:00 level=INFO msg="Starting auto-import" mode=auto-import
time=2026-02-22T22:48:58.658-05:00 level=INFO msg="File change detected" path=/Users/matthew/s-proj/main/.git/beads-worktrees/beads-sync/.beads/issues.jsonl
time=2026-02-22T22:48:58.675-05:00 level=INFO msg="Pulled sync branch" branch=beads-sync fast_forward=false merged=false
time=2026-02-22T22:48:58.675-05:00 level=INFO msg="🔍 Checking JSONL content hash AFTER pull (fix: auto-pull-not-pulling)"
time=2026-02-22T22:48:58.676-05:00 level=INFO msg="JSONL content changed, proceeding with operation..." mode=auto-import
time=2026-02-22T22:48:58.831-05:00 level=INFO msg="Import failed" error="parent issue ac-4olo does not exist"
time=2026-02-22T22:48:59.665-05:00 level=INFO msg="Import triggered by file change"
time=2026-02-22T22:48:59.694-05:00 level=INFO msg="Starting auto-import" mode=auto-import
time=2026-02-22T22:49:00.277-05:00 level=INFO msg="File change detected" path=/Users/matthew/s-proj/main/.git/beads-worktrees/beads-sync/.beads/issues.jsonl
time=2026-02-22T22:49:00.293-05:00 level=INFO msg="Pulled sync branch" branch=beads-sync fast_forward=false merged=false
time=2026-02-22T22:49:00.293-05:00 level=INFO msg="🔍 Checking JSONL content hash AFTER pull (fix: auto-pull-not-pulling)"
time=2026-02-22T22:49:00.294-05:00 level=INFO msg="JSONL content changed, proceeding with operation..." mode=auto-import
time=2026-02-22T22:49:00.372-05:00 level=INFO msg="Import failed" error="parent issue ac-4olo does not exist"
time=2026-02-22T22:49:01.280-05:00 level=INFO msg="Import triggered by file change"
time=2026-02-22T22:49:01.324-05:00 level=INFO msg="Starting auto-import" mode=auto-import
time=2026-02-22T22:49:01.776-05:00 level=INFO msg="File change detected" path=/Users/matthew/s-proj/main/.git/beads-worktrees/beads-sync/.beads/issues.jsonl
time=2026-02-22T22:49:01.788-05:00 level=INFO msg="Pulled sync branch" branch=beads-sync fast_forward=false merged=false
time=2026-02-22T22:49:01.788-05:00 level=INFO msg="🔍 Checking JSONL content hash AFTER pull (fix: auto-pull-not-pulling)"
time=2026-02-22T22:49:01.789-05:00 level=INFO msg="JSONL content changed, proceeding with operation..." mode=auto-import
time=2026-02-22T22:49:01.866-05:00 level=INFO msg="Import failed" error="parent issue ac-4olo does not exist"
time=2026-02-22T22:49:02.780-05:00 level=INFO msg="Import triggered by file change"
time=2026-02-22T22:49:02.829-05:00 level=INFO msg="Starting auto-import" mode=auto-import
time=2026-02-22T22:49:03.564-05:00 level=INFO msg="File change detected" path=/Users/matthew/s-proj/main/.git/beads-worktrees/beads-sync/.beads/issues.jsonl
time=2026-02-22T22:49:03.578-05:00 level=INFO msg="Pulled sync branch" branch=beads-sync fast_forward=false merged=false
time=2026-02-22T22:49:03.578-05:00 level=INFO msg="🔍 Checking JSONL content hash AFTER pull (fix: auto-pull-not-pulling)"
time=2026-02-22T22:49:03.579-05:00 level=INFO msg="JSONL content changed, proceeding with operation..." mode=auto-import
time=2026-02-22T22:49:03.658-05:00 level=INFO msg="Import failed" error="parent issue ac-4olo does not exist"
time=2026-02-22T22:49:04.572-05:00 level=INFO msg="Import triggered by file change"
time=2026-02-22T22:49:04.613-05:00 level=INFO msg="Starting auto-import" mode=auto-import
time=2026-02-22T22:49:05.217-05:00 level=INFO msg="File change detected" path=/Users/matthew/s-proj/main/.git/beads-worktrees/beads-sync/.beads/issues.jsonl
time=2026-02-22T22:49:05.228-05:00 level=INFO msg="Pulled sync branch" branch=beads-sync fast_forward=false merged=false
time=2026-02-22T22:49:05.228-05:00 level=INFO msg="🔍 Checking JSONL content hash AFTER pull (fix: auto-pull-not-pulling)"
time=2026-02-22T22:49:05.229-05:00 level=INFO msg="JSONL content changed, proceeding with operation..." mode=auto-import
time=2026-02-22T22:49:05.306-05:00 level=INFO msg="Import failed" error="parent issue ac-4olo does not exist"
time=2026-02-22T22:49:06.221-05:00 level=INFO msg="Import triggered by file change"
time=2026-02-22T22:49:06.269-05:00 level=INFO msg="Starting auto-import" mode=auto-import
time=2026-02-22T22:49:06.894-05:00 level=INFO msg="File change detected" path=/Users/matthew/s-proj/main/.git/beads-worktrees/beads-sync/.beads/issues.jsonl
time=2026-02-22T22:49:06.907-05:00 level=INFO msg="Pulled sync branch" branch=beads-sync fast_forward=false merged=false
time=2026-02-22T22:49:06.907-05:00 level=INFO msg="🔍 Checking JSONL content hash AFTER pull (fix: auto-pull-not-pulling)"
time=2026-02-22T22:49:06.908-05:00 level=INFO msg="JSONL content changed, proceeding with operation..." mode=auto-import
time=2026-02-22T22:49:06.985-05:00 level=INFO msg="Import failed" error="parent issue ac-4olo does not exist"
time=2026-02-22T22:49:07.900-05:00 level=INFO msg="Import triggered by file change"
time=2026-02-22T22:49:07.929-05:00 level=INFO msg="Starting auto-import" mode=auto-import
time=2026-02-22T22:49:08.653-05:00 level=INFO msg="File change detected" path=/Users/matthew/s-proj/main/.git/beads-worktrees/beads-sync/.beads/issues.jsonl
time=2026-02-22T22:49:08.667-05:00 level=INFO msg="Pulled sync branch" branch=beads-sync fast_forward=false merged=false
time=2026-02-22T22:49:08.667-05:00 level=INFO msg="🔍 Checking JSONL content hash AFTER pull (fix: auto-pull-not-pulling)"
time=2026-02-22T22:49:08.668-05:00 level=INFO msg="JSONL content changed, proceeding with operation..." mode=auto-import
time=2026-02-22T22:49:08.748-05:00 level=INFO msg="Import failed" error="parent issue ac-4olo does not exist"
time=2026-02-22T22:49:09.667-05:00 level=INFO msg="Import triggered by file change"
time=2026-02-22T22:49:09.704-05:00 level=INFO msg="Starting auto-import" mode=auto-import
time=2026-02-22T22:49:10.180-05:00 level=INFO msg="File change detected" path=/Users/matthew/s-proj/main/.git/beads-worktrees/beads-sync/.beads/issues.jsonl
time=2026-02-22T22:49:10.194-05:00 level=INFO msg="Pulled sync branch" branch=beads-sync fast_forward=false merged=false
time=2026-02-22T22:49:10.194-05:00 level=INFO msg="🔍 Checking JSONL content hash AFTER pull (fix: auto-pull-not-pulling)"
time=2026-02-22T22:49:10.195-05:00 level=INFO msg="JSONL content changed, proceeding with operation..." mode=auto-import
time=2026-02-22T22:49:10.269-05:00 level=INFO msg="Import failed" error="parent issue ac-4olo does not exist"
time=2026-02-22T22:49:11.181-05:00 level=INFO msg="Import triggered by file change"
time=2026-02-22T22:49:11.209-05:00 level=INFO msg="Starting auto-import" mode=auto-import
time=2026-02-22T22:49:11.852-05:00 level=INFO msg="File change detected" path=/Users/matthew/s-proj/main/.git/beads-worktrees/beads-sync/.beads/issues.jsonl
time=2026-02-22T22:49:11.866-05:00 level=INFO msg="Pulled sync branch" branch=beads-sync fast_forward=false merged=false
time=2026-02-22T22:49:11.866-05:00 level=INFO msg="🔍 Checking JSONL content hash AFTER pull (fix: auto-pull-not-pulling)"
time=2026-02-22T22:49:11.867-05:00 level=INFO msg="JSONL content changed, proceeding with operation..." mode=auto-import
time=2026-02-22T22:49:11.944-05:00 level=INFO msg="Import failed" error="parent issue ac-4olo does not exist"
time=2026-02-22T22:49:12.854-05:00 level=INFO msg="Import triggered by file change"
time=2026-02-22T22:49:12.899-05:00 level=INFO msg="Starting auto-import" mode=auto-import
time=2026-02-22T22:49:13.423-05:00 level=INFO msg="File change detected" path=/Users/matthew/s-proj/main/.git/beads-worktrees/beads-sync/.beads/issues.jsonl
time=2026-02-22T22:49:13.440-05:00 level=INFO msg="Pulled sync branch" branch=beads-sync fast_forward=false merged=false
time=2026-02-22T22:49:13.440-05:00 level=INFO msg="🔍 Checking JSONL content hash AFTER pull (fix: auto-pull-not-pulling)"
time=2026-02-22T22:49:13.442-05:00 level=INFO msg="JSONL content changed, proceeding with operation..." mode=auto-import
time=2026-02-22T22:49:13.519-05:00 level=INFO msg="Import failed" error="parent issue ac-4olo does not exist"
time=2026-02-22T22:49:14.425-05:00 level=INFO msg="Import triggered by file change"
time=2026-02-22T22:49:14.455-05:00 level=INFO msg="Starting auto-import" mode=auto-import
time=2026-02-22T22:49:15.183-05:00 level=INFO msg="File change detected" path=/Users/matthew/s-proj/main/.git/beads-worktrees/beads-sync/.beads/issues.jsonl
time=2026-02-22T22:49:15.200-05:00 level=INFO msg="Pulled sync branch" branch=beads-sync fast_forward=false merged=false
time=2026-02-22T22:49:15.200-05:00 level=INFO msg="🔍 Checking JSONL content hash AFTER pull (fix: auto-pull-not-pulling)"
time=2026-02-22T22:49:15.201-05:00 level=INFO msg="JSONL content changed, proceeding with operation..." mode=auto-import
time=2026-02-22T22:49:15.280-05:00 level=INFO msg="Import failed" error="parent issue ac-4olo does not exist"
time=2026-02-22T22:49:16.185-05:00 level=INFO msg="Import triggered by file change"
time=2026-02-22T22:49:16.228-05:00 level=INFO msg="Starting auto-import" mode=auto-import
time=2026-02-22T22:49:16.771-05:00 level=INFO msg="File change detected" path=/Users/matthew/s-proj/main/.git/beads-worktrees/beads-sync/.beads/issues.jsonl
time=2026-02-22T22:49:16.782-05:00 level=INFO msg="Pulled sync branch" branch=beads-sync fast_forward=false merged=false
time=2026-02-22T22:49:16.782-05:00 level=INFO msg="🔍 Checking JSONL content hash AFTER pull (fix: auto-pull-not-pulling)"
time=2026-02-22T22:49:16.783-05:00 level=INFO msg="JSONL content changed, proceeding with operation..." mode=auto-import
time=2026-02-22T22:49:16.859-05:00 level=INFO msg="Import failed" error="parent issue ac-4olo does not exist"
time=2026-02-22T22:49:17.773-05:00 level=INFO msg="Import triggered by file change"
time=2026-02-22T22:49:17.804-05:00 level=INFO msg="Starting auto-import" mode=auto-import
time=2026-02-22T22:49:18.447-05:00 level=INFO msg="File change detected" path=/Users/matthew/s-proj/main/.git/beads-worktrees/beads-sync/.beads/issues.jsonl
time=2026-02-22T22:49:18.462-05:00 level=INFO msg="Pulled sync branch" branch=beads-sync fast_forward=false merged=false
time=2026-02-22T22:49:18.462-05:00 level=INFO msg="🔍 Checking JSONL content hash AFTER pull (fix: auto-pull-not-pulling)"
time=2026-02-22T22:49:18.463-05:00 level=INFO msg="JSONL content changed, proceeding with operation..." mode=auto-import
time=2026-02-22T22:49:18.543-05:00 level=INFO msg="Import failed" error="parent issue ac-4olo does not exist"
time=2026-02-22T22:49:19.449-05:00 level=INFO msg="Import triggered by file change"
time=2026-02-22T22:49:19.494-05:00 level=INFO msg="Starting auto-import" mode=auto-import
time=2026-02-22T22:49:20.031-05:00 level=INFO msg="File change detected" path=/Users/matthew/s-proj/main/.git/beads-worktrees/beads-sync/.beads/issues.jsonl
time=2026-02-22T22:49:20.041-05:00 level=INFO msg="Pulled sync branch" branch=beads-sync fast_forward=false merged=false
time=2026-02-22T22:49:20.041-05:00 level=INFO msg="🔍 Checking JSONL content hash AFTER pull (fix: auto-pull-not-pulling)"
time=2026-02-22T22:49:20.041-05:00 level=INFO msg="JSONL content changed, proceeding with operation..." mode=auto-import
time=2026-02-22T22:49:20.120-05:00 level=INFO msg="Import failed" error="parent issue ac-4olo does not exist"
time=2026-02-22T22:49:21.033-05:00 level=INFO msg="Import triggered by file change"
time=2026-02-22T22:49:21.070-05:00 level=INFO msg="Starting auto-import" mode=auto-import
time=2026-02-22T22:49:21.512-05:00 level=INFO msg="File change detected" path=/Users/matthew/s-proj/main/.git/beads-worktrees/beads-sync/.beads/issues.jsonl
time=2026-02-22T22:49:21.526-05:00 level=INFO msg="Pulled sync branch" branch=beads-sync fast_forward=false merged=false
time=2026-02-22T22:49:21.526-05:00 level=INFO msg="🔍 Checking JSONL content hash AFTER pull (fix: auto-pull-not-pulling)"
time=2026-02-22T22:49:21.527-05:00 level=INFO msg="JSONL content changed, proceeding with operation..." mode=auto-import
time=2026-02-22T22:49:21.606-05:00 level=INFO msg="Import failed" error="parent issue ac-4olo does not exist"
time=2026-02-22T22:49:22.515-05:00 level=INFO msg="Import triggered by file change"
time=2026-02-22T22:49:22.548-05:00 level=INFO msg="Starting auto-import" mode=auto-import
time=2026-02-22T22:49:23.016-05:00 level=INFO msg="File change detected" path=/Users/matthew/s-proj/main/.git/beads-worktrees/beads-sync/.beads/issues.jsonl
time=2026-02-22T22:49:23.031-05:00 level=INFO msg="Pulled sync branch" branch=beads-sync fast_forward=false merged=false
time=2026-02-22T22:49:23.031-05:00 level=INFO msg="🔍 Checking JSONL content hash AFTER pull (fix: auto-pull-not-pulling)"
time=2026-02-22T22:49:23.032-05:00 level=INFO msg="JSONL content changed, proceeding with operation..." mode=auto-import
time=2026-02-22T22:49:23.110-05:00 level=INFO msg="Import failed" error="parent issue ac-4olo does not exist"
time=2026-02-22T22:49:24.018-05:00 level=INFO msg="Import triggered by file change"
time=2026-02-22T22:49:24.058-05:00 level=INFO msg="Starting auto-import" mode=auto-import
time=2026-02-22T22:49:24.531-05:00 level=INFO msg="File change detected" path=/Users/matthew/s-proj/main/.git/beads-worktrees/beads-sync/.beads/issues.jsonl
time=2026-02-22T22:49:24.545-05:00 level=INFO msg="Pulled sync branch" branch=beads-sync fast_forward=false merged=false
time=2026-02-22T22:49:24.545-05:00 level=INFO msg="🔍 Checking JSONL content hash AFTER pull (fix: auto-pull-not-pulling)"
time=2026-02-22T22:49:24.546-05:00 level=INFO msg="JSONL content changed, proceeding with operation..." mode=auto-import
time=2026-02-22T22:49:24.622-05:00 level=INFO msg="Import failed" error="parent issue ac-4olo does not exist"
time=2026-02-22T22:49:25.533-05:00 level=INFO msg="Import triggered by file change"
time=2026-02-22T22:49:25.561-05:00 level=INFO msg="Starting auto-import" mode=auto-import
time=2026-02-22T22:49:25.997-05:00 level=INFO msg="File change detected" path=/Users/matthew/s-proj/main/.git/beads-worktrees/beads-sync/.beads/issues.jsonl
time=2026-02-22T22:49:26.007-05:00 level=INFO msg="Pulled sync branch" branch=beads-sync fast_forward=false merged=false
time=2026-02-22T22:49:26.007-05:00 level=INFO msg="🔍 Checking JSONL content hash AFTER pull (fix: auto-pull-not-pulling)"
time=2026-02-22T22:49:26.008-05:00 level=INFO msg="JSONL content changed, proceeding with operation..." mode=auto-import
time=2026-02-22T22:49:26.083-05:00 level=INFO msg="Import failed" error="parent issue ac-4olo does not exist"
time=2026-02-22T22:49:26.999-05:00 level=INFO msg="Import triggered by file change"
time=2026-02-22T22:49:27.027-05:00 level=INFO msg="Starting auto-import" mode=auto-import
time=2026-02-22T22:49:27.460-05:00 level=INFO msg="File change detected" path=/Users/matthew/s-proj/main/.git/beads-worktrees/beads-sync/.beads/issues.jsonl
time=2026-02-22T22:49:27.473-05:00 level=INFO msg="Pulled sync branch" branch=beads-sync fast_forward=false merged=false
time=2026-02-22T22:49:27.473-05:00 level=INFO msg="🔍 Checking JSONL content hash AFTER pull (fix: auto-pull-not-pulling)"
time=2026-02-22T22:49:27.474-05:00 level=INFO msg="JSONL content changed, proceeding with operation..." mode=auto-import
time=2026-02-22T22:49:27.551-05:00 level=INFO msg="Import failed" error="parent issue ac-4olo does not exist"
time=2026-02-22T22:49:28.462-05:00 level=INFO msg="Import triggered by file change"
time=2026-02-22T22:49:28.520-05:00 level=INFO msg="Starting auto-import" mode=auto-import
time=2026-02-22T22:49:29.027-05:00 level=INFO msg="File change detected" path=/Users/matthew/s-proj/main/.git/beads-worktrees/beads-sync/.beads/issues.jsonl
time=2026-02-22T22:49:29.041-05:00 level=INFO msg="Pulled sync branch" branch=beads-sync fast_forward=false merged=false
time=2026-02-22T22:49:29.041-05:00 level=INFO msg="🔍 Checking JSONL content hash AFTER pull (fix: auto-pull-not-pulling)"
time=2026-02-22T22:49:29.042-05:00 level=INFO msg="JSONL content changed, proceeding with operation..." mode=auto-import
time=2026-02-22T22:49:29.121-05:00 level=INFO msg="Import failed" error="parent issue ac-4olo does not exist"
time=2026-02-22T22:49:30.058-05:00 level=INFO msg="Import triggered by file change"
time=2026-02-22T22:49:30.104-05:00 level=INFO msg="Starting auto-import" mode=auto-import
time=2026-02-22T22:49:30.571-05:00 level=INFO msg="File change detected" path=/Users/matthew/s-proj/main/.git/beads-worktrees/beads-sync/.beads/issues.jsonl
time=2026-02-22T22:49:30.587-05:00 level=INFO msg="Pulled sync branch" branch=beads-sync fast_forward=false merged=false
time=2026-02-22T22:49:30.587-05:00 level=INFO msg="🔍 Checking JSONL content hash AFTER pull (fix: auto-pull-not-pulling)"
time=2026-02-22T22:49:30.588-05:00 level=INFO msg="JSONL content changed, proceeding with operation..." mode=auto-import
time=2026-02-22T22:49:30.668-05:00 level=INFO msg="Import failed" error="parent issue ac-4olo does not exist"
time=2026-02-22T22:49:31.576-05:00 level=INFO msg="Import triggered by file change"
time=2026-02-22T22:49:31.631-05:00 level=INFO msg="Starting auto-import" mode=auto-import
time=2026-02-22T22:49:32.126-05:00 level=INFO msg="File change detected" path=/Users/matthew/s-proj/main/.git/beads-worktrees/beads-sync/.beads/issues.jsonl
time=2026-02-22T22:49:32.144-05:00 level=INFO msg="Pulled sync branch" branch=beads-sync fast_forward=false merged=false
time=2026-02-22T22:49:32.144-05:00 level=INFO msg="🔍 Checking JSONL content hash AFTER pull (fix: auto-pull-not-pulling)"
time=2026-02-22T22:49:32.146-05:00 level=INFO msg="JSONL content changed, proceeding with operation..." mode=auto-import
time=2026-02-22T22:49:32.227-05:00 level=INFO msg="Import failed" error="parent issue ac-4olo does not exist"
time=2026-02-22T22:49:33.128-05:00 level=INFO msg="Import triggered by file change"
time=2026-02-22T22:49:33.193-05:00 level=INFO msg="Starting auto-import" mode=auto-import
time=2026-02-22T22:49:33.685-05:00 level=INFO msg="File change detected" path=/Users/matthew/s-proj/main/.git/beads-worktrees/beads-sync/.beads/issues.jsonl
time=2026-02-22T22:49:33.706-05:00 level=INFO msg="Pulled sync branch" branch=beads-sync fast_forward=false merged=false
time=2026-02-22T22:49:33.706-05:00 level=INFO msg="🔍 Checking JSONL content hash AFTER pull (fix: auto-pull-not-pulling)"
time=2026-02-22T22:49:33.707-05:00 level=INFO msg="JSONL content changed, proceeding with operation..." mode=auto-import
time=2026-02-22T22:49:33.815-05:00 level=INFO msg="Import failed" error="parent issue ac-4olo does not exist"
time=2026-02-22T22:49:34.688-05:00 level=INFO msg="Import triggered by file change"
time=2026-02-22T22:49:34.746-05:00 level=INFO msg="Starting auto-import" mode=auto-import
time=2026-02-22T22:49:35.223-05:00 level=INFO msg="File change detected" path=/Users/matthew/s-proj/main/.git/beads-worktrees/beads-sync/.beads/issues.jsonl
time=2026-02-22T22:49:35.235-05:00 level=INFO msg="Pulled sync branch" branch=beads-sync fast_forward=false merged=false
time=2026-02-22T22:49:35.235-05:00 level=INFO msg="🔍 Checking JSONL content hash AFTER pull (fix: auto-pull-not-pulling)"
time=2026-02-22T22:49:35.236-05:00 level=INFO msg="JSONL content changed, proceeding with operation..." mode=auto-import
time=2026-02-22T22:49:35.314-05:00 level=INFO msg="Import failed" error="parent issue ac-4olo does not exist"
time=2026-02-22T22:49:36.226-05:00 level=INFO msg="Import triggered by file change"
time=2026-02-22T22:49:36.280-05:00 level=INFO msg="Starting auto-import" mode=auto-import
time=2026-02-22T22:49:36.748-05:00 level=INFO msg="File change detected" path=/Users/matthew/s-proj/main/.git/beads-worktrees/beads-sync/.beads/issues.jsonl
time=2026-02-22T22:49:36.760-05:00 level=INFO msg="Pulled sync branch" branch=beads-sync fast_forward=false merged=false
time=2026-02-22T22:49:36.761-05:00 level=INFO msg="🔍 Checking JSONL content hash AFTER pull (fix: auto-pull-not-pulling)"
time=2026-02-22T22:49:36.761-05:00 level=INFO msg="JSONL content changed, proceeding with operation..." mode=auto-import
time=2026-02-22T22:49:36.838-05:00 level=INFO msg="Import failed" error="parent issue ac-4olo does not exist"
time=2026-02-22T22:49:37.750-05:00 level=INFO msg="Import triggered by file change"
time=2026-02-22T22:49:37.810-05:00 level=INFO msg="Starting auto-import" mode=auto-import
time=2026-02-22T22:49:38.286-05:00 level=INFO msg="File change detected" path=/Users/matthew/s-proj/main/.git/beads-worktrees/beads-sync/.beads/issues.jsonl
time=2026-02-22T22:49:38.298-05:00 level=INFO msg="Pulled sync branch" branch=beads-sync fast_forward=false merged=false
time=2026-02-22T22:49:38.298-05:00 level=INFO msg="🔍 Checking JSONL content hash AFTER pull (fix: auto-pull-not-pulling)"
time=2026-02-22T22:49:38.299-05:00 level=INFO msg="JSONL content changed, proceeding with operation..." mode=auto-import
time=2026-02-22T22:49:38.374-05:00 level=INFO msg="Import failed" error="parent issue ac-4olo does not exist"
time=2026-02-22T22:49:39.288-05:00 level=INFO msg="Import triggered by file change"
time=2026-02-22T22:49:39.340-05:00 level=INFO msg="Starting auto-import" mode=auto-import
time=2026-02-22T22:49:39.852-05:00 level=INFO msg="File change detected" path=/Users/matthew/s-proj/main/.git/beads-worktrees/beads-sync/.beads/issues.jsonl
time=2026-02-22T22:49:39.865-05:00 level=INFO msg="Pulled sync branch" branch=beads-sync fast_forward=false merged=false
time=2026-02-22T22:49:39.865-05:00 level=INFO msg="🔍 Checking JSONL content hash AFTER pull (fix: auto-pull-not-pulling)"
time=2026-02-22T22:49:39.866-05:00 level=INFO msg="JSONL content changed, proceeding with operation..." mode=auto-import
time=2026-02-22T22:49:39.943-05:00 level=INFO msg="Import failed" error="parent issue ac-4olo does not exist"
time=2026-02-22T22:49:40.854-05:00 level=INFO msg="Import triggered by file change"
time=2026-02-22T22:49:40.917-05:00 level=INFO msg="Starting auto-import" mode=auto-import
time=2026-02-22T22:49:41.402-05:00 level=INFO msg="File change detected" path=/Users/matthew/s-proj/main/.git/beads-worktrees/beads-sync/.beads/issues.jsonl
time=2026-02-22T22:49:41.419-05:00 level=INFO msg="Pulled sync branch" branch=beads-sync fast_forward=false merged=false
time=2026-02-22T22:49:41.419-05:00 level=INFO msg="🔍 Checking JSONL content hash AFTER pull (fix: auto-pull-not-pulling)"
time=2026-02-22T22:49:41.420-05:00 level=INFO msg="JSONL content changed, proceeding with operation..." mode=auto-import
time=2026-02-22T22:49:41.500-05:00 level=INFO msg="Import failed" error="parent issue ac-4olo does not exist"
time=2026-02-22T22:49:42.405-05:00 level=INFO msg="Import triggered by file change"
time=2026-02-22T22:49:42.473-05:00 level=INFO msg="Starting auto-import" mode=auto-import
time=2026-02-22T22:49:42.965-05:00 level=INFO msg="File change detected" path=/Users/matthew/s-proj/main/.git/beads-worktrees/beads-sync/.beads/issues.jsonl
time=2026-02-22T22:49:42.979-05:00 level=INFO msg="Pulled sync branch" branch=beads-sync fast_forward=false merged=false
time=2026-02-22T22:49:42.979-05:00 level=INFO msg="🔍 Checking JSONL content hash AFTER pull (fix: auto-pull-not-pulling)"
time=2026-02-22T22:49:42.980-05:00 level=INFO msg="JSONL content changed, proceeding with operation..." mode=auto-import
time=2026-02-22T22:49:43.058-05:00 level=INFO msg="Import failed" error="parent issue ac-4olo does not exist"
time=2026-02-22T22:49:43.967-05:00 level=INFO msg="Import triggered by file change"
time=2026-02-22T22:49:44.033-05:00 level=INFO msg="Starting auto-import" mode=auto-import
time=2026-02-22T22:49:44.502-05:00 level=INFO msg="File change detected" path=/Users/matthew/s-proj/main/.git/beads-worktrees/beads-sync/.beads/issues.jsonl
time=2026-02-22T22:49:44.519-05:00 level=INFO msg="Pulled sync branch" branch=beads-sync fast_forward=false merged=false
time=2026-02-22T22:49:44.519-05:00 level=INFO msg="🔍 Checking JSONL content hash AFTER pull (fix: auto-pull-not-pulling)"
time=2026-02-22T22:49:44.520-05:00 level=INFO msg="JSONL content changed, proceeding with operation..." mode=auto-import
time=2026-02-22T22:49:44.599-05:00 level=INFO msg="Import failed" error="parent issue ac-4olo does not exist"
time=2026-02-22T22:49:45.504-05:00 level=INFO msg="Import triggered by file change"
time=2026-02-22T22:49:45.547-05:00 level=INFO msg="Starting auto-import" mode=auto-import
time=2026-02-22T22:49:46.042-05:00 level=INFO msg="File change detected" path=/Users/matthew/s-proj/main/.git/beads-worktrees/beads-sync/.beads/issues.jsonl
time=2026-02-22T22:49:46.057-05:00 level=INFO msg="Pulled sync branch" branch=beads-sync fast_forward=false merged=false
time=2026-02-22T22:49:46.057-05:00 level=INFO msg="🔍 Checking JSONL content hash AFTER pull (fix: auto-pull-not-pulling)"
time=2026-02-22T22:49:46.059-05:00 level=INFO msg="JSONL content changed, proceeding with operation..." mode=auto-import
time=2026-02-22T22:49:46.140-05:00 level=INFO msg="Import failed" error="parent issue ac-4olo does not exist"
time=2026-02-22T22:49:47.050-05:00 level=INFO msg="Import triggered by file change"
time=2026-02-22T22:49:47.109-05:00 level=INFO msg="Starting auto-import" mode=auto-import
time=2026-02-22T22:49:47.598-05:00 level=INFO msg="File change detected" path=/Users/matthew/s-proj/main/.git/beads-worktrees/beads-sync/.beads/issues.jsonl
time=2026-02-22T22:49:47.614-05:00 level=INFO msg="Pulled sync branch" branch=beads-sync fast_forward=false merged=false
time=2026-02-22T22:49:47.614-05:00 level=INFO msg="🔍 Checking JSONL content hash AFTER pull (fix: auto-pull-not-pulling)"
time=2026-02-22T22:49:47.616-05:00 level=INFO msg="JSONL content changed, proceeding with operation..." mode=auto-import
time=2026-02-22T22:49:47.700-05:00 level=INFO msg="Import failed" error="parent issue ac-4olo does not exist"
time=2026-02-22T22:49:48.602-05:00 level=INFO msg="Import triggered by file change"
time=2026-02-22T22:49:48.651-05:00 level=INFO msg="Starting auto-import" mode=auto-import
time=2026-02-22T22:49:49.169-05:00 level=INFO msg="File change detected" path=/Users/matthew/s-proj/main/.git/beads-worktrees/beads-sync/.beads/issues.jsonl
time=2026-02-22T22:49:49.181-05:00 level=INFO msg="Pulled sync branch" branch=beads-sync fast_forward=false merged=false
time=2026-02-22T22:49:49.182-05:00 level=INFO msg="🔍 Checking JSONL content hash AFTER pull (fix: auto-pull-not-pulling)"
time=2026-02-22T22:49:49.182-05:00 level=INFO msg="JSONL content changed, proceeding with operation..." mode=auto-import
time=2026-02-22T22:49:49.269-05:00 level=INFO msg="Import failed" error="parent issue ac-4olo does not exist"
time=2026-02-22T22:49:50.171-05:00 level=INFO msg="Import triggered by file change"
time=2026-02-22T22:49:50.234-05:00 level=INFO msg="Starting auto-import" mode=auto-import
time=2026-02-22T22:49:50.698-05:00 level=INFO msg="File change detected" path=/Users/matthew/s-proj/main/.git/beads-worktrees/beads-sync/.beads/issues.jsonl
time=2026-02-22T22:49:50.713-05:00 level=INFO msg="Pulled sync branch" branch=beads-sync fast_forward=false merged=false
time=2026-02-22T22:49:50.713-05:00 level=INFO msg="🔍 Checking JSONL content hash AFTER pull (fix: auto-pull-not-pulling)"
time=2026-02-22T22:49:50.714-05:00 level=INFO msg="JSONL content changed, proceeding with operation..." mode=auto-import
time=2026-02-22T22:49:50.791-05:00 level=INFO msg="Import failed" error="parent issue ac-4olo does not exist"
time=2026-02-22T22:49:51.702-05:00 level=INFO msg="Import triggered by file change"
time=2026-02-22T22:49:51.765-05:00 level=INFO msg="Starting auto-import" mode=auto-import
time=2026-02-22T22:49:52.244-05:00 level=INFO msg="File change detected" path=/Users/matthew/s-proj/main/.git/beads-worktrees/beads-sync/.beads/issues.jsonl
time=2026-02-22T22:49:52.261-05:00 level=INFO msg="Pulled sync branch" branch=beads-sync fast_forward=false merged=false
time=2026-02-22T22:49:52.261-05:00 level=INFO msg="🔍 Checking JSONL content hash AFTER pull (fix: auto-pull-not-pulling)"
time=2026-02-22T22:49:52.262-05:00 level=INFO msg="JSONL content changed, proceeding with operation..." mode=auto-import
time=2026-02-22T22:49:52.340-05:00 level=INFO msg="Import failed" error="parent issue ac-4olo does not exist"
time=2026-02-22T22:49:53.247-05:00 level=INFO msg="Import triggered by file change"
time=2026-02-22T22:49:53.321-05:00 level=INFO msg="Starting auto-import" mode=auto-import
time=2026-02-22T22:49:53.805-05:00 level=INFO msg="File change detected" path=/Users/matthew/s-proj/main/.git/beads-worktrees/beads-sync/.beads/issues.jsonl
time=2026-02-22T22:49:53.824-05:00 level=INFO msg="Pulled sync branch" branch=beads-sync fast_forward=false merged=false
time=2026-02-22T22:49:53.825-05:00 level=INFO msg="🔍 Checking JSONL content hash AFTER pull (fix: auto-pull-not-pulling)"
time=2026-02-22T22:49:53.826-05:00 level=INFO msg="JSONL content changed, proceeding with operation..." mode=auto-import
time=2026-02-22T22:49:53.902-05:00 level=INFO msg="Import failed" error="parent issue ac-4olo does not exist"
time=2026-02-22T22:49:54.806-05:00 level=INFO msg="Import triggered by file change"
time=2026-02-22T22:49:54.857-05:00 level=INFO msg="Starting auto-import" mode=auto-import
time=2026-02-22T22:49:55.403-05:00 level=INFO msg="File change detected" path=/Users/matthew/s-proj/main/.git/beads-worktrees/beads-sync/.beads/issues.jsonl
time=2026-02-22T22:49:55.426-05:00 level=INFO msg="Pulled sync branch" branch=beads-sync fast_forward=false merged=false
time=2026-02-22T22:49:55.426-05:00 level=INFO msg="🔍 Checking JSONL content hash AFTER pull (fix: auto-pull-not-pulling)"
time=2026-02-22T22:49:55.427-05:00 level=INFO msg="JSONL content changed, proceeding with operation..." mode=auto-import
time=2026-02-22T22:49:55.506-05:00 level=INFO msg="Import failed" error="parent issue ac-4olo does not exist"
time=2026-02-22T22:49:56.406-05:00 level=INFO msg="Import triggered by file change"
time=2026-02-22T22:49:56.456-05:00 level=INFO msg="Starting auto-import" mode=auto-import
time=2026-02-22T22:49:56.980-05:00 level=INFO msg="File change detected" path=/Users/matthew/s-proj/main/.git/beads-worktrees/beads-sync/.beads/issues.jsonl
time=2026-02-22T22:49:56.997-05:00 level=INFO msg="Pulled sync branch" branch=beads-sync fast_forward=false merged=false
time=2026-02-22T22:49:56.997-05:00 level=INFO msg="🔍 Checking JSONL content hash AFTER pull (fix: auto-pull-not-pulling)"
time=2026-02-22T22:49:56.999-05:00 level=INFO msg="JSONL content changed, proceeding with operation..." mode=auto-import
time=2026-02-22T22:49:57.078-05:00 level=INFO msg="Import failed" error="parent issue ac-4olo does not exist"
time=2026-02-22T22:49:57.982-05:00 level=INFO msg="Import triggered by file change"
time=2026-02-22T22:49:58.057-05:00 level=INFO msg="Starting auto-import" mode=auto-import
time=2026-02-22T22:49:58.588-05:00 level=INFO msg="File change detected" path=/Users/matthew/s-proj/main/.git/beads-worktrees/beads-sync/.beads/issues.jsonl
time=2026-02-22T22:49:58.605-05:00 level=INFO msg="Pulled sync branch" branch=beads-sync fast_forward=false merged=false
time=2026-02-22T22:49:58.605-05:00 level=INFO msg="🔍 Checking JSONL content hash AFTER pull (fix: auto-pull-not-pulling)"
time=2026-02-22T22:49:58.607-05:00 level=INFO msg="JSONL content changed, proceeding with operation..." mode=auto-import
time=2026-02-22T22:49:58.685-05:00 level=INFO msg="Import failed" error="parent issue ac-4olo does not exist"
time=2026-02-22T22:49:59.591-05:00 level=INFO msg="Import triggered by file change"
time=2026-02-22T22:49:59.644-05:00 level=INFO msg="Starting auto-import" mode=auto-import
time=2026-02-22T22:50:00.104-05:00 level=INFO msg="File change detected" path=/Users/matthew/s-proj/main/.git/beads-worktrees/beads-sync/.beads/issues.jsonl
time=2026-02-22T22:50:00.118-05:00 level=INFO msg="Pulled sync branch" branch=beads-sync fast_forward=false merged=false
time=2026-02-22T22:50:00.119-05:00 level=INFO msg="🔍 Checking JSONL content hash AFTER pull (fix: auto-pull-not-pulling)"
time=2026-02-22T22:50:00.120-05:00 level=INFO msg="JSONL content changed, proceeding with operation..." mode=auto-import
time=2026-02-22T22:50:00.198-05:00 level=INFO msg="Import failed" error="parent issue ac-4olo does not exist"
time=2026-02-22T22:50:01.107-05:00 level=INFO msg="Import triggered by file change"
time=2026-02-22T22:50:01.169-05:00 level=INFO msg="Starting auto-import" mode=auto-import
time=2026-02-22T22:50:01.695-05:00 level=INFO msg="File change detected" path=/Users/matthew/s-proj/main/.git/beads-worktrees/beads-sync/.beads/issues.jsonl
time=2026-02-22T22:50:01.714-05:00 level=INFO msg="Pulled sync branch" branch=beads-sync fast_forward=false merged=false
time=2026-02-22T22:50:01.714-05:00 level=INFO msg="🔍 Checking JSONL content hash AFTER pull (fix: auto-pull-not-pulling)"
time=2026-02-22T22:50:01.715-05:00 level=INFO msg="JSONL content changed, proceeding with operation..." mode=auto-import
time=2026-02-22T22:50:01.795-05:00 level=INFO msg="Import failed" error="parent issue ac-4olo does not exist"
time=2026-02-22T22:50:02.697-05:00 level=INFO msg="Import triggered by file change"
time=2026-02-22T22:50:02.748-05:00 level=INFO msg="Starting auto-import" mode=auto-import
time=2026-02-22T22:50:03.248-05:00 level=INFO msg="File change detected" path=/Users/matthew/s-proj/main/.git/beads-worktrees/beads-sync/.beads/issues.jsonl
time=2026-02-22T22:50:03.261-05:00 level=INFO msg="Pulled sync branch" branch=beads-sync fast_forward=false merged=false
time=2026-02-22T22:50:03.261-05:00 level=INFO msg="🔍 Checking JSONL content hash AFTER pull (fix: auto-pull-not-pulling)"
time=2026-02-22T22:50:03.262-05:00 level=INFO msg="JSONL content changed, proceeding with operation..." mode=auto-import
time=2026-02-22T22:50:03.340-05:00 level=INFO msg="Import failed" error="parent issue ac-4olo does not exist"
time=2026-02-22T22:50:04.269-05:00 level=INFO msg="Import triggered by file change"
time=2026-02-22T22:50:04.334-05:00 level=INFO msg="Starting auto-import" mode=auto-import
time=2026-02-22T22:50:04.845-05:00 level=INFO msg="File change detected" path=/Users/matthew/s-proj/main/.git/beads-worktrees/beads-sync/.beads/issues.jsonl
time=2026-02-22T22:50:04.857-05:00 level=INFO msg="Pulled sync branch" branch=beads-sync fast_forward=false merged=false
time=2026-02-22T22:50:04.857-05:00 level=INFO msg="🔍 Checking JSONL content hash AFTER pull (fix: auto-pull-not-pulling)"
time=2026-02-22T22:50:04.858-05:00 level=INFO msg="JSONL content changed, proceeding with operation..." mode=auto-import
time=2026-02-22T22:50:04.935-05:00 level=INFO msg="Import failed" error="parent issue ac-4olo does not exist"
time=2026-02-22T22:50:05.847-05:00 level=INFO msg="Import triggered by file change"
time=2026-02-22T22:50:05.899-05:00 level=INFO msg="Starting auto-import" mode=auto-import
time=2026-02-22T22:50:06.437-05:00 level=INFO msg="File change detected" path=/Users/matthew/s-proj/main/.git/beads-worktrees/beads-sync/.beads/issues.jsonl
time=2026-02-22T22:50:06.452-05:00 level=INFO msg="Pulled sync branch" branch=beads-sync fast_forward=false merged=false
time=2026-02-22T22:50:06.452-05:00 level=INFO msg="🔍 Checking JSONL content hash AFTER pull (fix: auto-pull-not-pulling)"
time=2026-02-22T22:50:06.453-05:00 level=INFO msg="JSONL content changed, proceeding with operation..." mode=auto-import
time=2026-02-22T22:50:06.530-05:00 level=INFO msg="Import failed" error="parent issue ac-4olo does not exist"
time=2026-02-22T22:50:07.442-05:00 level=INFO msg="Import triggered by file change"
time=2026-02-22T22:50:07.513-05:00 level=INFO msg="Starting auto-import" mode=auto-import
time=2026-02-22T22:50:07.961-05:00 level=INFO msg="File change detected" path=/Users/matthew/s-proj/main/.git/beads-worktrees/beads-sync/.beads/issues.jsonl
time=2026-02-22T22:50:07.972-05:00 level=INFO msg="Pulled sync branch" branch=beads-sync fast_forward=false merged=false
time=2026-02-22T22:50:07.972-05:00 level=INFO msg="🔍 Checking JSONL content hash AFTER pull (fix: auto-pull-not-pulling)"
time=2026-02-22T22:50:07.973-05:00 level=INFO msg="JSONL content changed, proceeding with operation..." mode=auto-import
time=2026-02-22T22:50:08.052-05:00 level=INFO msg="Import failed" error="parent issue ac-4olo does not exist"
time=2026-02-22T22:50:08.966-05:00 level=INFO msg="Import triggered by file change"
time=2026-02-22T22:50:09.027-05:00 level=INFO msg="Starting auto-import" mode=auto-import
time=2026-02-22T22:50:09.515-05:00 level=INFO msg="File change detected" path=/Users/matthew/s-proj/main/.git/beads-worktrees/beads-sync/.beads/issues.jsonl
time=2026-02-22T22:50:09.529-05:00 level=INFO msg="Pulled sync branch" branch=beads-sync fast_forward=false merged=false
time=2026-02-22T22:50:09.529-05:00 level=INFO msg="🔍 Checking JSONL content hash AFTER pull (fix: auto-pull-not-pulling)"
time=2026-02-22T22:50:09.530-05:00 level=INFO msg="JSONL content changed, proceeding with operation..." mode=auto-import
time=2026-02-22T22:50:09.604-05:00 level=INFO msg="Import failed" error="parent issue ac-4olo does not exist"
time=2026-02-22T22:50:10.517-05:00 level=INFO msg="Import triggered by file change"
time=2026-02-22T22:50:10.566-05:00 level=INFO msg="Starting auto-import" mode=auto-import
time=2026-02-22T22:50:11.061-05:00 level=INFO msg="File change detected" path=/Users/matthew/s-proj/main/.git/beads-worktrees/beads-sync/.beads/issues.jsonl
time=2026-02-22T22:50:11.076-05:00 level=INFO msg="Pulled sync branch" branch=beads-sync fast_forward=false merged=false
time=2026-02-22T22:50:11.076-05:00 level=INFO msg="🔍 Checking JSONL content hash AFTER pull (fix: auto-pull-not-pulling)"
time=2026-02-22T22:50:11.077-05:00 level=INFO msg="JSONL content changed, proceeding with operation..." mode=auto-import
time=2026-02-22T22:50:11.156-05:00 level=INFO msg="Import failed" error="parent issue ac-4olo does not exist"
time=2026-02-22T22:50:12.064-05:00 level=INFO msg="Import triggered by file change"
time=2026-02-22T22:50:12.134-05:00 level=INFO msg="Starting auto-import" mode=auto-import
time=2026-02-22T22:50:12.650-05:00 level=INFO msg="File change detected" path=/Users/matthew/s-proj/main/.git/beads-worktrees/beads-sync/.beads/issues.jsonl
time=2026-02-22T22:50:12.665-05:00 level=INFO msg="Pulled sync branch" branch=beads-sync fast_forward=false merged=false
time=2026-02-22T22:50:12.665-05:00 level=INFO msg="🔍 Checking JSONL content hash AFTER pull (fix: auto-pull-not-pulling)"
time=2026-02-22T22:50:12.666-05:00 level=INFO msg="JSONL content changed, proceeding with operation..." mode=auto-import
time=2026-02-22T22:50:12.749-05:00 level=INFO msg="Import failed" error="parent issue ac-4olo does not exist"
time=2026-02-22T22:50:13.658-05:00 level=INFO msg="Import triggered by file change"
time=2026-02-22T22:50:13.713-05:00 level=INFO msg="Starting auto-import" mode=auto-import
time=2026-02-22T22:50:14.206-05:00 level=INFO msg="File change detected" path=/Users/matthew/s-proj/main/.git/beads-worktrees/beads-sync/.beads/issues.jsonl
time=2026-02-22T22:50:14.221-05:00 level=INFO msg="Pulled sync branch" branch=beads-sync fast_forward=false merged=false
time=2026-02-22T22:50:14.221-05:00 level=INFO msg="🔍 Checking JSONL content hash AFTER pull (fix: auto-pull-not-pulling)"
time=2026-02-22T22:50:14.222-05:00 level=INFO msg="JSONL content changed, proceeding with operation..." mode=auto-import
time=2026-02-22T22:50:14.299-05:00 level=INFO msg="Import failed" error="parent issue ac-4olo does not exist"
time=2026-02-22T22:50:15.209-05:00 level=INFO msg="Import triggered by file change"
time=2026-02-22T22:50:15.236-05:00 level=INFO msg="Starting auto-import" mode=auto-import
time=2026-02-22T22:50:15.650-05:00 level=INFO msg="File change detected" path=/Users/matthew/s-proj/main/.git/beads-worktrees/beads-sync/.beads/issues.jsonl
time=2026-02-22T22:50:15.663-05:00 level=INFO msg="Pulled sync branch" branch=beads-sync fast_forward=false merged=false
time=2026-02-22T22:50:15.663-05:00 level=INFO msg="🔍 Checking JSONL content hash AFTER pull (fix: auto-pull-not-pulling)"
time=2026-02-22T22:50:15.663-05:00 level=INFO msg="JSONL content changed, proceeding with operation..." mode=auto-import
time=2026-02-22T22:50:15.740-05:00 level=INFO msg="Import failed" error="parent issue ac-4olo does not exist"
time=2026-02-22T22:50:16.652-05:00 level=INFO msg="Import triggered by file change"
time=2026-02-22T22:50:16.691-05:00 level=INFO msg="Starting auto-import" mode=auto-import
time=2026-02-22T22:50:17.098-05:00 level=INFO msg="File change detected" path=/Users/matthew/s-proj/main/.git/beads-worktrees/beads-sync/.beads/issues.jsonl
time=2026-02-22T22:50:17.109-05:00 level=INFO msg="Pulled sync branch" branch=beads-sync fast_forward=false merged=false
time=2026-02-22T22:50:17.109-05:00 level=INFO msg="🔍 Checking JSONL content hash AFTER pull (fix: auto-pull-not-pulling)"
time=2026-02-22T22:50:17.110-05:00 level=INFO msg="JSONL content changed, proceeding with operation..." mode=auto-import
time=2026-02-22T22:50:17.186-05:00 level=INFO msg="Import failed" error="parent issue ac-4olo does not exist"
time=2026-02-22T22:50:18.100-05:00 level=INFO msg="Import triggered by file change"
time=2026-02-22T22:50:18.140-05:00 level=INFO msg="Starting auto-import" mode=auto-import
time=2026-02-22T22:50:18.592-05:00 level=INFO msg="File change detected" path=/Users/matthew/s-proj/main/.git/beads-worktrees/beads-sync/.beads/issues.jsonl
time=2026-02-22T22:50:18.608-05:00 level=INFO msg="Pulled sync branch" branch=beads-sync fast_forward=false merged=false
time=2026-02-22T22:50:18.608-05:00 level=INFO msg="🔍 Checking JSONL content hash AFTER pull (fix: auto-pull-not-pulling)"
time=2026-02-22T22:50:18.609-05:00 level=INFO msg="JSONL content changed, proceeding with operation..." mode=auto-import
time=2026-02-22T22:50:18.691-05:00 level=INFO msg="Import failed" error="parent issue ac-4olo does not exist"
time=2026-02-22T22:50:19.597-05:00 level=INFO msg="Import triggered by file change"
time=2026-02-22T22:50:19.652-05:00 level=INFO msg="Starting auto-import" mode=auto-import
time=2026-02-22T22:50:20.180-05:00 level=INFO msg="File change detected" path=/Users/matthew/s-proj/main/.git/beads-worktrees/beads-sync/.beads/issues.jsonl
time=2026-02-22T22:50:20.192-05:00 level=INFO msg="Pulled sync branch" branch=beads-sync fast_forward=false merged=false
time=2026-02-22T22:50:20.192-05:00 level=INFO msg="🔍 Checking JSONL content hash AFTER pull (fix: auto-pull-not-pulling)"
time=2026-02-22T22:50:20.193-05:00 level=INFO msg="JSONL content changed, proceeding with operation..." mode=auto-import
time=2026-02-22T22:50:20.271-05:00 level=INFO msg="Import failed" error="parent issue ac-4olo does not exist"
time=2026-02-22T22:50:21.183-05:00 level=INFO msg="Import triggered by file change"
time=2026-02-22T22:50:21.256-05:00 level=INFO msg="Starting auto-import" mode=auto-import
time=2026-02-22T22:50:21.751-05:00 level=INFO msg="File change detected" path=/Users/matthew/s-proj/main/.git/beads-worktrees/beads-sync/.beads/issues.jsonl
time=2026-02-22T22:50:21.765-05:00 level=INFO msg="Pulled sync branch" branch=beads-sync fast_forward=false merged=false
time=2026-02-22T22:50:21.765-05:00 level=INFO msg="🔍 Checking JSONL content hash AFTER pull (fix: auto-pull-not-pulling)"
time=2026-02-22T22:50:21.766-05:00 level=INFO msg="JSONL content changed, proceeding with operation..." mode=auto-import
time=2026-02-22T22:50:21.844-05:00 level=INFO msg="Import failed" error="parent issue ac-4olo does not exist"
time=2026-02-22T22:50:22.755-05:00 level=INFO msg="Import triggered by file change"
time=2026-02-22T22:50:22.819-05:00 level=INFO msg="Starting auto-import" mode=auto-import
time=2026-02-22T22:50:23.352-05:00 level=INFO msg="File change detected" path=/Users/matthew/s-proj/main/.git/beads-worktrees/beads-sync/.beads/issues.jsonl
time=2026-02-22T22:50:23.369-05:00 level=INFO msg="Pulled sync branch" branch=beads-sync fast_forward=false merged=false
time=2026-02-22T22:50:23.369-05:00 level=INFO msg="🔍 Checking JSONL content hash AFTER pull (fix: auto-pull-not-pulling)"
time=2026-02-22T22:50:23.371-05:00 level=INFO msg="JSONL content changed, proceeding with operation..." mode=auto-import
time=2026-02-22T22:50:23.448-05:00 level=INFO msg="Import failed" error="parent issue ac-4olo does not exist"
time=2026-02-22T22:50:24.354-05:00 level=INFO msg="Import triggered by file change"
time=2026-02-22T22:50:24.407-05:00 level=INFO msg="Starting auto-import" mode=auto-import
time=2026-02-22T22:50:24.905-05:00 level=INFO msg="File change detected" path=/Users/matthew/s-proj/main/.git/beads-worktrees/beads-sync/.beads/issues.jsonl
time=2026-02-22T22:50:24.920-05:00 level=INFO msg="Pulled sync branch" branch=beads-sync fast_forward=false merged=false
time=2026-02-22T22:50:24.920-05:00 level=INFO msg="🔍 Checking JSONL content hash AFTER pull (fix: auto-pull-not-pulling)"
time=2026-02-22T22:50:24.922-05:00 level=INFO msg="JSONL content changed, proceeding with operation..." mode=auto-import
time=2026-02-22T22:50:24.998-05:00 level=INFO msg="Import failed" error="parent issue ac-4olo does not exist"
time=2026-02-22T22:50:25.908-05:00 level=INFO msg="Import triggered by file change"
time=2026-02-22T22:50:25.977-05:00 level=INFO msg="Starting auto-import" mode=auto-import
time=2026-02-22T22:50:26.496-05:00 level=INFO msg="File change detected" path=/Users/matthew/s-proj/main/.git/beads-worktrees/beads-sync/.beads/issues.jsonl
time=2026-02-22T22:50:26.507-05:00 level=INFO msg="Pulled sync branch" branch=beads-sync fast_forward=false merged=false
time=2026-02-22T22:50:26.507-05:00 level=INFO msg="🔍 Checking JSONL content hash AFTER pull (fix: auto-pull-not-pulling)"
time=2026-02-22T22:50:26.508-05:00 level=INFO msg="JSONL content changed, proceeding with operation..." mode=auto-import
time=2026-02-22T22:50:26.586-05:00 level=INFO msg="Import failed" error="parent issue ac-4olo does not exist"
time=2026-02-22T22:50:27.498-05:00 level=INFO msg="Import triggered by file change"
time=2026-02-22T22:50:27.560-05:00 level=INFO msg="Starting auto-import" mode=auto-import
time=2026-02-22T22:50:28.060-05:00 level=INFO msg="File change detected" path=/Users/matthew/s-proj/main/.git/beads-worktrees/beads-sync/.beads/issues.jsonl
time=2026-02-22T22:50:28.076-05:00 level=INFO msg="Pulled sync branch" branch=beads-sync fast_forward=false merged=false
time=2026-02-22T22:50:28.076-05:00 level=INFO msg="🔍 Checking JSONL content hash AFTER pull (fix: auto-pull-not-pulling)"
time=2026-02-22T22:50:28.078-05:00 level=INFO msg="JSONL content changed, proceeding with operation..." mode=auto-import
time=2026-02-22T22:50:28.159-05:00 level=INFO msg="Import failed" error="parent issue ac-4olo does not exist"
time=2026-02-22T22:50:29.063-05:00 level=INFO msg="Import triggered by file change"
time=2026-02-22T22:50:29.129-05:00 level=INFO msg="Starting auto-import" mode=auto-import
time=2026-02-22T22:50:29.588-05:00 level=INFO msg="File change detected" path=/Users/matthew/s-proj/main/.git/beads-worktrees/beads-sync/.beads/issues.jsonl
time=2026-02-22T22:50:29.601-05:00 level=INFO msg="Pulled sync branch" branch=beads-sync fast_forward=false merged=false
time=2026-02-22T22:50:29.601-05:00 level=INFO msg="🔍 Checking JSONL content hash AFTER pull (fix: auto-pull-not-pulling)"
time=2026-02-22T22:50:29.603-05:00 level=INFO msg="JSONL content changed, proceeding with operation..." mode=auto-import
time=2026-02-22T22:50:29.681-05:00 level=INFO msg="Import failed" error="parent issue ac-4olo does not exist"
time=2026-02-22T22:50:30.590-05:00 level=INFO msg="Import triggered by file change"
time=2026-02-22T22:50:30.649-05:00 level=INFO msg="Starting auto-import" mode=auto-import
time=2026-02-22T22:50:31.109-05:00 level=INFO msg="File change detected" path=/Users/matthew/s-proj/main/.git/beads-worktrees/beads-sync/.beads/issues.jsonl
time=2026-02-22T22:50:31.121-05:00 level=INFO msg="Pulled sync branch" branch=beads-sync fast_forward=false merged=false
time=2026-02-22T22:50:31.121-05:00 level=INFO msg="🔍 Checking JSONL content hash AFTER pull (fix: auto-pull-not-pulling)"
time=2026-02-22T22:50:31.122-05:00 level=INFO msg="JSONL content changed, proceeding with operation..." mode=auto-import
time=2026-02-22T22:50:31.199-05:00 level=INFO msg="Import failed" error="parent issue ac-4olo does not exist"
time=2026-02-22T22:50:32.112-05:00 level=INFO msg="Import triggered by file change"
time=2026-02-22T22:50:32.142-05:00 level=INFO msg="Starting auto-import" mode=auto-import
time=2026-02-22T22:50:32.616-05:00 level=INFO msg="File change detected" path=/Users/matthew/s-proj/main/.git/beads-worktrees/beads-sync/.beads/issues.jsonl
time=2026-02-22T22:50:32.630-05:00 level=INFO msg="Pulled sync branch" branch=beads-sync fast_forward=false merged=false
time=2026-02-22T22:50:32.630-05:00 level=INFO msg="🔍 Checking JSONL content hash AFTER pull (fix: auto-pull-not-pulling)"
time=2026-02-22T22:50:32.632-05:00 level=INFO msg="JSONL content changed, proceeding with operation..." mode=auto-import
time=2026-02-22T22:50:32.708-05:00 level=INFO msg="Import failed" error="parent issue ac-4olo does not exist"
time=2026-02-22T22:50:33.618-05:00 level=INFO msg="Import triggered by file change"
time=2026-02-22T22:50:33.644-05:00 level=INFO msg="Starting auto-import" mode=auto-import
time=2026-02-22T22:50:34.083-05:00 level=INFO msg="File change detected" path=/Users/matthew/s-proj/main/.git/beads-worktrees/beads-sync/.beads/issues.jsonl
time=2026-02-22T22:50:34.097-05:00 level=INFO msg="Pulled sync branch" branch=beads-sync fast_forward=false merged=false
time=2026-02-22T22:50:34.097-05:00 level=INFO msg="🔍 Checking JSONL content hash AFTER pull (fix: auto-pull-not-pulling)"
time=2026-02-22T22:50:34.099-05:00 level=INFO msg="JSONL content changed, proceeding with operation..." mode=auto-import
time=2026-02-22T22:50:34.176-05:00 level=INFO msg="Import failed" error="parent issue ac-4olo does not exist"
time=2026-02-22T22:50:35.085-05:00 level=INFO msg="Import triggered by file change"
time=2026-02-22T22:50:35.108-05:00 level=INFO msg="Starting auto-import" mode=auto-import
time=2026-02-22T22:50:35.488-05:00 level=INFO msg="File change detected" path=/Users/matthew/s-proj/main/.git/beads-worktrees/beads-sync/.beads/issues.jsonl
time=2026-02-22T22:50:35.501-05:00 level=INFO msg="Pulled sync branch" branch=beads-sync fast_forward=false merged=false
time=2026-02-22T22:50:35.501-05:00 level=INFO msg="🔍 Checking JSONL content hash AFTER pull (fix: auto-pull-not-pulling)"
time=2026-02-22T22:50:35.503-05:00 level=INFO msg="JSONL content changed, proceeding with operation..." mode=auto-import
time=2026-02-22T22:50:35.578-05:00 level=INFO msg="Import failed" error="parent issue ac-4olo does not exist"
time=2026-02-22T22:50:36.490-05:00 level=INFO msg="Import triggered by file change"
time=2026-02-22T22:50:36.524-05:00 level=INFO msg="Starting auto-import" mode=auto-import
time=2026-02-22T22:50:36.955-05:00 level=INFO msg="File change detected" path=/Users/matthew/s-proj/main/.git/beads-worktrees/beads-sync/.beads/issues.jsonl
time=2026-02-22T22:50:36.964-05:00 level=INFO msg="Pulled sync branch" branch=beads-sync fast_forward=false merged=false
time=2026-02-22T22:50:36.964-05:00 level=INFO msg="🔍 Checking JSONL content hash AFTER pull (fix: auto-pull-not-pulling)"
time=2026-02-22T22:50:36.965-05:00 level=INFO msg="JSONL content changed, proceeding with operation..." mode=auto-import
time=2026-02-22T22:50:37.041-05:00 level=INFO msg="Import failed" error="parent issue ac-4olo does not exist"
time=2026-02-22T22:50:37.957-05:00 level=INFO msg="Import triggered by file change"
time=2026-02-22T22:50:38.000-05:00 level=INFO msg="Starting auto-import" mode=auto-import
time=2026-02-22T22:50:38.486-05:00 level=INFO msg="File change detected" path=/Users/matthew/s-proj/main/.git/beads-worktrees/beads-sync/.beads/issues.jsonl
time=2026-02-22T22:50:38.498-05:00 level=INFO msg="Pulled sync branch" branch=beads-sync fast_forward=false merged=false
time=2026-02-22T22:50:38.498-05:00 level=INFO msg="🔍 Checking JSONL content hash AFTER pull (fix: auto-pull-not-pulling)"
time=2026-02-22T22:50:38.499-05:00 level=INFO msg="JSONL content changed, proceeding with operation..." mode=auto-import
time=2026-02-22T22:50:38.576-05:00 level=INFO msg="Import failed" error="parent issue ac-4olo does not exist"
time=2026-02-22T22:50:39.488-05:00 level=INFO msg="Import triggered by file change"
time=2026-02-22T22:50:39.531-05:00 level=INFO msg="Starting auto-import" mode=auto-import
time=2026-02-22T22:50:39.970-05:00 level=INFO msg="File change detected" path=/Users/matthew/s-proj/main/.git/beads-worktrees/beads-sync/.beads/issues.jsonl
time=2026-02-22T22:50:39.981-05:00 level=INFO msg="Pulled sync branch" branch=beads-sync fast_forward=false merged=false
time=2026-02-22T22:50:39.981-05:00 level=INFO msg="🔍 Checking JSONL content hash AFTER pull (fix: auto-pull-not-pulling)"
time=2026-02-22T22:50:39.982-05:00 level=INFO msg="JSONL content changed, proceeding with operation..." mode=auto-import
time=2026-02-22T22:50:40.058-05:00 level=INFO msg="Import failed" error="parent issue ac-4olo does not exist"
time=2026-02-22T22:50:40.973-05:00 level=INFO msg="Import triggered by file change"
time=2026-02-22T22:50:41.014-05:00 level=INFO msg="Starting auto-import" mode=auto-import
time=2026-02-22T22:50:41.451-05:00 level=INFO msg="File change detected" path=/Users/matthew/s-proj/main/.git/beads-worktrees/beads-sync/.beads/issues.jsonl
time=2026-02-22T22:50:41.464-05:00 level=INFO msg="Pulled sync branch" branch=beads-sync fast_forward=false merged=false
time=2026-02-22T22:50:41.464-05:00 level=INFO msg="🔍 Checking JSONL content hash AFTER pull (fix: auto-pull-not-pulling)"
time=2026-02-22T22:50:41.464-05:00 level=INFO msg="JSONL content changed, proceeding with operation..." mode=auto-import
time=2026-02-22T22:50:41.541-05:00 level=INFO msg="Import failed" error="parent issue ac-4olo does not exist"
time=2026-02-22T22:50:42.452-05:00 level=INFO msg="Import triggered by file change"
time=2026-02-22T22:50:42.474-05:00 level=INFO msg="Starting auto-import" mode=auto-import
time=2026-02-22T22:50:42.890-05:00 level=INFO msg="File change detected" path=/Users/matthew/s-proj/main/.git/beads-worktrees/beads-sync/.beads/issues.jsonl
time=2026-02-22T22:50:42.902-05:00 level=INFO msg="Pulled sync branch" branch=beads-sync fast_forward=false merged=false
time=2026-02-22T22:50:42.902-05:00 level=INFO msg="🔍 Checking JSONL content hash AFTER pull (fix: auto-pull-not-pulling)"
time=2026-02-22T22:50:42.903-05:00 level=INFO msg="JSONL content changed, proceeding with operation..." mode=auto-import
time=2026-02-22T22:50:42.978-05:00 level=INFO msg="Import failed" error="parent issue ac-4olo does not exist"
time=2026-02-22T22:50:43.892-05:00 level=INFO msg="Import triggered by file change"
time=2026-02-22T22:50:43.921-05:00 level=INFO msg="Starting auto-import" mode=auto-import
time=2026-02-22T22:50:44.383-05:00 level=INFO msg="File change detected" path=/Users/matthew/s-proj/main/.git/beads-worktrees/beads-sync/.beads/issues.jsonl
time=2026-02-22T22:50:44.396-05:00 level=INFO msg="Pulled sync branch" branch=beads-sync fast_forward=false merged=false
time=2026-02-22T22:50:44.396-05:00 level=INFO msg="🔍 Checking JSONL content hash AFTER pull (fix: auto-pull-not-pulling)"
time=2026-02-22T22:50:44.397-05:00 level=INFO msg="JSONL content changed, proceeding with operation..." mode=auto-import
time=2026-02-22T22:50:44.475-05:00 level=INFO msg="Import failed" error="parent issue ac-4olo does not exist"
time=2026-02-22T22:50:45.384-05:00 level=INFO msg="Import triggered by file change"
time=2026-02-22T22:50:45.436-05:00 level=INFO msg="Starting auto-import" mode=auto-import
time=2026-02-22T22:50:45.861-05:00 level=INFO msg="File change detected" path=/Users/matthew/s-proj/main/.git/beads-worktrees/beads-sync/.beads/issues.jsonl
time=2026-02-22T22:50:45.874-05:00 level=INFO msg="Pulled sync branch" branch=beads-sync fast_forward=false merged=false
time=2026-02-22T22:50:45.874-05:00 level=INFO msg="🔍 Checking JSONL content hash AFTER pull (fix: auto-pull-not-pulling)"
time=2026-02-22T22:50:45.875-05:00 level=INFO msg="JSONL content changed, proceeding with operation..." mode=auto-import
time=2026-02-22T22:50:45.951-05:00 level=INFO msg="Import failed" error="parent issue ac-4olo does not exist"
time=2026-02-22T22:50:46.862-05:00 level=INFO msg="Import triggered by file change"
time=2026-02-22T22:50:46.887-05:00 level=INFO msg="Starting auto-import" mode=auto-import
time=2026-02-22T22:50:47.303-05:00 level=INFO msg="File change detected" path=/Users/matthew/s-proj/main/.git/beads-worktrees/beads-sync/.beads/issues.jsonl
time=2026-02-22T22:50:47.319-05:00 level=INFO msg="Pulled sync branch" branch=beads-sync fast_forward=false merged=false
time=2026-02-22T22:50:47.319-05:00 level=INFO msg="🔍 Checking JSONL content hash AFTER pull (fix: auto-pull-not-pulling)"
time=2026-02-22T22:50:47.319-05:00 level=INFO msg="JSONL content changed, proceeding with operation..." mode=auto-import
time=2026-02-22T22:50:47.397-05:00 level=INFO msg="Import failed" error="parent issue ac-4olo does not exist"
time=2026-02-22T22:50:48.306-05:00 level=INFO msg="Import triggered by file change"
time=2026-02-22T22:50:48.355-05:00 level=INFO msg="Starting auto-import" mode=auto-import
time=2026-02-22T22:50:48.828-05:00 level=INFO msg="File change detected" path=/Users/matthew/s-proj/main/.git/beads-worktrees/beads-sync/.beads/issues.jsonl
time=2026-02-22T22:50:48.840-05:00 level=INFO msg="Pulled sync branch" branch=beads-sync fast_forward=false merged=false
time=2026-02-22T22:50:48.840-05:00 level=INFO msg="🔍 Checking JSONL content hash AFTER pull (fix: auto-pull-not-pulling)"
time=2026-02-22T22:50:48.842-05:00 level=INFO msg="JSONL content changed, proceeding with operation..." mode=auto-import
time=2026-02-22T22:50:48.918-05:00 level=INFO msg="Import failed" error="parent issue ac-4olo does not exist"
time=2026-02-22T22:50:49.830-05:00 level=INFO msg="Import triggered by file change"
time=2026-02-22T22:50:49.871-05:00 level=INFO msg="Starting auto-import" mode=auto-import
time=2026-02-22T22:50:50.317-05:00 level=INFO msg="File change detected" path=/Users/matthew/s-proj/main/.git/beads-worktrees/beads-sync/.beads/issues.jsonl
time=2026-02-22T22:50:50.327-05:00 level=INFO msg="Pulled sync branch" branch=beads-sync fast_forward=false merged=false
time=2026-02-22T22:50:50.327-05:00 level=INFO msg="🔍 Checking JSONL content hash AFTER pull (fix: auto-pull-not-pulling)"
time=2026-02-22T22:50:50.328-05:00 level=INFO msg="JSONL content changed, proceeding with operation..." mode=auto-import
time=2026-02-22T22:50:50.410-05:00 level=INFO msg="Import failed" error="parent issue ac-4olo does not exist"
time=2026-02-22T22:50:51.320-05:00 level=INFO msg="Import triggered by file change"
time=2026-02-22T22:50:51.359-05:00 level=INFO msg="Starting auto-import" mode=auto-import
time=2026-02-22T22:50:51.814-05:00 level=INFO msg="File change detected" path=/Users/matthew/s-proj/main/.git/beads-worktrees/beads-sync/.beads/issues.jsonl
time=2026-02-22T22:50:51.828-05:00 level=INFO msg="Pulled sync branch" branch=beads-sync fast_forward=false merged=false
time=2026-02-22T22:50:51.828-05:00 level=INFO msg="🔍 Checking JSONL content hash AFTER pull (fix: auto-pull-not-pulling)"
time=2026-02-22T22:50:51.829-05:00 level=INFO msg="JSONL content changed, proceeding with operation..." mode=auto-import
time=2026-02-22T22:50:51.906-05:00 level=INFO msg="Import failed" error="parent issue ac-4olo does not exist"
time=2026-02-22T22:50:52.817-05:00 level=INFO msg="Import triggered by file change"
time=2026-02-22T22:50:52.852-05:00 level=INFO msg="Starting auto-import" mode=auto-import
time=2026-02-22T22:50:53.390-05:00 level=INFO msg="File change detected" path=/Users/matthew/s-proj/main/.git/beads-worktrees/beads-sync/.beads/issues.jsonl
time=2026-02-22T22:50:53.407-05:00 level=INFO msg="Pulled sync branch" branch=beads-sync fast_forward=false merged=false
time=2026-02-22T22:50:53.407-05:00 level=INFO msg="🔍 Checking JSONL content hash AFTER pull (fix: auto-pull-not-pulling)"
time=2026-02-22T22:50:53.409-05:00 level=INFO msg="JSONL content changed, proceeding with operation..." mode=auto-import
time=2026-02-22T22:50:53.486-05:00 level=INFO msg="Import failed" error="parent issue ac-4olo does not exist"
time=2026-02-22T22:50:54.393-05:00 level=INFO msg="Import triggered by file change"
time=2026-02-22T22:50:54.436-05:00 level=INFO msg="Starting auto-import" mode=auto-import
time=2026-02-22T22:50:54.862-05:00 level=INFO msg="File change detected" path=/Users/matthew/s-proj/main/.git/beads-worktrees/beads-sync/.beads/issues.jsonl
time=2026-02-22T22:50:54.877-05:00 level=INFO msg="Pulled sync branch" branch=beads-sync fast_forward=false merged=false
time=2026-02-22T22:50:54.877-05:00 level=INFO msg="🔍 Checking JSONL content hash AFTER pull (fix: auto-pull-not-pulling)"
time=2026-02-22T22:50:54.879-05:00 level=INFO msg="JSONL content changed, proceeding with operation..." mode=auto-import
time=2026-02-22T22:50:54.956-05:00 level=INFO msg="Import failed" error="parent issue ac-4olo does not exist"
time=2026-02-22T22:50:55.865-05:00 level=INFO msg="Import triggered by file change"
time=2026-02-22T22:50:55.900-05:00 level=INFO msg="Starting auto-import" mode=auto-import
time=2026-02-22T22:50:56.444-05:00 level=INFO msg="File change detected" path=/Users/matthew/s-proj/main/.git/beads-worktrees/beads-sync/.beads/issues.jsonl
time=2026-02-22T22:50:56.459-05:00 level=INFO msg="Pulled sync branch" branch=beads-sync fast_forward=false merged=false
time=2026-02-22T22:50:56.459-05:00 level=INFO msg="🔍 Checking JSONL content hash AFTER pull (fix: auto-pull-not-pulling)"
time=2026-02-22T22:50:56.460-05:00 level=INFO msg="JSONL content changed, proceeding with operation..." mode=auto-import
time=2026-02-22T22:50:56.538-05:00 level=INFO msg="Import failed" error="parent issue ac-4olo does not exist"
time=2026-02-22T22:50:57.451-05:00 level=INFO msg="Import triggered by file change"
time=2026-02-22T22:50:57.491-05:00 level=INFO msg="Starting auto-import" mode=auto-import
time=2026-02-22T22:50:57.941-05:00 level=INFO msg="File change detected" path=/Users/matthew/s-proj/main/.git/beads-worktrees/beads-sync/.beads/issues.jsonl
time=2026-02-22T22:50:57.953-05:00 level=INFO msg="Pulled sync branch" branch=beads-sync fast_forward=false merged=false
time=2026-02-22T22:50:57.953-05:00 level=INFO msg="🔍 Checking JSONL content hash AFTER pull (fix: auto-pull-not-pulling)"
time=2026-02-22T22:50:57.955-05:00 level=INFO msg="JSONL content changed, proceeding with operation..." mode=auto-import
time=2026-02-22T22:50:58.033-05:00 level=INFO msg="Import failed" error="parent issue ac-4olo does not exist"
time=2026-02-22T22:50:58.950-05:00 level=INFO msg="Import triggered by file change"
time=2026-02-22T22:50:58.994-05:00 level=INFO msg="Starting auto-import" mode=auto-import
time=2026-02-22T22:50:59.421-05:00 level=INFO msg="File change detected" path=/Users/matthew/s-proj/main/.git/beads-worktrees/beads-sync/.beads/issues.jsonl
time=2026-02-22T22:50:59.434-05:00 level=INFO msg="Pulled sync branch" branch=beads-sync fast_forward=false merged=false
time=2026-02-22T22:50:59.434-05:00 level=INFO msg="🔍 Checking JSONL content hash AFTER pull (fix: auto-pull-not-pulling)"
time=2026-02-22T22:50:59.435-05:00 level=INFO msg="JSONL content changed, proceeding with operation..." mode=auto-import
time=2026-02-22T22:50:59.511-05:00 level=INFO msg="Import failed" error="parent issue ac-4olo does not exist"
time=2026-02-22T22:51:00.423-05:00 level=INFO msg="Import triggered by file change"
time=2026-02-22T22:51:00.465-05:00 level=INFO msg="Starting auto-import" mode=auto-import
time=2026-02-22T22:51:00.903-05:00 level=INFO msg="File change detected" path=/Users/matthew/s-proj/main/.git/beads-worktrees/beads-sync/.beads/issues.jsonl
time=2026-02-22T22:51:00.917-05:00 level=INFO msg="Pulled sync branch" branch=beads-sync fast_forward=false merged=false
time=2026-02-22T22:51:00.917-05:00 level=INFO msg="🔍 Checking JSONL content hash AFTER pull (fix: auto-pull-not-pulling)"
time=2026-02-22T22:51:00.919-05:00 level=INFO msg="JSONL content changed, proceeding with operation..." mode=auto-import
time=2026-02-22T22:51:00.996-05:00 level=INFO msg="Import failed" error="parent issue ac-4olo does not exist"
time=2026-02-22T22:51:01.905-05:00 level=INFO msg="Import triggered by file change"
time=2026-02-22T22:51:01.939-05:00 level=INFO msg="Starting auto-import" mode=auto-import
time=2026-02-22T22:51:02.385-05:00 level=INFO msg="File change detected" path=/Users/matthew/s-proj/main/.git/beads-worktrees/beads-sync/.beads/issues.jsonl
time=2026-02-22T22:51:02.397-05:00 level=INFO msg="Pulled sync branch" branch=beads-sync fast_forward=false merged=false
time=2026-02-22T22:51:02.397-05:00 level=INFO msg="🔍 Checking JSONL content hash AFTER pull (fix: auto-pull-not-pulling)"
time=2026-02-22T22:51:02.398-05:00 level=INFO msg="JSONL content changed, proceeding with operation..." mode=auto-import
time=2026-02-22T22:51:02.475-05:00 level=INFO msg="Import failed" error="parent issue ac-4olo does not exist"
time=2026-02-22T22:51:03.387-05:00 level=INFO msg="Import triggered by file change"
time=2026-02-22T22:51:03.434-05:00 level=INFO msg="Starting auto-import" mode=auto-import
time=2026-02-22T22:51:03.847-05:00 level=INFO msg="File change detected" path=/Users/matthew/s-proj/main/.git/beads-worktrees/beads-sync/.beads/issues.jsonl
time=2026-02-22T22:51:03.862-05:00 level=INFO msg="Pulled sync branch" branch=beads-sync fast_forward=false merged=false
time=2026-02-22T22:51:03.862-05:00 level=INFO msg="🔍 Checking JSONL content hash AFTER pull (fix: auto-pull-not-pulling)"
time=2026-02-22T22:51:03.864-05:00 level=INFO msg="JSONL content changed, proceeding with operation..." mode=auto-import
time=2026-02-22T22:51:03.940-05:00 level=INFO msg="Import failed" error="parent issue ac-4olo does not exist"
time=2026-02-22T22:51:04.850-05:00 level=INFO msg="Import triggered by file change"
time=2026-02-22T22:51:04.888-05:00 level=INFO msg="Starting auto-import" mode=auto-import
time=2026-02-22T22:51:05.320-05:00 level=INFO msg="File change detected" path=/Users/matthew/s-proj/main/.git/beads-worktrees/beads-sync/.beads/issues.jsonl
time=2026-02-22T22:51:05.331-05:00 level=INFO msg="Pulled sync branch" branch=beads-sync fast_forward=false merged=false
time=2026-02-22T22:51:05.331-05:00 level=INFO msg="🔍 Checking JSONL content hash AFTER pull (fix: auto-pull-not-pulling)"
time=2026-02-22T22:51:05.332-05:00 level=INFO msg="JSONL content changed, proceeding with operation..." mode=auto-import
time=2026-02-22T22:51:05.410-05:00 level=INFO msg="Import failed" error="parent issue ac-4olo does not exist"
time=2026-02-22T22:51:06.323-05:00 level=INFO msg="Import triggered by file change"
time=2026-02-22T22:51:06.353-05:00 level=INFO msg="Starting auto-import" mode=auto-import
time=2026-02-22T22:51:06.798-05:00 level=INFO msg="File change detected" path=/Users/matthew/s-proj/main/.git/beads-worktrees/beads-sync/.beads/issues.jsonl
time=2026-02-22T22:51:06.810-05:00 level=INFO msg="Pulled sync branch" branch=beads-sync fast_forward=false merged=false
time=2026-02-22T22:51:06.810-05:00 level=INFO msg="🔍 Checking JSONL content hash AFTER pull (fix: auto-pull-not-pulling)"
time=2026-02-22T22:51:06.811-05:00 level=INFO msg="JSONL content changed, proceeding with operation..." mode=auto-import
time=2026-02-22T22:51:06.889-05:00 level=INFO msg="Import failed" error="parent issue ac-4olo does not exist"
time=2026-02-22T22:51:07.800-05:00 level=INFO msg="Import triggered by file change"
time=2026-02-22T22:51:07.850-05:00 level=INFO msg="Starting auto-import" mode=auto-import
time=2026-02-22T22:51:08.298-05:00 level=INFO msg="File change detected" path=/Users/matthew/s-proj/main/.git/beads-worktrees/beads-sync/.beads/issues.jsonl
time=2026-02-22T22:51:08.316-05:00 level=INFO msg="Pulled sync branch" branch=beads-sync fast_forward=false merged=false
time=2026-02-22T22:51:08.316-05:00 level=INFO msg="🔍 Checking JSONL content hash AFTER pull (fix: auto-pull-not-pulling)"
time=2026-02-22T22:51:08.317-05:00 level=INFO msg="JSONL content changed, proceeding with operation..." mode=auto-import
time=2026-02-22T22:51:08.395-05:00 level=INFO msg="Import failed" error="parent issue ac-4olo does not exist"
time=2026-02-22T22:51:09.300-05:00 level=INFO msg="Import triggered by file change"
time=2026-02-22T22:51:09.325-05:00 level=INFO msg="Starting auto-import" mode=auto-import
time=2026-02-22T22:51:09.769-05:00 level=INFO msg="File change detected" path=/Users/matthew/s-proj/main/.git/beads-worktrees/beads-sync/.beads/issues.jsonl
time=2026-02-22T22:51:09.784-05:00 level=INFO msg="Pulled sync branch" branch=beads-sync fast_forward=false merged=false
time=2026-02-22T22:51:09.784-05:00 level=INFO msg="🔍 Checking JSONL content hash AFTER pull (fix: auto-pull-not-pulling)"
time=2026-02-22T22:51:09.786-05:00 level=INFO msg="JSONL content changed, proceeding with operation..." mode=auto-import
time=2026-02-22T22:51:09.863-05:00 level=INFO msg="Import failed" error="parent issue ac-4olo does not exist"
time=2026-02-22T22:51:10.771-05:00 level=INFO msg="Import triggered by file change"
time=2026-02-22T22:51:10.812-05:00 level=INFO msg="Starting auto-import" mode=auto-import
time=2026-02-22T22:51:11.260-05:00 level=INFO msg="File change detected" path=/Users/matthew/s-proj/main/.git/beads-worktrees/beads-sync/.beads/issues.jsonl
time=2026-02-22T22:51:11.274-05:00 level=INFO msg="Pulled sync branch" branch=beads-sync fast_forward=false merged=false
time=2026-02-22T22:51:11.274-05:00 level=INFO msg="🔍 Checking JSONL content hash AFTER pull (fix: auto-pull-not-pulling)"
time=2026-02-22T22:51:11.275-05:00 level=INFO msg="JSONL content changed, proceeding with operation..." mode=auto-import
time=2026-02-22T22:51:11.353-05:00 level=INFO msg="Import failed" error="parent issue ac-4olo does not exist"
time=2026-02-22T22:51:12.262-05:00 level=INFO msg="Import triggered by file change"
time=2026-02-22T22:51:12.297-05:00 level=INFO msg="Starting auto-import" mode=auto-import
time=2026-02-22T22:51:12.745-05:00 level=INFO msg="File change detected" path=/Users/matthew/s-proj/main/.git/beads-worktrees/beads-sync/.beads/issues.jsonl
time=2026-02-22T22:51:12.758-05:00 level=INFO msg="Pulled sync branch" branch=beads-sync fast_forward=false merged=false
time=2026-02-22T22:51:12.758-05:00 level=INFO msg="🔍 Checking JSONL content hash AFTER pull (fix: auto-pull-not-pulling)"
time=2026-02-22T22:51:12.759-05:00 level=INFO msg="JSONL content changed, proceeding with operation..." mode=auto-import
time=2026-02-22T22:51:12.837-05:00 level=INFO msg="Import failed" error="parent issue ac-4olo does not exist"
time=2026-02-22T22:51:13.747-05:00 level=INFO msg="Import triggered by file change"
time=2026-02-22T22:51:13.791-05:00 level=INFO msg="Starting auto-import" mode=auto-import
time=2026-02-22T22:51:14.208-05:00 level=INFO msg="File change detected" path=/Users/matthew/s-proj/main/.git/beads-worktrees/beads-sync/.beads/issues.jsonl
time=2026-02-22T22:51:14.225-05:00 level=INFO msg="Pulled sync branch" branch=beads-sync fast_forward=false merged=false
time=2026-02-22T22:51:14.225-05:00 level=INFO msg="🔍 Checking JSONL content hash AFTER pull (fix: auto-pull-not-pulling)"
time=2026-02-22T22:51:14.226-05:00 level=INFO msg="JSONL content changed, proceeding with operation..." mode=auto-import
time=2026-02-22T22:51:14.304-05:00 level=INFO msg="Import failed" error="parent issue ac-4olo does not exist"
time=2026-02-22T22:51:15.212-05:00 level=INFO msg="Import triggered by file change"
time=2026-02-22T22:51:15.250-05:00 level=INFO msg="Starting auto-import" mode=auto-import
time=2026-02-22T22:51:15.705-05:00 level=INFO msg="File change detected" path=/Users/matthew/s-proj/main/.git/beads-worktrees/beads-sync/.beads/issues.jsonl
time=2026-02-22T22:51:15.720-05:00 level=INFO msg="Pulled sync branch" branch=beads-sync fast_forward=false merged=false
time=2026-02-22T22:51:15.720-05:00 level=INFO msg="🔍 Checking JSONL content hash AFTER pull (fix: auto-pull-not-pulling)"
time=2026-02-22T22:51:15.721-05:00 level=INFO msg="JSONL content changed, proceeding with operation..." mode=auto-import
time=2026-02-22T22:51:15.798-05:00 level=INFO msg="Import failed" error="parent issue ac-4olo does not exist"
time=2026-02-22T22:51:16.707-05:00 level=INFO msg="Import triggered by file change"
time=2026-02-22T22:51:16.750-05:00 level=INFO msg="Starting auto-import" mode=auto-import
time=2026-02-22T22:51:17.168-05:00 level=INFO msg="File change detected" path=/Users/matthew/s-proj/main/.git/beads-worktrees/beads-sync/.beads/issues.jsonl
time=2026-02-22T22:51:17.181-05:00 level=INFO msg="Pulled sync branch" branch=beads-sync fast_forward=false merged=false
time=2026-02-22T22:51:17.181-05:00 level=INFO msg="🔍 Checking JSONL content hash AFTER pull (fix: auto-pull-not-pulling)"
time=2026-02-22T22:51:17.182-05:00 level=INFO msg="JSONL content changed, proceeding with operation..." mode=auto-import
time=2026-02-22T22:51:17.260-05:00 level=INFO msg="Import failed" error="parent issue ac-4olo does not exist"
time=2026-02-22T22:51:18.170-05:00 level=INFO msg="Import triggered by file change"
time=2026-02-22T22:51:18.211-05:00 level=INFO msg="Starting auto-import" mode=auto-import
time=2026-02-22T22:51:18.645-05:00 level=INFO msg="File change detected" path=/Users/matthew/s-proj/main/.git/beads-worktrees/beads-sync/.beads/issues.jsonl
time=2026-02-22T22:51:18.658-05:00 level=INFO msg="Pulled sync branch" branch=beads-sync fast_forward=false merged=false
time=2026-02-22T22:51:18.658-05:00 level=INFO msg="🔍 Checking JSONL content hash AFTER pull (fix: auto-pull-not-pulling)"
time=2026-02-22T22:51:18.659-05:00 level=INFO msg="JSONL content changed, proceeding with operation..." mode=auto-import
time=2026-02-22T22:51:18.737-05:00 level=INFO msg="Import failed" error="parent issue ac-4olo does not exist"
time=2026-02-22T22:51:19.647-05:00 level=INFO msg="Import triggered by file change"
time=2026-02-22T22:51:19.683-05:00 level=INFO msg="Starting auto-import" mode=auto-import
time=2026-02-22T22:51:20.136-05:00 level=INFO msg="File change detected" path=/Users/matthew/s-proj/main/.git/beads-worktrees/beads-sync/.beads/issues.jsonl
time=2026-02-22T22:51:20.149-05:00 level=INFO msg="Pulled sync branch" branch=beads-sync fast_forward=false merged=false
time=2026-02-22T22:51:20.149-05:00 level=INFO msg="🔍 Checking JSONL content hash AFTER pull (fix: auto-pull-not-pulling)"
time=2026-02-22T22:51:20.150-05:00 level=INFO msg="JSONL content changed, proceeding with operation..." mode=auto-import
time=2026-02-22T22:51:20.231-05:00 level=INFO msg="Import failed" error="parent issue ac-4olo does not exist"
time=2026-02-22T22:51:21.138-05:00 level=INFO msg="Import triggered by file change"
time=2026-02-22T22:51:21.177-05:00 level=INFO msg="Starting auto-import" mode=auto-import
time=2026-02-22T22:51:21.631-05:00 level=INFO msg="File change detected" path=/Users/matthew/s-proj/main/.git/beads-worktrees/beads-sync/.beads/issues.jsonl
time=2026-02-22T22:51:21.649-05:00 level=INFO msg="Pulled sync branch" branch=beads-sync fast_forward=false merged=false
time=2026-02-22T22:51:21.649-05:00 level=INFO msg="🔍 Checking JSONL content hash AFTER pull (fix: auto-pull-not-pulling)"
time=2026-02-22T22:51:21.650-05:00 level=INFO msg="JSONL content changed, proceeding with operation..." mode=auto-import
time=2026-02-22T22:51:21.740-05:00 level=INFO msg="Import failed" error="parent issue ac-4olo does not exist"
time=2026-02-22T22:51:22.635-05:00 level=INFO msg="Import triggered by file change"
time=2026-02-22T22:51:22.672-05:00 level=INFO msg="Starting auto-import" mode=auto-import
time=2026-02-22T22:51:23.121-05:00 level=INFO msg="File change detected" path=/Users/matthew/s-proj/main/.git/beads-worktrees/beads-sync/.beads/issues.jsonl
time=2026-02-22T22:51:23.135-05:00 level=INFO msg="Pulled sync branch" branch=beads-sync fast_forward=false merged=false
time=2026-02-22T22:51:23.135-05:00 level=INFO msg="🔍 Checking JSONL content hash AFTER pull (fix: auto-pull-not-pulling)"
time=2026-02-22T22:51:23.136-05:00 level=INFO msg="JSONL content changed, proceeding with operation..." mode=auto-import
time=2026-02-22T22:51:23.213-05:00 level=INFO msg="Import failed" error="parent issue ac-4olo does not exist"
time=2026-02-22T22:51:24.124-05:00 level=INFO msg="Import triggered by file change"
time=2026-02-22T22:51:24.171-05:00 level=INFO msg="Starting auto-import" mode=auto-import
time=2026-02-22T22:51:24.595-05:00 level=INFO msg="File change detected" path=/Users/matthew/s-proj/main/.git/beads-worktrees/beads-sync/.beads/issues.jsonl
time=2026-02-22T22:51:24.613-05:00 level=INFO msg="Pulled sync branch" branch=beads-sync fast_forward=false merged=false
time=2026-02-22T22:51:24.613-05:00 level=INFO msg="🔍 Checking JSONL content hash AFTER pull (fix: auto-pull-not-pulling)"
time=2026-02-22T22:51:24.614-05:00 level=INFO msg="JSONL content changed, proceeding with operation..." mode=auto-import
time=2026-02-22T22:51:24.691-05:00 level=INFO msg="Import failed" error="parent issue ac-4olo does not exist"
time=2026-02-22T22:51:25.602-05:00 level=INFO msg="Import triggered by file change"
time=2026-02-22T22:51:25.646-05:00 level=INFO msg="Starting auto-import" mode=auto-import
time=2026-02-22T22:51:26.092-05:00 level=INFO msg="File change detected" path=/Users/matthew/s-proj/main/.git/beads-worktrees/beads-sync/.beads/issues.jsonl
time=2026-02-22T22:51:26.103-05:00 level=INFO msg="Pulled sync branch" branch=beads-sync fast_forward=false merged=false
time=2026-02-22T22:51:26.103-05:00 level=INFO msg="🔍 Checking JSONL content hash AFTER pull (fix: auto-pull-not-pulling)"
time=2026-02-22T22:51:26.105-05:00 level=INFO msg="JSONL content changed, proceeding with operation..." mode=auto-import
time=2026-02-22T22:51:26.181-05:00 level=INFO msg="Import failed" error="parent issue ac-4olo does not exist"
time=2026-02-22T22:51:27.094-05:00 level=INFO msg="Import triggered by file change"
time=2026-02-22T22:51:27.133-05:00 level=INFO msg="Starting auto-import" mode=auto-import
time=2026-02-22T22:51:27.573-05:00 level=INFO msg="File change detected" path=/Users/matthew/s-proj/main/.git/beads-worktrees/beads-sync/.beads/issues.jsonl
time=2026-02-22T22:51:27.585-05:00 level=INFO msg="Pulled sync branch" branch=beads-sync fast_forward=false merged=false
time=2026-02-22T22:51:27.585-05:00 level=INFO msg="🔍 Checking JSONL content hash AFTER pull (fix: auto-pull-not-pulling)"
time=2026-02-22T22:51:27.587-05:00 level=INFO msg="JSONL content changed, proceeding with operation..." mode=auto-import
time=2026-02-22T22:51:27.663-05:00 level=INFO msg="Import failed" error="parent issue ac-4olo does not exist"
time=2026-02-22T22:51:28.575-05:00 level=INFO msg="Import triggered by file change"
time=2026-02-22T22:51:28.602-05:00 level=INFO msg="Starting auto-import" mode=auto-import
time=2026-02-22T22:51:29.040-05:00 level=INFO msg="File change detected" path=/Users/matthew/s-proj/main/.git/beads-worktrees/beads-sync/.beads/issues.jsonl
time=2026-02-22T22:51:29.051-05:00 level=INFO msg="Pulled sync branch" branch=beads-sync fast_forward=false merged=false
time=2026-02-22T22:51:29.051-05:00 level=INFO msg="🔍 Checking JSONL content hash AFTER pull (fix: auto-pull-not-pulling)"
time=2026-02-22T22:51:29.052-05:00 level=INFO msg="JSONL content changed, proceeding with operation..." mode=auto-import
time=2026-02-22T22:51:29.129-05:00 level=INFO msg="Import failed" error="parent issue ac-4olo does not exist"
time=2026-02-22T22:51:30.042-05:00 level=INFO msg="Import triggered by file change"
time=2026-02-22T22:51:30.079-05:00 level=INFO msg="Starting auto-import" mode=auto-import
time=2026-02-22T22:51:30.512-05:00 level=INFO msg="File change detected" path=/Users/matthew/s-proj/main/.git/beads-worktrees/beads-sync/.beads/issues.jsonl
time=2026-02-22T22:51:30.524-05:00 level=INFO msg="Pulled sync branch" branch=beads-sync fast_forward=false merged=false
time=2026-02-22T22:51:30.524-05:00 level=INFO msg="🔍 Checking JSONL content hash AFTER pull (fix: auto-pull-not-pulling)"
time=2026-02-22T22:51:30.525-05:00 level=INFO msg="JSONL content changed, proceeding with operation..." mode=auto-import
time=2026-02-22T22:51:30.602-05:00 level=INFO msg="Import failed" error="parent issue ac-4olo does not exist"
time=2026-02-22T22:51:31.514-05:00 level=INFO msg="Import triggered by file change"
time=2026-02-22T22:51:31.545-05:00 level=INFO msg="Starting auto-import" mode=auto-import
time=2026-02-22T22:51:32.072-05:00 level=INFO msg="File change detected" path=/Users/matthew/s-proj/main/.git/beads-worktrees/beads-sync/.beads/issues.jsonl
time=2026-02-22T22:51:32.085-05:00 level=INFO msg="Pulled sync branch" branch=beads-sync fast_forward=false merged=false
time=2026-02-22T22:51:32.085-05:00 level=INFO msg="🔍 Checking JSONL content hash AFTER pull (fix: auto-pull-not-pulling)"
time=2026-02-22T22:51:32.087-05:00 level=INFO msg="JSONL content changed, proceeding with operation..." mode=auto-import
time=2026-02-22T22:51:32.164-05:00 level=INFO msg="Import failed" error="parent issue ac-4olo does not exist"
time=2026-02-22T22:51:33.075-05:00 level=INFO msg="Import triggered by file change"
time=2026-02-22T22:51:33.105-05:00 level=INFO msg="Starting auto-import" mode=auto-import
time=2026-02-22T22:51:33.543-05:00 level=INFO msg="File change detected" path=/Users/matthew/s-proj/main/.git/beads-worktrees/beads-sync/.beads/issues.jsonl
time=2026-02-22T22:51:33.559-05:00 level=INFO msg="Pulled sync branch" branch=beads-sync fast_forward=false merged=false
time=2026-02-22T22:51:33.559-05:00 level=INFO msg="🔍 Checking JSONL content hash AFTER pull (fix: auto-pull-not-pulling)"
time=2026-02-22T22:51:33.560-05:00 level=INFO msg="JSONL content changed, proceeding with operation..." mode=auto-import
time=2026-02-22T22:51:33.637-05:00 level=INFO msg="Import failed" error="parent issue ac-4olo does not exist"
time=2026-02-22T22:51:34.545-05:00 level=INFO msg="Import triggered by file change"
time=2026-02-22T22:51:34.581-05:00 level=INFO msg="Starting auto-import" mode=auto-import
time=2026-02-22T22:51:35.011-05:00 level=INFO msg="File change detected" path=/Users/matthew/s-proj/main/.git/beads-worktrees/beads-sync/.beads/issues.jsonl
time=2026-02-22T22:51:35.023-05:00 level=INFO msg="Pulled sync branch" branch=beads-sync fast_forward=false merged=false
time=2026-02-22T22:51:35.023-05:00 level=INFO msg="🔍 Checking JSONL content hash AFTER pull (fix: auto-pull-not-pulling)"
time=2026-02-22T22:51:35.024-05:00 level=INFO msg="JSONL content changed, proceeding with operation..." mode=auto-import
time=2026-02-22T22:51:35.101-05:00 level=INFO msg="Import failed" error="parent issue ac-4olo does not exist"
time=2026-02-22T22:51:36.013-05:00 level=INFO msg="Import triggered by file change"
time=2026-02-22T22:51:36.035-05:00 level=INFO msg="Starting auto-import" mode=auto-import
time=2026-02-22T22:51:36.446-05:00 level=INFO msg="File change detected" path=/Users/matthew/s-proj/main/.git/beads-worktrees/beads-sync/.beads/issues.jsonl
time=2026-02-22T22:51:36.460-05:00 level=INFO msg="Pulled sync branch" branch=beads-sync fast_forward=false merged=false
time=2026-02-22T22:51:36.460-05:00 level=INFO msg="🔍 Checking JSONL content hash AFTER pull (fix: auto-pull-not-pulling)"
time=2026-02-22T22:51:36.461-05:00 level=INFO msg="JSONL content changed, proceeding with operation..." mode=auto-import
time=2026-02-22T22:51:36.541-05:00 level=INFO msg="Import failed" error="parent issue ac-4olo does not exist"
time=2026-02-22T22:51:37.448-05:00 level=INFO msg="Import triggered by file change"
time=2026-02-22T22:51:37.491-05:00 level=INFO msg="Starting auto-import" mode=auto-import
time=2026-02-22T22:51:38.044-05:00 level=INFO msg="File change detected" path=/Users/matthew/s-proj/main/.git/beads-worktrees/beads-sync/.beads/issues.jsonl
time=2026-02-22T22:51:38.054-05:00 level=INFO msg="Pulled sync branch" branch=beads-sync fast_forward=false merged=false
time=2026-02-22T22:51:38.054-05:00 level=INFO msg="🔍 Checking JSONL content hash AFTER pull (fix: auto-pull-not-pulling)"
time=2026-02-22T22:51:38.055-05:00 level=INFO msg="JSONL content changed, proceeding with operation..." mode=auto-import
time=2026-02-22T22:51:38.132-05:00 level=INFO msg="Import failed" error="parent issue ac-4olo does not exist"
time=2026-02-22T22:51:39.046-05:00 level=INFO msg="Import triggered by file change"
time=2026-02-22T22:51:39.074-05:00 level=INFO msg="Starting auto-import" mode=auto-import
time=2026-02-22T22:51:39.488-05:00 level=INFO msg="File change detected" path=/Users/matthew/s-proj/main/.git/beads-worktrees/beads-sync/.beads/issues.jsonl
time=2026-02-22T22:51:39.502-05:00 level=INFO msg="Pulled sync branch" branch=beads-sync fast_forward=false merged=false
time=2026-02-22T22:51:39.502-05:00 level=INFO msg="🔍 Checking JSONL content hash AFTER pull (fix: auto-pull-not-pulling)"
time=2026-02-22T22:51:39.504-05:00 level=INFO msg="JSONL content changed, proceeding with operation..." mode=auto-import
time=2026-02-22T22:51:39.580-05:00 level=INFO msg="Import failed" error="parent issue ac-4olo does not exist"
time=2026-02-22T22:51:40.491-05:00 level=INFO msg="Import triggered by file change"
time=2026-02-22T22:51:40.526-05:00 level=INFO msg="Starting auto-import" mode=auto-import
time=2026-02-22T22:51:40.959-05:00 level=INFO msg="File change detected" path=/Users/matthew/s-proj/main/.git/beads-worktrees/beads-sync/.beads/issues.jsonl
time=2026-02-22T22:51:40.971-05:00 level=INFO msg="Pulled sync branch" branch=beads-sync fast_forward=false merged=false
time=2026-02-22T22:51:40.971-05:00 level=INFO msg="🔍 Checking JSONL content hash AFTER pull (fix: auto-pull-not-pulling)"
time=2026-02-22T22:51:40.973-05:00 level=INFO msg="JSONL content changed, proceeding with operation..." mode=auto-import
time=2026-02-22T22:51:41.049-05:00 level=INFO msg="Import failed" error="parent issue ac-4olo does not exist"
time=2026-02-22T22:51:41.962-05:00 level=INFO msg="Import triggered by file change"
time=2026-02-22T22:51:41.997-05:00 level=INFO msg="Starting auto-import" mode=auto-import
time=2026-02-22T22:51:42.515-05:00 level=INFO msg="File change detected" path=/Users/matthew/s-proj/main/.git/beads-worktrees/beads-sync/.beads/issues.jsonl
time=2026-02-22T22:51:42.526-05:00 level=INFO msg="Pulled sync branch" branch=beads-sync fast_forward=false merged=false
time=2026-02-22T22:51:42.526-05:00 level=INFO msg="🔍 Checking JSONL content hash AFTER pull (fix: auto-pull-not-pulling)"
time=2026-02-22T22:51:42.527-05:00 level=INFO msg="JSONL content changed, proceeding with operation..." mode=auto-import
time=2026-02-22T22:51:42.605-05:00 level=INFO msg="Import failed" error="parent issue ac-4olo does not exist"
time=2026-02-22T22:51:43.517-05:00 level=INFO msg="Import triggered by file change"
time=2026-02-22T22:51:43.564-05:00 level=INFO msg="Starting auto-import" mode=auto-import
time=2026-02-22T22:51:44.029-05:00 level=INFO msg="File change detected" path=/Users/matthew/s-proj/main/.git/beads-worktrees/beads-sync/.beads/issues.jsonl
time=2026-02-22T22:51:44.042-05:00 level=INFO msg="Pulled sync branch" branch=beads-sync fast_forward=false merged=false
time=2026-02-22T22:51:44.042-05:00 level=INFO msg="🔍 Checking JSONL content hash AFTER pull (fix: auto-pull-not-pulling)"
time=2026-02-22T22:51:44.044-05:00 level=INFO msg="JSONL content changed, proceeding with operation..." mode=auto-import
time=2026-02-22T22:51:44.121-05:00 level=INFO msg="Import failed" error="parent issue ac-4olo does not exist"
time=2026-02-22T22:51:45.031-05:00 level=INFO msg="Import triggered by file change"
time=2026-02-22T22:51:45.076-05:00 level=INFO msg="Starting auto-import" mode=auto-import
time=2026-02-22T22:51:45.626-05:00 level=INFO msg="File change detected" path=/Users/matthew/s-proj/main/.git/beads-worktrees/beads-sync/.beads/issues.jsonl
time=2026-02-22T22:51:45.639-05:00 level=INFO msg="Pulled sync branch" branch=beads-sync fast_forward=false merged=false
time=2026-02-22T22:51:45.639-05:00 level=INFO msg="🔍 Checking JSONL content hash AFTER pull (fix: auto-pull-not-pulling)"
time=2026-02-22T22:51:45.641-05:00 level=INFO msg="JSONL content changed, proceeding with operation..." mode=auto-import
time=2026-02-22T22:51:45.718-05:00 level=INFO msg="Import failed" error="parent issue ac-4olo does not exist"
time=2026-02-22T22:51:46.628-05:00 level=INFO msg="Import triggered by file change"
time=2026-02-22T22:51:46.674-05:00 level=INFO msg="Starting auto-import" mode=auto-import
time=2026-02-22T22:51:47.137-05:00 level=INFO msg="File change detected" path=/Users/matthew/s-proj/main/.git/beads-worktrees/beads-sync/.beads/issues.jsonl
time=2026-02-22T22:51:47.153-05:00 level=INFO msg="Pulled sync branch" branch=beads-sync fast_forward=false merged=false
time=2026-02-22T22:51:47.153-05:00 level=INFO msg="🔍 Checking JSONL content hash AFTER pull (fix: auto-pull-not-pulling)"
time=2026-02-22T22:51:47.154-05:00 level=INFO msg="JSONL content changed, proceeding with operation..." mode=auto-import
time=2026-02-22T22:51:47.231-05:00 level=INFO msg="Import failed" error="parent issue ac-4olo does not exist"
time=2026-02-22T22:51:48.139-05:00 level=INFO msg="Import triggered by file change"
time=2026-02-22T22:51:48.170-05:00 level=INFO msg="Starting auto-import" mode=auto-import
time=2026-02-22T22:51:48.606-05:00 level=INFO msg="File change detected" path=/Users/matthew/s-proj/main/.git/beads-worktrees/beads-sync/.beads/issues.jsonl
time=2026-02-22T22:51:48.622-05:00 level=INFO msg="Pulled sync branch" branch=beads-sync fast_forward=false merged=false
time=2026-02-22T22:51:48.622-05:00 level=INFO msg="🔍 Checking JSONL content hash AFTER pull (fix: auto-pull-not-pulling)"
time=2026-02-22T22:51:48.623-05:00 level=INFO msg="JSONL content changed, proceeding with operation..." mode=auto-import
time=2026-02-22T22:51:48.700-05:00 level=INFO msg="Import failed" error="parent issue ac-4olo does not exist"
time=2026-02-22T22:51:49.610-05:00 level=INFO msg="Import triggered by file change"
time=2026-02-22T22:51:49.664-05:00 level=INFO msg="Starting auto-import" mode=auto-import
time=2026-02-22T22:51:50.149-05:00 level=INFO msg="File change detected" path=/Users/matthew/s-proj/main/.git/beads-worktrees/beads-sync/.beads/issues.jsonl
time=2026-02-22T22:51:50.162-05:00 level=INFO msg="Pulled sync branch" branch=beads-sync fast_forward=false merged=false
time=2026-02-22T22:51:50.162-05:00 level=INFO msg="🔍 Checking JSONL content hash AFTER pull (fix: auto-pull-not-pulling)"
time=2026-02-22T22:51:50.163-05:00 level=INFO msg="JSONL content changed, proceeding with operation..." mode=auto-import
time=2026-02-22T22:51:50.239-05:00 level=INFO msg="Import failed" error="parent issue ac-4olo does not exist"
time=2026-02-22T22:51:51.151-05:00 level=INFO msg="Import triggered by file change"
time=2026-02-22T22:51:51.202-05:00 level=INFO msg="Starting auto-import" mode=auto-import
time=2026-02-22T22:51:51.709-05:00 level=INFO msg="File change detected" path=/Users/matthew/s-proj/main/.git/beads-worktrees/beads-sync/.beads/issues.jsonl
time=2026-02-22T22:51:51.731-05:00 level=INFO msg="Pulled sync branch" branch=beads-sync fast_forward=false merged=false
time=2026-02-22T22:51:51.732-05:00 level=INFO msg="🔍 Checking JSONL content hash AFTER pull (fix: auto-pull-not-pulling)"
time=2026-02-22T22:51:51.738-05:00 level=INFO msg="JSONL content changed, proceeding with operation..." mode=auto-import
time=2026-02-22T22:51:51.844-05:00 level=INFO msg="Import failed" error="parent issue ac-4olo does not exist"
time=2026-02-22T22:51:52.711-05:00 level=INFO msg="Import triggered by file change"
time=2026-02-22T22:51:52.748-05:00 level=INFO msg="Starting auto-import" mode=auto-import
time=2026-02-22T22:51:53.327-05:00 level=INFO msg="File change detected" path=/Users/matthew/s-proj/main/.git/beads-worktrees/beads-sync/.beads/issues.jsonl
time=2026-02-22T22:51:53.344-05:00 level=INFO msg="Pulled sync branch" branch=beads-sync fast_forward=false merged=false
time=2026-02-22T22:51:53.344-05:00 level=INFO msg="🔍 Checking JSONL content hash AFTER pull (fix: auto-pull-not-pulling)"
time=2026-02-22T22:51:53.345-05:00 level=INFO msg="JSONL content changed, proceeding with operation..." mode=auto-import
time=2026-02-22T22:51:53.425-05:00 level=INFO msg="Import failed" error="parent issue ac-4olo does not exist"
time=2026-02-22T22:51:54.330-05:00 level=INFO msg="Import triggered by file change"
time=2026-02-22T22:51:54.359-05:00 level=INFO msg="Starting auto-import" mode=auto-import
time=2026-02-22T22:51:54.827-05:00 level=INFO msg="File change detected" path=/Users/matthew/s-proj/main/.git/beads-worktrees/beads-sync/.beads/issues.jsonl
time=2026-02-22T22:51:54.840-05:00 level=INFO msg="Pulled sync branch" branch=beads-sync fast_forward=false merged=false
time=2026-02-22T22:51:54.840-05:00 level=INFO msg="🔍 Checking JSONL content hash AFTER pull (fix: auto-pull-not-pulling)"
time=2026-02-22T22:51:54.841-05:00 level=INFO msg="JSONL content changed, proceeding with operation..." mode=auto-import
time=2026-02-22T22:51:54.918-05:00 level=INFO msg="Import failed" error="parent issue ac-4olo does not exist"
time=2026-02-22T22:51:55.828-05:00 level=INFO msg="Import triggered by file change"
time=2026-02-22T22:51:55.867-05:00 level=INFO msg="Starting auto-import" mode=auto-import
time=2026-02-22T22:51:56.389-05:00 level=INFO msg="File change detected" path=/Users/matthew/s-proj/main/.git/beads-worktrees/beads-sync/.beads/issues.jsonl
time=2026-02-22T22:51:56.401-05:00 level=INFO msg="Pulled sync branch" branch=beads-sync fast_forward=false merged=false
time=2026-02-22T22:51:56.401-05:00 level=INFO msg="🔍 Checking JSONL content hash AFTER pull (fix: auto-pull-not-pulling)"
time=2026-02-22T22:51:56.402-05:00 level=INFO msg="JSONL content changed, proceeding with operation..." mode=auto-import
time=2026-02-22T22:51:56.478-05:00 level=INFO msg="Import failed" error="parent issue ac-4olo does not exist"
time=2026-02-22T22:51:57.394-05:00 level=INFO msg="Import triggered by file change"
time=2026-02-22T22:51:57.429-05:00 level=INFO msg="Starting auto-import" mode=auto-import
time=2026-02-22T22:51:57.886-05:00 level=INFO msg="File change detected" path=/Users/matthew/s-proj/main/.git/beads-worktrees/beads-sync/.beads/issues.jsonl
time=2026-02-22T22:51:57.898-05:00 level=INFO msg="Pulled sync branch" branch=beads-sync fast_forward=false merged=false
time=2026-02-22T22:51:57.898-05:00 level=INFO msg="🔍 Checking JSONL content hash AFTER pull (fix: auto-pull-not-pulling)"
time=2026-02-22T22:51:57.899-05:00 level=INFO msg="JSONL content changed, proceeding with operation..." mode=auto-import
time=2026-02-22T22:51:57.974-05:00 level=INFO msg="Import failed" error="parent issue ac-4olo does not exist"
time=2026-02-22T22:51:58.889-05:00 level=INFO msg="Import triggered by file change"
time=2026-02-22T22:51:58.937-05:00 level=INFO msg="Starting auto-import" mode=auto-import
time=2026-02-22T22:51:59.395-05:00 level=INFO msg="File change detected" path=/Users/matthew/s-proj/main/.git/beads-worktrees/beads-sync/.beads/issues.jsonl
time=2026-02-22T22:51:59.408-05:00 level=INFO msg="Pulled sync branch" branch=beads-sync fast_forward=false merged=false
time=2026-02-22T22:51:59.408-05:00 level=INFO msg="🔍 Checking JSONL content hash AFTER pull (fix: auto-pull-not-pulling)"
time=2026-02-22T22:51:59.409-05:00 level=INFO msg="JSONL content changed, proceeding with operation..." mode=auto-import
time=2026-02-22T22:51:59.486-05:00 level=INFO msg="Import failed" error="parent issue ac-4olo does not exist"
time=2026-02-22T22:52:00.397-05:00 level=INFO msg="Import triggered by file change"
time=2026-02-22T22:52:00.427-05:00 level=INFO msg="Starting auto-import" mode=auto-import
time=2026-02-22T22:52:00.928-05:00 level=INFO msg="File change detected" path=/Users/matthew/s-proj/main/.git/beads-worktrees/beads-sync/.beads/issues.jsonl
time=2026-02-22T22:52:00.942-05:00 level=INFO msg="Pulled sync branch" branch=beads-sync fast_forward=false merged=false
time=2026-02-22T22:52:00.942-05:00 level=INFO msg="🔍 Checking JSONL content hash AFTER pull (fix: auto-pull-not-pulling)"
time=2026-02-22T22:52:00.943-05:00 level=INFO msg="JSONL content changed, proceeding with operation..." mode=auto-import
time=2026-02-22T22:52:01.018-05:00 level=INFO msg="Import failed" error="parent issue ac-4olo does not exist"
time=2026-02-22T22:52:01.931-05:00 level=INFO msg="Import triggered by file change"
time=2026-02-22T22:52:01.959-05:00 level=INFO msg="Starting auto-import" mode=auto-import
time=2026-02-22T22:52:02.422-05:00 level=INFO msg="File change detected" path=/Users/matthew/s-proj/main/.git/beads-worktrees/beads-sync/.beads/issues.jsonl
time=2026-02-22T22:52:02.434-05:00 level=INFO msg="Pulled sync branch" branch=beads-sync fast_forward=false merged=false
time=2026-02-22T22:52:02.434-05:00 level=INFO msg="🔍 Checking JSONL content hash AFTER pull (fix: auto-pull-not-pulling)"
time=2026-02-22T22:52:02.435-05:00 level=INFO msg="JSONL content changed, proceeding with operation..." mode=auto-import
time=2026-02-22T22:52:02.512-05:00 level=INFO msg="Import failed" error="parent issue ac-4olo does not exist"
time=2026-02-22T22:52:03.424-05:00 level=INFO msg="Import triggered by file change"
time=2026-02-22T22:52:03.469-05:00 level=INFO msg="Starting auto-import" mode=auto-import
time=2026-02-22T22:52:03.946-05:00 level=INFO msg="File change detected" path=/Users/matthew/s-proj/main/.git/beads-worktrees/beads-sync/.beads/issues.jsonl
time=2026-02-22T22:52:03.961-05:00 level=INFO msg="Pulled sync branch" branch=beads-sync fast_forward=false merged=false
time=2026-02-22T22:52:03.961-05:00 level=INFO msg="🔍 Checking JSONL content hash AFTER pull (fix: auto-pull-not-pulling)"
time=2026-02-22T22:52:03.962-05:00 level=INFO msg="JSONL content changed, proceeding with operation..." mode=auto-import
time=2026-02-22T22:52:04.039-05:00 level=INFO msg="Import failed" error="parent issue ac-4olo does not exist"
time=2026-02-22T22:52:04.948-05:00 level=INFO msg="Import triggered by file change"
time=2026-02-22T22:52:04.989-05:00 level=INFO msg="Starting auto-import" mode=auto-import
time=2026-02-22T22:52:05.415-05:00 level=INFO msg="File change detected" path=/Users/matthew/s-proj/main/.git/beads-worktrees/beads-sync/.beads/issues.jsonl
time=2026-02-22T22:52:05.437-05:00 level=INFO msg="Pulled sync branch" branch=beads-sync fast_forward=false merged=false
time=2026-02-22T22:52:05.437-05:00 level=INFO msg="🔍 Checking JSONL content hash AFTER pull (fix: auto-pull-not-pulling)"
time=2026-02-22T22:52:05.438-05:00 level=INFO msg="JSONL content changed, proceeding with operation..." mode=auto-import
time=2026-02-22T22:52:05.517-05:00 level=INFO msg="Import failed" error="parent issue ac-4olo does not exist"
time=2026-02-22T22:52:06.418-05:00 level=INFO msg="Import triggered by file change"
time=2026-02-22T22:52:06.457-05:00 level=INFO msg="Starting auto-import" mode=auto-import
time=2026-02-22T22:52:06.953-05:00 level=INFO msg="File change detected" path=/Users/matthew/s-proj/main/.git/beads-worktrees/beads-sync/.beads/issues.jsonl
time=2026-02-22T22:52:06.968-05:00 level=INFO msg="Pulled sync branch" branch=beads-sync fast_forward=false merged=false
time=2026-02-22T22:52:06.968-05:00 level=INFO msg="🔍 Checking JSONL content hash AFTER pull (fix: auto-pull-not-pulling)"
time=2026-02-22T22:52:06.969-05:00 level=INFO msg="JSONL content changed, proceeding with operation..." mode=auto-import
time=2026-02-22T22:52:07.049-05:00 level=INFO msg="Import failed" error="parent issue ac-4olo does not exist"
time=2026-02-22T22:52:07.956-05:00 level=INFO msg="Import triggered by file change"
time=2026-02-22T22:52:07.990-05:00 level=INFO msg="Starting auto-import" mode=auto-import
time=2026-02-22T22:52:08.444-05:00 level=INFO msg="File change detected" path=/Users/matthew/s-proj/main/.git/beads-worktrees/beads-sync/.beads/issues.jsonl
time=2026-02-22T22:52:08.457-05:00 level=INFO msg="Pulled sync branch" branch=beads-sync fast_forward=false merged=false
time=2026-02-22T22:52:08.457-05:00 level=INFO msg="🔍 Checking JSONL content hash AFTER pull (fix: auto-pull-not-pulling)"
time=2026-02-22T22:52:08.459-05:00 level=INFO msg="JSONL content changed, proceeding with operation..." mode=auto-import
time=2026-02-22T22:52:08.536-05:00 level=INFO msg="Import failed" error="parent issue ac-4olo does not exist"
time=2026-02-22T22:52:09.447-05:00 level=INFO msg="Import triggered by file change"
time=2026-02-22T22:52:09.479-05:00 level=INFO msg="Starting auto-import" mode=auto-import
time=2026-02-22T22:52:09.947-05:00 level=INFO msg="File change detected" path=/Users/matthew/s-proj/main/.git/beads-worktrees/beads-sync/.beads/issues.jsonl
time=2026-02-22T22:52:09.957-05:00 level=INFO msg="Pulled sync branch" branch=beads-sync fast_forward=false merged=false
time=2026-02-22T22:52:09.957-05:00 level=INFO msg="🔍 Checking JSONL content hash AFTER pull (fix: auto-pull-not-pulling)"
time=2026-02-22T22:52:09.959-05:00 level=INFO msg="JSONL content changed, proceeding with operation..." mode=auto-import
time=2026-02-22T22:52:10.033-05:00 level=INFO msg="Import failed" error="parent issue ac-4olo does not exist"
time=2026-02-22T22:52:10.948-05:00 level=INFO msg="Import triggered by file change"
time=2026-02-22T22:52:10.982-05:00 level=INFO msg="Starting auto-import" mode=auto-import
time=2026-02-22T22:52:11.525-05:00 level=INFO msg="File change detected" path=/Users/matthew/s-proj/main/.git/beads-worktrees/beads-sync/.beads/issues.jsonl
time=2026-02-22T22:52:11.538-05:00 level=INFO msg="Pulled sync branch" branch=beads-sync fast_forward=false merged=false
time=2026-02-22T22:52:11.538-05:00 level=INFO msg="🔍 Checking JSONL content hash AFTER pull (fix: auto-pull-not-pulling)"
time=2026-02-22T22:52:11.540-05:00 level=INFO msg="JSONL content changed, proceeding with operation..." mode=auto-import
time=2026-02-22T22:52:11.615-05:00 level=INFO msg="Import failed" error="parent issue ac-4olo does not exist"
time=2026-02-22T22:52:12.539-05:00 level=INFO msg="Import triggered by file change"
time=2026-02-22T22:52:12.569-05:00 level=INFO msg="Starting auto-import" mode=auto-import
time=2026-02-22T22:52:13.001-05:00 level=INFO msg="File change detected" path=/Users/matthew/s-proj/main/.git/beads-worktrees/beads-sync/.beads/issues.jsonl
time=2026-02-22T22:52:13.016-05:00 level=INFO msg="Pulled sync branch" branch=beads-sync fast_forward=false merged=false
time=2026-02-22T22:52:13.016-05:00 level=INFO msg="🔍 Checking JSONL content hash AFTER pull (fix: auto-pull-not-pulling)"
time=2026-02-22T22:52:13.018-05:00 level=INFO msg="JSONL content changed, proceeding with operation..." mode=auto-import
time=2026-02-22T22:52:13.098-05:00 level=INFO msg="Import failed" error="parent issue ac-4olo does not exist"
time=2026-02-22T22:52:14.004-05:00 level=INFO msg="Import triggered by file change"
time=2026-02-22T22:52:14.047-05:00 level=INFO msg="Starting auto-import" mode=auto-import
time=2026-02-22T22:52:14.537-05:00 level=INFO msg="File change detected" path=/Users/matthew/s-proj/main/.git/beads-worktrees/beads-sync/.beads/issues.jsonl
time=2026-02-22T22:52:14.549-05:00 level=INFO msg="Pulled sync branch" branch=beads-sync fast_forward=false merged=false
time=2026-02-22T22:52:14.549-05:00 level=INFO msg="🔍 Checking JSONL content hash AFTER pull (fix: auto-pull-not-pulling)"
time=2026-02-22T22:52:14.551-05:00 level=INFO msg="JSONL content changed, proceeding with operation..." mode=auto-import
time=2026-02-22T22:52:14.627-05:00 level=INFO msg="Import failed" error="parent issue ac-4olo does not exist"
time=2026-02-22T22:52:15.540-05:00 level=INFO msg="Import triggered by file change"
time=2026-02-22T22:52:15.578-05:00 level=INFO msg="Starting auto-import" mode=auto-import
time=2026-02-22T22:52:16.054-05:00 level=INFO msg="File change detected" path=/Users/matthew/s-proj/main/.git/beads-worktrees/beads-sync/.beads/issues.jsonl
time=2026-02-22T22:52:16.067-05:00 level=INFO msg="Pulled sync branch" branch=beads-sync fast_forward=false merged=false
time=2026-02-22T22:52:16.067-05:00 level=INFO msg="🔍 Checking JSONL content hash AFTER pull (fix: auto-pull-not-pulling)"
time=2026-02-22T22:52:16.068-05:00 level=INFO msg="JSONL content changed, proceeding with operation..." mode=auto-import
time=2026-02-22T22:52:16.144-05:00 level=INFO msg="Import failed" error="parent issue ac-4olo does not exist"
time=2026-02-22T22:52:17.056-05:00 level=INFO msg="Import triggered by file change"
time=2026-02-22T22:52:17.079-05:00 level=INFO msg="Starting auto-import" mode=auto-import
time=2026-02-22T22:52:17.621-05:00 level=INFO msg="File change detected" path=/Users/matthew/s-proj/main/.git/beads-worktrees/beads-sync/.beads/issues.jsonl
time=2026-02-22T22:52:17.634-05:00 level=INFO msg="Pulled sync branch" branch=beads-sync fast_forward=false merged=false
time=2026-02-22T22:52:17.635-05:00 level=INFO msg="🔍 Checking JSONL content hash AFTER pull (fix: auto-pull-not-pulling)"
time=2026-02-22T22:52:17.636-05:00 level=INFO msg="JSONL content changed, proceeding with operation..." mode=auto-import
time=2026-02-22T22:52:17.715-05:00 level=INFO msg="Import failed" error="parent issue ac-4olo does not exist"
time=2026-02-22T22:52:18.623-05:00 level=INFO msg="Import triggered by file change"
time=2026-02-22T22:52:18.652-05:00 level=INFO msg="Starting auto-import" mode=auto-import
time=2026-02-22T22:52:19.106-05:00 level=INFO msg="File change detected" path=/Users/matthew/s-proj/main/.git/beads-worktrees/beads-sync/.beads/issues.jsonl
time=2026-02-22T22:52:19.117-05:00 level=INFO msg="Pulled sync branch" branch=beads-sync fast_forward=false merged=false
time=2026-02-22T22:52:19.118-05:00 level=INFO msg="🔍 Checking JSONL content hash AFTER pull (fix: auto-pull-not-pulling)"
time=2026-02-22T22:52:19.118-05:00 level=INFO msg="JSONL content changed, proceeding with operation..." mode=auto-import
time=2026-02-22T22:52:19.195-05:00 level=INFO msg="Import failed" error="parent issue ac-4olo does not exist"
time=2026-02-22T22:52:20.108-05:00 level=INFO msg="Import triggered by file change"
time=2026-02-22T22:52:20.142-05:00 level=INFO msg="Starting auto-import" mode=auto-import
time=2026-02-22T22:52:20.694-05:00 level=INFO msg="File change detected" path=/Users/matthew/s-proj/main/.git/beads-worktrees/beads-sync/.beads/issues.jsonl
time=2026-02-22T22:52:20.710-05:00 level=INFO msg="Pulled sync branch" branch=beads-sync fast_forward=false merged=false
time=2026-02-22T22:52:20.710-05:00 level=INFO msg="🔍 Checking JSONL content hash AFTER pull (fix: auto-pull-not-pulling)"
time=2026-02-22T22:52:20.711-05:00 level=INFO msg="JSONL content changed, proceeding with operation..." mode=auto-import
time=2026-02-22T22:52:20.788-05:00 level=INFO msg="Import failed" error="parent issue ac-4olo does not exist"
time=2026-02-22T22:52:21.697-05:00 level=INFO msg="Import triggered by file change"
time=2026-02-22T22:52:21.747-05:00 level=INFO msg="Starting auto-import" mode=auto-import
time=2026-02-22T22:52:22.331-05:00 level=INFO msg="File change detected" path=/Users/matthew/s-proj/main/.git/beads-worktrees/beads-sync/.beads/issues.jsonl
time=2026-02-22T22:52:22.343-05:00 level=INFO msg="Pulled sync branch" branch=beads-sync fast_forward=false merged=false
time=2026-02-22T22:52:22.343-05:00 level=INFO msg="🔍 Checking JSONL content hash AFTER pull (fix: auto-pull-not-pulling)"
time=2026-02-22T22:52:22.344-05:00 level=INFO msg="JSONL content changed, proceeding with operation..." mode=auto-import
time=2026-02-22T22:52:22.421-05:00 level=INFO msg="Import failed" error="parent issue ac-4olo does not exist"
time=2026-02-22T22:52:23.334-05:00 level=INFO msg="Import triggered by file change"
time=2026-02-22T22:52:23.382-05:00 level=INFO msg="Starting auto-import" mode=auto-import
time=2026-02-22T22:52:23.876-05:00 level=INFO msg="File change detected" path=/Users/matthew/s-proj/main/.git/beads-worktrees/beads-sync/.beads/issues.jsonl
time=2026-02-22T22:52:23.889-05:00 level=INFO msg="Pulled sync branch" branch=beads-sync fast_forward=false merged=false
time=2026-02-22T22:52:23.889-05:00 level=INFO msg="🔍 Checking JSONL content hash AFTER pull (fix: auto-pull-not-pulling)"
time=2026-02-22T22:52:23.890-05:00 level=INFO msg="JSONL content changed, proceeding with operation..." mode=auto-import
time=2026-02-22T22:52:23.967-05:00 level=INFO msg="Import failed" error="parent issue ac-4olo does not exist"
time=2026-02-22T22:52:24.878-05:00 level=INFO msg="Import triggered by file change"
time=2026-02-22T22:52:24.906-05:00 level=INFO msg="Starting auto-import" mode=auto-import
time=2026-02-22T22:52:25.404-05:00 level=INFO msg="File change detected" path=/Users/matthew/s-proj/main/.git/beads-worktrees/beads-sync/.beads/issues.jsonl
time=2026-02-22T22:52:25.415-05:00 level=INFO msg="Pulled sync branch" branch=beads-sync fast_forward=false merged=false
time=2026-02-22T22:52:25.416-05:00 level=INFO msg="🔍 Checking JSONL content hash AFTER pull (fix: auto-pull-not-pulling)"
time=2026-02-22T22:52:25.416-05:00 level=INFO msg="JSONL content changed, proceeding with operation..." mode=auto-import
time=2026-02-22T22:52:25.493-05:00 level=INFO msg="Import failed" error="parent issue ac-4olo does not exist"
time=2026-02-22T22:52:26.407-05:00 level=INFO msg="Import triggered by file change"
time=2026-02-22T22:52:26.443-05:00 level=INFO msg="Starting auto-import" mode=auto-import
time=2026-02-22T22:52:27.191-05:00 level=INFO msg="File change detected" path=/Users/matthew/s-proj/main/.git/beads-worktrees/beads-sync/.beads/issues.jsonl
time=2026-02-22T22:52:27.207-05:00 level=INFO msg="Pulled sync branch" branch=beads-sync fast_forward=false merged=false
time=2026-02-22T22:52:27.207-05:00 level=INFO msg="🔍 Checking JSONL content hash AFTER pull (fix: auto-pull-not-pulling)"
time=2026-02-22T22:52:27.208-05:00 level=INFO msg="JSONL content changed, proceeding with operation..." mode=auto-import
time=2026-02-22T22:52:27.285-05:00 level=INFO msg="Import failed" error="parent issue ac-4olo does not exist"
time=2026-02-22T22:52:28.194-05:00 level=INFO msg="Import triggered by file change"
time=2026-02-22T22:52:28.235-05:00 level=INFO msg="Starting auto-import" mode=auto-import
time=2026-02-22T22:52:28.673-05:00 level=INFO msg="File change detected" path=/Users/matthew/s-proj/main/.git/beads-worktrees/beads-sync/.beads/issues.jsonl
time=2026-02-22T22:52:28.684-05:00 level=INFO msg="Pulled sync branch" branch=beads-sync fast_forward=false merged=false
time=2026-02-22T22:52:28.684-05:00 level=INFO msg="🔍 Checking JSONL content hash AFTER pull (fix: auto-pull-not-pulling)"
time=2026-02-22T22:52:28.685-05:00 level=INFO msg="JSONL content changed, proceeding with operation..." mode=auto-import
time=2026-02-22T22:52:28.761-05:00 level=INFO msg="Import failed" error="parent issue ac-4olo does not exist"
time=2026-02-22T22:52:29.675-05:00 level=INFO msg="Import triggered by file change"
time=2026-02-22T22:52:29.701-05:00 level=INFO msg="Starting auto-import" mode=auto-import
time=2026-02-22T22:52:30.151-05:00 level=INFO msg="File change detected" path=/Users/matthew/s-proj/main/.git/beads-worktrees/beads-sync/.beads/issues.jsonl
time=2026-02-22T22:52:30.164-05:00 level=INFO msg="Pulled sync branch" branch=beads-sync fast_forward=false merged=false
time=2026-02-22T22:52:30.164-05:00 level=INFO msg="🔍 Checking JSONL content hash AFTER pull (fix: auto-pull-not-pulling)"
time=2026-02-22T22:52:30.165-05:00 level=INFO msg="JSONL content changed, proceeding with operation..." mode=auto-import
time=2026-02-22T22:52:30.242-05:00 level=INFO msg="Import failed" error="parent issue ac-4olo does not exist"
time=2026-02-22T22:52:31.153-05:00 level=INFO msg="Import triggered by file change"
time=2026-02-22T22:52:31.186-05:00 level=INFO msg="Starting auto-import" mode=auto-import
time=2026-02-22T22:52:31.615-05:00 level=INFO msg="File change detected" path=/Users/matthew/s-proj/main/.git/beads-worktrees/beads-sync/.beads/issues.jsonl
time=2026-02-22T22:52:31.630-05:00 level=INFO msg="Pulled sync branch" branch=beads-sync fast_forward=false merged=false
time=2026-02-22T22:52:31.630-05:00 level=INFO msg="🔍 Checking JSONL content hash AFTER pull (fix: auto-pull-not-pulling)"
time=2026-02-22T22:52:31.631-05:00 level=INFO msg="JSONL content changed, proceeding with operation..." mode=auto-import
time=2026-02-22T22:52:31.709-05:00 level=INFO msg="Import failed" error="parent issue ac-4olo does not exist"
time=2026-02-22T22:52:32.617-05:00 level=INFO msg="Import triggered by file change"
time=2026-02-22T22:52:32.647-05:00 level=INFO msg="Starting auto-import" mode=auto-import
time=2026-02-22T22:52:33.080-05:00 level=INFO msg="File change detected" path=/Users/matthew/s-proj/main/.git/beads-worktrees/beads-sync/.beads/issues.jsonl
time=2026-02-22T22:52:33.090-05:00 level=INFO msg="Pulled sync branch" branch=beads-sync fast_forward=false merged=false
time=2026-02-22T22:52:33.090-05:00 level=INFO msg="🔍 Checking JSONL content hash AFTER pull (fix: auto-pull-not-pulling)"
time=2026-02-22T22:52:33.091-05:00 level=INFO msg="JSONL content changed, proceeding with operation..." mode=auto-import
time=2026-02-22T22:52:33.168-05:00 level=INFO msg="Import failed" error="parent issue ac-4olo does not exist"
time=2026-02-22T22:52:34.082-05:00 level=INFO msg="Import triggered by file change"
time=2026-02-22T22:52:34.134-05:00 level=INFO msg="Starting auto-import" mode=auto-import
time=2026-02-22T22:52:34.560-05:00 level=INFO msg="File change detected" path=/Users/matthew/s-proj/main/.git/beads-worktrees/beads-sync/.beads/issues.jsonl
time=2026-02-22T22:52:34.576-05:00 level=INFO msg="Pulled sync branch" branch=beads-sync fast_forward=false merged=false
time=2026-02-22T22:52:34.576-05:00 level=INFO msg="🔍 Checking JSONL content hash AFTER pull (fix: auto-pull-not-pulling)"
time=2026-02-22T22:52:34.577-05:00 level=INFO msg="JSONL content changed, proceeding with operation..." mode=auto-import
time=2026-02-22T22:52:34.651-05:00 level=INFO msg="Import failed" error="parent issue ac-4olo does not exist"
time=2026-02-22T22:52:35.563-05:00 level=INFO msg="Import triggered by file change"
time=2026-02-22T22:52:35.606-05:00 level=INFO msg="Starting auto-import" mode=auto-import
time=2026-02-22T22:52:36.048-05:00 level=INFO msg="File change detected" path=/Users/matthew/s-proj/main/.git/beads-worktrees/beads-sync/.beads/issues.jsonl
time=2026-02-22T22:52:36.064-05:00 level=INFO msg="Pulled sync branch" branch=beads-sync fast_forward=false merged=false
time=2026-02-22T22:52:36.064-05:00 level=INFO msg="🔍 Checking JSONL content hash AFTER pull (fix: auto-pull-not-pulling)"
time=2026-02-22T22:52:36.065-05:00 level=INFO msg="JSONL content changed, proceeding with operation..." mode=auto-import
time=2026-02-22T22:52:36.144-05:00 level=INFO msg="Import failed" error="parent issue ac-4olo does not exist"
time=2026-02-22T22:52:37.051-05:00 level=INFO msg="Import triggered by file change"
time=2026-02-22T22:52:37.080-05:00 level=INFO msg="Starting auto-import" mode=auto-import
time=2026-02-22T22:52:37.559-05:00 level=INFO msg="File change detected" path=/Users/matthew/s-proj/main/.git/beads-worktrees/beads-sync/.beads/issues.jsonl
time=2026-02-22T22:52:37.573-05:00 level=INFO msg="Pulled sync branch" branch=beads-sync fast_forward=false merged=false
time=2026-02-22T22:52:37.573-05:00 level=INFO msg="🔍 Checking JSONL content hash AFTER pull (fix: auto-pull-not-pulling)"
time=2026-02-22T22:52:37.574-05:00 level=INFO msg="JSONL content changed, proceeding with operation..." mode=auto-import
time=2026-02-22T22:52:37.651-05:00 level=INFO msg="Import failed" error="parent issue ac-4olo does not exist"
time=2026-02-22T22:52:38.562-05:00 level=INFO msg="Import triggered by file change"
time=2026-02-22T22:52:38.588-05:00 level=INFO msg="Starting auto-import" mode=auto-import
time=2026-02-22T22:52:39.062-05:00 level=INFO msg="File change detected" path=/Users/matthew/s-proj/main/.git/beads-worktrees/beads-sync/.beads/issues.jsonl
time=2026-02-22T22:52:39.080-05:00 level=INFO msg="Pulled sync branch" branch=beads-sync fast_forward=false merged=false
time=2026-02-22T22:52:39.080-05:00 level=INFO msg="🔍 Checking JSONL content hash AFTER pull (fix: auto-pull-not-pulling)"
time=2026-02-22T22:52:39.081-05:00 level=INFO msg="JSONL content changed, proceeding with operation..." mode=auto-import
time=2026-02-22T22:52:39.158-05:00 level=INFO msg="Import failed" error="parent issue ac-4olo does not exist"
time=2026-02-22T22:52:40.065-05:00 level=INFO msg="Import triggered by file change"
time=2026-02-22T22:52:40.110-05:00 level=INFO msg="Starting auto-import" mode=auto-import
time=2026-02-22T22:52:40.555-05:00 level=INFO msg="File change detected" path=/Users/matthew/s-proj/main/.git/beads-worktrees/beads-sync/.beads/issues.jsonl
time=2026-02-22T22:52:40.566-05:00 level=INFO msg="Pulled sync branch" branch=beads-sync fast_forward=false merged=false
time=2026-02-22T22:52:40.567-05:00 level=INFO msg="🔍 Checking JSONL content hash AFTER pull (fix: auto-pull-not-pulling)"
time=2026-02-22T22:52:40.568-05:00 level=INFO msg="JSONL content changed, proceeding with operation..." mode=auto-import
time=2026-02-22T22:52:40.645-05:00 level=INFO msg="Import failed" error="parent issue ac-4olo does not exist"
time=2026-02-22T22:52:41.559-05:00 level=INFO msg="Import triggered by file change"
time=2026-02-22T22:52:41.602-05:00 level=INFO msg="Starting auto-import" mode=auto-import
time=2026-02-22T22:52:42.096-05:00 level=INFO msg="File change detected" path=/Users/matthew/s-proj/main/.git/beads-worktrees/beads-sync/.beads/issues.jsonl
time=2026-02-22T22:52:42.114-05:00 level=INFO msg="Pulled sync branch" branch=beads-sync fast_forward=false merged=false
time=2026-02-22T22:52:42.114-05:00 level=INFO msg="🔍 Checking JSONL content hash AFTER pull (fix: auto-pull-not-pulling)"
time=2026-02-22T22:52:42.116-05:00 level=INFO msg="JSONL content changed, proceeding with operation..." mode=auto-import
time=2026-02-22T22:52:42.192-05:00 level=INFO msg="Import failed" error="parent issue ac-4olo does not exist"
time=2026-02-22T22:52:43.099-05:00 level=INFO msg="Import triggered by file change"
time=2026-02-22T22:52:43.121-05:00 level=INFO msg="Starting auto-import" mode=auto-import
time=2026-02-22T22:52:43.551-05:00 level=INFO msg="File change detected" path=/Users/matthew/s-proj/main/.git/beads-worktrees/beads-sync/.beads/issues.jsonl
time=2026-02-22T22:52:43.562-05:00 level=INFO msg="Pulled sync branch" branch=beads-sync fast_forward=false merged=false
time=2026-02-22T22:52:43.562-05:00 level=INFO msg="🔍 Checking JSONL content hash AFTER pull (fix: auto-pull-not-pulling)"
time=2026-02-22T22:52:43.563-05:00 level=INFO msg="JSONL content changed, proceeding with operation..." mode=auto-import
time=2026-02-22T22:52:43.640-05:00 level=INFO msg="Import failed" error="parent issue ac-4olo does not exist"
time=2026-02-22T22:52:44.557-05:00 level=INFO msg="Import triggered by file change"
time=2026-02-22T22:52:44.607-05:00 level=INFO msg="Starting auto-import" mode=auto-import
time=2026-02-22T22:52:45.072-05:00 level=INFO msg="File change detected" path=/Users/matthew/s-proj/main/.git/beads-worktrees/beads-sync/.beads/issues.jsonl
time=2026-02-22T22:52:45.082-05:00 level=INFO msg="Pulled sync branch" branch=beads-sync fast_forward=false merged=false
time=2026-02-22T22:52:45.082-05:00 level=INFO msg="🔍 Checking JSONL content hash AFTER pull (fix: auto-pull-not-pulling)"
time=2026-02-22T22:52:45.084-05:00 level=INFO msg="JSONL content changed, proceeding with operation..." mode=auto-import
time=2026-02-22T22:52:45.160-05:00 level=INFO msg="Import failed" error="parent issue ac-4olo does not exist"
time=2026-02-22T22:52:46.076-05:00 level=INFO msg="Import triggered by file change"
time=2026-02-22T22:52:46.107-05:00 level=INFO msg="Starting auto-import" mode=auto-import
time=2026-02-22T22:52:46.540-05:00 level=INFO msg="File change detected" path=/Users/matthew/s-proj/main/.git/beads-worktrees/beads-sync/.beads/issues.jsonl
time=2026-02-22T22:52:46.554-05:00 level=INFO msg="Pulled sync branch" branch=beads-sync fast_forward=false merged=false
time=2026-02-22T22:52:46.554-05:00 level=INFO msg="🔍 Checking JSONL content hash AFTER pull (fix: auto-pull-not-pulling)"
time=2026-02-22T22:52:46.555-05:00 level=INFO msg="JSONL content changed, proceeding with operation..." mode=auto-import
time=2026-02-22T22:52:46.631-05:00 level=INFO msg="Import failed" error="parent issue ac-4olo does not exist"
time=2026-02-22T22:52:47.542-05:00 level=INFO msg="Import triggered by file change"
time=2026-02-22T22:52:47.582-05:00 level=INFO msg="Starting auto-import" mode=auto-import
time=2026-02-22T22:52:48.018-05:00 level=INFO msg="File change detected" path=/Users/matthew/s-proj/main/.git/beads-worktrees/beads-sync/.beads/issues.jsonl
time=2026-02-22T22:52:48.033-05:00 level=INFO msg="Pulled sync branch" branch=beads-sync fast_forward=false merged=false
time=2026-02-22T22:52:48.033-05:00 level=INFO msg="🔍 Checking JSONL content hash AFTER pull (fix: auto-pull-not-pulling)"
time=2026-02-22T22:52:48.034-05:00 level=INFO msg="JSONL content changed, proceeding with operation..." mode=auto-import
time=2026-02-22T22:52:48.109-05:00 level=INFO msg="Import failed" error="parent issue ac-4olo does not exist"
time=2026-02-22T22:52:49.021-05:00 level=INFO msg="Import triggered by file change"
time=2026-02-22T22:52:49.051-05:00 level=INFO msg="Starting auto-import" mode=auto-import
time=2026-02-22T22:52:49.489-05:00 level=INFO msg="File change detected" path=/Users/matthew/s-proj/main/.git/beads-worktrees/beads-sync/.beads/issues.jsonl
time=2026-02-22T22:52:49.501-05:00 level=INFO msg="Pulled sync branch" branch=beads-sync fast_forward=false merged=false
time=2026-02-22T22:52:49.501-05:00 level=INFO msg="🔍 Checking JSONL content hash AFTER pull (fix: auto-pull-not-pulling)"
time=2026-02-22T22:52:49.502-05:00 level=INFO msg="JSONL content changed, proceeding with operation..." mode=auto-import
time=2026-02-22T22:52:49.579-05:00 level=INFO msg="Import failed" error="parent issue ac-4olo does not exist"
time=2026-02-22T22:52:50.495-05:00 level=INFO msg="Import triggered by file change"
time=2026-02-22T22:52:50.536-05:00 level=INFO msg="Starting auto-import" mode=auto-import
time=2026-02-22T22:52:51.005-05:00 level=INFO msg="File change detected" path=/Users/matthew/s-proj/main/.git/beads-worktrees/beads-sync/.beads/issues.jsonl
time=2026-02-22T22:52:51.019-05:00 level=INFO msg="Pulled sync branch" branch=beads-sync fast_forward=false merged=false
time=2026-02-22T22:52:51.019-05:00 level=INFO msg="🔍 Checking JSONL content hash AFTER pull (fix: auto-pull-not-pulling)"
time=2026-02-22T22:52:51.021-05:00 level=INFO msg="JSONL content changed, proceeding with operation..." mode=auto-import
time=2026-02-22T22:52:51.097-05:00 level=INFO msg="Import failed" error="parent issue ac-4olo does not exist"
time=2026-02-22T22:52:52.007-05:00 level=INFO msg="Import triggered by file change"
time=2026-02-22T22:52:52.036-05:00 level=INFO msg="Starting auto-import" mode=auto-import
time=2026-02-22T22:52:52.500-05:00 level=INFO msg="File change detected" path=/Users/matthew/s-proj/main/.git/beads-worktrees/beads-sync/.beads/issues.jsonl
time=2026-02-22T22:52:52.514-05:00 level=INFO msg="Pulled sync branch" branch=beads-sync fast_forward=false merged=false
time=2026-02-22T22:52:52.514-05:00 level=INFO msg="🔍 Checking JSONL content hash AFTER pull (fix: auto-pull-not-pulling)"
time=2026-02-22T22:52:52.515-05:00 level=INFO msg="JSONL content changed, proceeding with operation..." mode=auto-import
time=2026-02-22T22:52:52.592-05:00 level=INFO msg="Import failed" error="parent issue ac-4olo does not exist"
time=2026-02-22T22:52:53.505-05:00 level=INFO msg="Import triggered by file change"
time=2026-02-22T22:52:53.543-05:00 level=INFO msg="Starting auto-import" mode=auto-import
time=2026-02-22T22:52:53.987-05:00 level=INFO msg="File change detected" path=/Users/matthew/s-proj/main/.git/beads-worktrees/beads-sync/.beads/issues.jsonl
time=2026-02-22T22:52:53.999-05:00 level=INFO msg="Pulled sync branch" branch=beads-sync fast_forward=false merged=false
time=2026-02-22T22:52:53.999-05:00 level=INFO msg="🔍 Checking JSONL content hash AFTER pull (fix: auto-pull-not-pulling)"
time=2026-02-22T22:52:54.000-05:00 level=INFO msg="JSONL content changed, proceeding with operation..." mode=auto-import
time=2026-02-22T22:52:54.076-05:00 level=INFO msg="Import failed" error="parent issue ac-4olo does not exist"
time=2026-02-22T22:52:54.989-05:00 level=INFO msg="Import triggered by file change"
time=2026-02-22T22:52:55.045-05:00 level=INFO msg="Starting auto-import" mode=auto-import
time=2026-02-22T22:52:55.507-05:00 level=INFO msg="File change detected" path=/Users/matthew/s-proj/main/.git/beads-worktrees/beads-sync/.beads/issues.jsonl
time=2026-02-22T22:52:55.522-05:00 level=INFO msg="Pulled sync branch" branch=beads-sync fast_forward=false merged=false
time=2026-02-22T22:52:55.522-05:00 level=INFO msg="🔍 Checking JSONL content hash AFTER pull (fix: auto-pull-not-pulling)"
time=2026-02-22T22:52:55.525-05:00 level=INFO msg="JSONL content changed, proceeding with operation..." mode=auto-import
time=2026-02-22T22:52:55.601-05:00 level=INFO msg="Import failed" error="parent issue ac-4olo does not exist"
time=2026-02-22T22:52:56.510-05:00 level=INFO msg="Import triggered by file change"
time=2026-02-22T22:52:56.547-05:00 level=INFO msg="Starting auto-import" mode=auto-import
time=2026-02-22T22:52:57.033-05:00 level=INFO msg="File change detected" path=/Users/matthew/s-proj/main/.git/beads-worktrees/beads-sync/.beads/issues.jsonl
time=2026-02-22T22:52:57.057-05:00 level=INFO msg="Pulled sync branch" branch=beads-sync fast_forward=false merged=false
time=2026-02-22T22:52:57.057-05:00 level=INFO msg="🔍 Checking JSONL content hash AFTER pull (fix: auto-pull-not-pulling)"
time=2026-02-22T22:52:57.059-05:00 level=INFO msg="JSONL content changed, proceeding with operation..." mode=auto-import
time=2026-02-22T22:52:57.138-05:00 level=INFO msg="Import failed" error="parent issue ac-4olo does not exist"
time=2026-02-22T22:52:58.035-05:00 level=INFO msg="Import triggered by file change"
time=2026-02-22T22:52:58.083-05:00 level=INFO msg="Starting auto-import" mode=auto-import
time=2026-02-22T22:52:58.531-05:00 level=INFO msg="File change detected" path=/Users/matthew/s-proj/main/.git/beads-worktrees/beads-sync/.beads/issues.jsonl
time=2026-02-22T22:52:58.546-05:00 level=INFO msg="Pulled sync branch" branch=beads-sync fast_forward=false merged=false
time=2026-02-22T22:52:58.546-05:00 level=INFO msg="🔍 Checking JSONL content hash AFTER pull (fix: auto-pull-not-pulling)"
time=2026-02-22T22:52:58.548-05:00 level=INFO msg="JSONL content changed, proceeding with operation..." mode=auto-import
time=2026-02-22T22:52:58.625-05:00 level=INFO msg="Import failed" error="parent issue ac-4olo does not exist"
time=2026-02-22T22:52:59.533-05:00 level=INFO msg="Import triggered by file change"
time=2026-02-22T22:52:59.582-05:00 level=INFO msg="Starting auto-import" mode=auto-import
time=2026-02-22T22:53:00.029-05:00 level=INFO msg="File change detected" path=/Users/matthew/s-proj/main/.git/beads-worktrees/beads-sync/.beads/issues.jsonl
time=2026-02-22T22:53:00.043-05:00 level=INFO msg="Pulled sync branch" branch=beads-sync fast_forward=false merged=false
time=2026-02-22T22:53:00.043-05:00 level=INFO msg="🔍 Checking JSONL content hash AFTER pull (fix: auto-pull-not-pulling)"
time=2026-02-22T22:53:00.044-05:00 level=INFO msg="JSONL content changed, proceeding with operation..." mode=auto-import
time=2026-02-22T22:53:00.138-05:00 level=INFO msg="Import failed" error="parent issue ac-4olo does not exist"
time=2026-02-22T22:53:01.031-05:00 level=INFO msg="Import triggered by file change"
time=2026-02-22T22:53:01.073-05:00 level=INFO msg="Starting auto-import" mode=auto-import
time=2026-02-22T22:53:01.499-05:00 level=INFO msg="File change detected" path=/Users/matthew/s-proj/main/.git/beads-worktrees/beads-sync/.beads/issues.jsonl
time=2026-02-22T22:53:01.512-05:00 level=INFO msg="Pulled sync branch" branch=beads-sync fast_forward=false merged=false
time=2026-02-22T22:53:01.512-05:00 level=INFO msg="🔍 Checking JSONL content hash AFTER pull (fix: auto-pull-not-pulling)"
time=2026-02-22T22:53:01.513-05:00 level=INFO msg="JSONL content changed, proceeding with operation..." mode=auto-import
time=2026-02-22T22:53:01.592-05:00 level=INFO msg="Import failed" error="parent issue ac-4olo does not exist"
time=2026-02-22T22:53:02.501-05:00 level=INFO msg="Import triggered by file change"
time=2026-02-22T22:53:02.536-05:00 level=INFO msg="Starting auto-import" mode=auto-import
time=2026-02-22T22:53:02.970-05:00 level=INFO msg="File change detected" path=/Users/matthew/s-proj/main/.git/beads-worktrees/beads-sync/.beads/issues.jsonl
time=2026-02-22T22:53:02.981-05:00 level=INFO msg="Pulled sync branch" branch=beads-sync fast_forward=false merged=false
time=2026-02-22T22:53:02.981-05:00 level=INFO msg="🔍 Checking JSONL content hash AFTER pull (fix: auto-pull-not-pulling)"
time=2026-02-22T22:53:02.982-05:00 level=INFO msg="JSONL content changed, proceeding with operation..." mode=auto-import
time=2026-02-22T22:53:03.058-05:00 level=INFO msg="Import failed" error="parent issue ac-4olo does not exist"
time=2026-02-22T22:53:03.972-05:00 level=INFO msg="Import triggered by file change"
time=2026-02-22T22:53:04.009-05:00 level=INFO msg="Starting auto-import" mode=auto-import
time=2026-02-22T22:53:04.454-05:00 level=INFO msg="File change detected" path=/Users/matthew/s-proj/main/.git/beads-worktrees/beads-sync/.beads/issues.jsonl
time=2026-02-22T22:53:04.469-05:00 level=INFO msg="Pulled sync branch" branch=beads-sync fast_forward=false merged=false
time=2026-02-22T22:53:04.469-05:00 level=INFO msg="🔍 Checking JSONL content hash AFTER pull (fix: auto-pull-not-pulling)"
time=2026-02-22T22:53:04.470-05:00 level=INFO msg="JSONL content changed, proceeding with operation..." mode=auto-import
time=2026-02-22T22:53:04.546-05:00 level=INFO msg="Import failed" error="parent issue ac-4olo does not exist"
time=2026-02-22T22:53:05.456-05:00 level=INFO msg="Import triggered by file change"
time=2026-02-22T22:53:05.503-05:00 level=INFO msg="Starting auto-import" mode=auto-import
time=2026-02-22T22:53:05.930-05:00 level=INFO msg="File change detected" path=/Users/matthew/s-proj/main/.git/beads-worktrees/beads-sync/.beads/issues.jsonl
time=2026-02-22T22:53:05.947-05:00 level=INFO msg="Pulled sync branch" branch=beads-sync fast_forward=false merged=false
time=2026-02-22T22:53:05.947-05:00 level=INFO msg="🔍 Checking JSONL content hash AFTER pull (fix: auto-pull-not-pulling)"
time=2026-02-22T22:53:05.948-05:00 level=INFO msg="JSONL content changed, proceeding with operation..." mode=auto-import
time=2026-02-22T22:53:06.023-05:00 level=INFO msg="Import failed" error="parent issue ac-4olo does not exist"
time=2026-02-22T22:53:06.932-05:00 level=INFO msg="Import triggered by file change"
time=2026-02-22T22:53:06.958-05:00 level=INFO msg="Starting auto-import" mode=auto-import
time=2026-02-22T22:53:07.421-05:00 level=INFO msg="File change detected" path=/Users/matthew/s-proj/main/.git/beads-worktrees/beads-sync/.beads/issues.jsonl
time=2026-02-22T22:53:07.432-05:00 level=INFO msg="Pulled sync branch" branch=beads-sync fast_forward=false merged=false
time=2026-02-22T22:53:07.432-05:00 level=INFO msg="🔍 Checking JSONL content hash AFTER pull (fix: auto-pull-not-pulling)"
time=2026-02-22T22:53:07.433-05:00 level=INFO msg="JSONL content changed, proceeding with operation..." mode=auto-import
time=2026-02-22T22:53:07.510-05:00 level=INFO msg="Import failed" error="parent issue ac-4olo does not exist"
time=2026-02-22T22:53:08.423-05:00 level=INFO msg="Import triggered by file change"
time=2026-02-22T22:53:08.452-05:00 level=INFO msg="Starting auto-import" mode=auto-import
time=2026-02-22T22:53:08.928-05:00 level=INFO msg="File change detected" path=/Users/matthew/s-proj/main/.git/beads-worktrees/beads-sync/.beads/issues.jsonl
time=2026-02-22T22:53:08.940-05:00 level=INFO msg="Pulled sync branch" branch=beads-sync fast_forward=false merged=false
time=2026-02-22T22:53:08.940-05:00 level=INFO msg="🔍 Checking JSONL content hash AFTER pull (fix: auto-pull-not-pulling)"
time=2026-02-22T22:53:08.940-05:00 level=INFO msg="JSONL content changed, proceeding with operation..." mode=auto-import
time=2026-02-22T22:53:09.017-05:00 level=INFO msg="Import failed" error="parent issue ac-4olo does not exist"
time=2026-02-22T22:53:09.930-05:00 level=INFO msg="Import triggered by file change"
time=2026-02-22T22:53:09.950-05:00 level=INFO msg="Starting auto-import" mode=auto-import
time=2026-02-22T22:53:10.359-05:00 level=INFO msg="File change detected" path=/Users/matthew/s-proj/main/.git/beads-worktrees/beads-sync/.beads/issues.jsonl
time=2026-02-22T22:53:10.371-05:00 level=INFO msg="Pulled sync branch" branch=beads-sync fast_forward=false merged=false
time=2026-02-22T22:53:10.371-05:00 level=INFO msg="🔍 Checking JSONL content hash AFTER pull (fix: auto-pull-not-pulling)"
time=2026-02-22T22:53:10.372-05:00 level=INFO msg="JSONL content changed, proceeding with operation..." mode=auto-import
time=2026-02-22T22:53:10.455-05:00 level=INFO msg="Import failed" error="parent issue ac-4olo does not exist"
time=2026-02-22T22:53:11.371-05:00 level=INFO msg="Import triggered by file change"
time=2026-02-22T22:53:11.412-05:00 level=INFO msg="Starting auto-import" mode=auto-import
time=2026-02-22T22:53:12.090-05:00 level=INFO msg="File change detected" path=/Users/matthew/s-proj/main/.git/beads-worktrees/beads-sync/.beads/issues.jsonl
time=2026-02-22T22:53:12.111-05:00 level=INFO msg="Pulled sync branch" branch=beads-sync fast_forward=false merged=false
time=2026-02-22T22:53:12.111-05:00 level=INFO msg="🔍 Checking JSONL content hash AFTER pull (fix: auto-pull-not-pulling)"
time=2026-02-22T22:53:12.112-05:00 level=INFO msg="JSONL content changed, proceeding with operation..." mode=auto-import
time=2026-02-22T22:53:12.402-05:00 level=INFO msg="Import failed" error="parent issue ac-4olo does not exist"
time=2026-02-22T22:53:13.092-05:00 level=INFO msg="Import triggered by file change"
time=2026-02-22T22:53:13.118-05:00 level=INFO msg="Starting auto-import" mode=auto-import
time=2026-02-22T22:53:13.714-05:00 level=INFO msg="File change detected" path=/Users/matthew/s-proj/main/.git/beads-worktrees/beads-sync/.beads/issues.jsonl
time=2026-02-22T22:53:13.728-05:00 level=INFO msg="Pulled sync branch" branch=beads-sync fast_forward=false merged=false
time=2026-02-22T22:53:13.728-05:00 level=INFO msg="🔍 Checking JSONL content hash AFTER pull (fix: auto-pull-not-pulling)"
time=2026-02-22T22:53:13.729-05:00 level=INFO msg="JSONL content changed, proceeding with operation..." mode=auto-import
time=2026-02-22T22:53:13.804-05:00 level=INFO msg="Import failed" error="parent issue ac-4olo does not exist"
time=2026-02-22T22:53:14.716-05:00 level=INFO msg="Import triggered by file change"
time=2026-02-22T22:53:14.740-05:00 level=INFO msg="Starting auto-import" mode=auto-import
time=2026-02-22T22:53:15.180-05:00 level=INFO msg="File change detected" path=/Users/matthew/s-proj/main/.git/beads-worktrees/beads-sync/.beads/issues.jsonl
time=2026-02-22T22:53:15.189-05:00 level=INFO msg="Pulled sync branch" branch=beads-sync fast_forward=false merged=false
time=2026-02-22T22:53:15.189-05:00 level=INFO msg="🔍 Checking JSONL content hash AFTER pull (fix: auto-pull-not-pulling)"
time=2026-02-22T22:53:15.190-05:00 level=INFO msg="JSONL content changed, proceeding with operation..." mode=auto-import
time=2026-02-22T22:53:15.268-05:00 level=INFO msg="Import failed" error="parent issue ac-4olo does not exist"
time=2026-02-22T22:53:16.184-05:00 level=INFO msg="Import triggered by file change"
time=2026-02-22T22:53:16.225-05:00 level=INFO msg="Starting auto-import" mode=auto-import
time=2026-02-22T22:53:16.680-05:00 level=INFO msg="File change detected" path=/Users/matthew/s-proj/main/.git/beads-worktrees/beads-sync/.beads/issues.jsonl
time=2026-02-22T22:53:16.694-05:00 level=INFO msg="Pulled sync branch" branch=beads-sync fast_forward=false merged=false
time=2026-02-22T22:53:16.694-05:00 level=INFO msg="🔍 Checking JSONL content hash AFTER pull (fix: auto-pull-not-pulling)"
time=2026-02-22T22:53:16.695-05:00 level=INFO msg="JSONL content changed, proceeding with operation..." mode=auto-import
time=2026-02-22T22:53:16.774-05:00 level=INFO msg="Import failed" error="parent issue ac-4olo does not exist"
time=2026-02-22T22:53:17.682-05:00 level=INFO msg="Import triggered by file change"
time=2026-02-22T22:53:17.729-05:00 level=INFO msg="Starting auto-import" mode=auto-import
time=2026-02-22T22:53:18.138-05:00 level=INFO msg="File change detected" path=/Users/matthew/s-proj/main/.git/beads-worktrees/beads-sync/.beads/issues.jsonl
time=2026-02-22T22:53:18.154-05:00 level=INFO msg="Pulled sync branch" branch=beads-sync fast_forward=false merged=false
time=2026-02-22T22:53:18.154-05:00 level=INFO msg="🔍 Checking JSONL content hash AFTER pull (fix: auto-pull-not-pulling)"
time=2026-02-22T22:53:18.154-05:00 level=INFO msg="JSONL content changed, proceeding with operation..." mode=auto-import
time=2026-02-22T22:53:18.232-05:00 level=INFO msg="Import failed" error="parent issue ac-4olo does not exist"
time=2026-02-22T22:53:19.140-05:00 level=INFO msg="Import triggered by file change"
time=2026-02-22T22:53:19.173-05:00 level=INFO msg="Starting auto-import" mode=auto-import
time=2026-02-22T22:53:19.616-05:00 level=INFO msg="File change detected" path=/Users/matthew/s-proj/main/.git/beads-worktrees/beads-sync/.beads/issues.jsonl
time=2026-02-22T22:53:19.631-05:00 level=INFO msg="Pulled sync branch" branch=beads-sync fast_forward=false merged=false
time=2026-02-22T22:53:19.631-05:00 level=INFO msg="🔍 Checking JSONL content hash AFTER pull (fix: auto-pull-not-pulling)"
time=2026-02-22T22:53:19.632-05:00 level=INFO msg="JSONL content changed, proceeding with operation..." mode=auto-import
time=2026-02-22T22:53:19.708-05:00 level=INFO msg="Import failed" error="parent issue ac-4olo does not exist"
time=2026-02-22T22:53:20.618-05:00 level=INFO msg="Import triggered by file change"
time=2026-02-22T22:53:20.647-05:00 level=INFO msg="Starting auto-import" mode=auto-import
time=2026-02-22T22:53:21.120-05:00 level=INFO msg="File change detected" path=/Users/matthew/s-proj/main/.git/beads-worktrees/beads-sync/.beads/issues.jsonl
time=2026-02-22T22:53:21.133-05:00 level=INFO msg="Pulled sync branch" branch=beads-sync fast_forward=false merged=false
time=2026-02-22T22:53:21.133-05:00 level=INFO msg="🔍 Checking JSONL content hash AFTER pull (fix: auto-pull-not-pulling)"
time=2026-02-22T22:53:21.133-05:00 level=INFO msg="JSONL content changed, proceeding with operation..." mode=auto-import
time=2026-02-22T22:53:21.209-05:00 level=INFO msg="Import failed" error="parent issue ac-4olo does not exist"
time=2026-02-22T22:53:22.124-05:00 level=INFO msg="Import triggered by file change"
time=2026-02-22T22:53:22.161-05:00 level=INFO msg="Starting auto-import" mode=auto-import
time=2026-02-22T22:53:22.579-05:00 level=INFO msg="File change detected" path=/Users/matthew/s-proj/main/.git/beads-worktrees/beads-sync/.beads/issues.jsonl
time=2026-02-22T22:53:22.594-05:00 level=INFO msg="Pulled sync branch" branch=beads-sync fast_forward=false merged=false
time=2026-02-22T22:53:22.594-05:00 level=INFO msg="🔍 Checking JSONL content hash AFTER pull (fix: auto-pull-not-pulling)"
time=2026-02-22T22:53:22.595-05:00 level=INFO msg="JSONL content changed, proceeding with operation..." mode=auto-import
time=2026-02-22T22:53:22.672-05:00 level=INFO msg="Import failed" error="parent issue ac-4olo does not exist"
time=2026-02-22T22:53:23.589-05:00 level=INFO msg="Import triggered by file change"
time=2026-02-22T22:53:23.634-05:00 level=INFO msg="Starting auto-import" mode=auto-import
time=2026-02-22T22:53:24.101-05:00 level=INFO msg="File change detected" path=/Users/matthew/s-proj/main/.git/beads-worktrees/beads-sync/.beads/issues.jsonl
time=2026-02-22T22:53:24.113-05:00 level=INFO msg="Pulled sync branch" branch=beads-sync fast_forward=false merged=false
time=2026-02-22T22:53:24.113-05:00 level=INFO msg="🔍 Checking JSONL content hash AFTER pull (fix: auto-pull-not-pulling)"
time=2026-02-22T22:53:24.114-05:00 level=INFO msg="JSONL content changed, proceeding with operation..." mode=auto-import
time=2026-02-22T22:53:24.190-05:00 level=INFO msg="Import failed" error="parent issue ac-4olo does not exist"
time=2026-02-22T22:53:25.109-05:00 level=INFO msg="Import triggered by file change"
time=2026-02-22T22:53:25.154-05:00 level=INFO msg="Starting auto-import" mode=auto-import
time=2026-02-22T22:53:25.590-05:00 level=INFO msg="File change detected" path=/Users/matthew/s-proj/main/.git/beads-worktrees/beads-sync/.beads/issues.jsonl
time=2026-02-22T22:53:25.608-05:00 level=INFO msg="Pulled sync branch" branch=beads-sync fast_forward=false merged=false
time=2026-02-22T22:53:25.608-05:00 level=INFO msg="🔍 Checking JSONL content hash AFTER pull (fix: auto-pull-not-pulling)"
time=2026-02-22T22:53:25.609-05:00 level=INFO msg="JSONL content changed, proceeding with operation..." mode=auto-import
time=2026-02-22T22:53:25.685-05:00 level=INFO msg="Import failed" error="parent issue ac-4olo does not exist"
time=2026-02-22T22:53:26.592-05:00 level=INFO msg="Import triggered by file change"
time=2026-02-22T22:53:26.630-05:00 level=INFO msg="Starting auto-import" mode=auto-import
time=2026-02-22T22:53:27.087-05:00 level=INFO msg="File change detected" path=/Users/matthew/s-proj/main/.git/beads-worktrees/beads-sync/.beads/issues.jsonl
time=2026-02-22T22:53:27.103-05:00 level=INFO msg="Pulled sync branch" branch=beads-sync fast_forward=false merged=false
time=2026-02-22T22:53:27.103-05:00 level=INFO msg="🔍 Checking JSONL content hash AFTER pull (fix: auto-pull-not-pulling)"
time=2026-02-22T22:53:27.104-05:00 level=INFO msg="JSONL content changed, proceeding with operation..." mode=auto-import
time=2026-02-22T22:53:27.185-05:00 level=INFO msg="Import failed" error="parent issue ac-4olo does not exist"
time=2026-02-22T22:53:28.090-05:00 level=INFO msg="Import triggered by file change"
time=2026-02-22T22:53:28.130-05:00 level=INFO msg="Starting auto-import" mode=auto-import
time=2026-02-22T22:53:28.578-05:00 level=INFO msg="File change detected" path=/Users/matthew/s-proj/main/.git/beads-worktrees/beads-sync/.beads/issues.jsonl
time=2026-02-22T22:53:28.589-05:00 level=INFO msg="Pulled sync branch" branch=beads-sync fast_forward=false merged=false
time=2026-02-22T22:53:28.589-05:00 level=INFO msg="🔍 Checking JSONL content hash AFTER pull (fix: auto-pull-not-pulling)"
time=2026-02-22T22:53:28.591-05:00 level=INFO msg="JSONL content changed, proceeding with operation..." mode=auto-import
time=2026-02-22T22:53:28.668-05:00 level=INFO msg="Import failed" error="parent issue ac-4olo does not exist"
time=2026-02-22T22:53:29.580-05:00 level=INFO msg="Import triggered by file change"
time=2026-02-22T22:53:29.623-05:00 level=INFO msg="Starting auto-import" mode=auto-import
time=2026-02-22T22:53:30.080-05:00 level=INFO msg="File change detected" path=/Users/matthew/s-proj/main/.git/beads-worktrees/beads-sync/.beads/issues.jsonl
time=2026-02-22T22:53:30.091-05:00 level=INFO msg="Pulled sync branch" branch=beads-sync fast_forward=false merged=false
time=2026-02-22T22:53:30.091-05:00 level=INFO msg="🔍 Checking JSONL content hash AFTER pull (fix: auto-pull-not-pulling)"
time=2026-02-22T22:53:30.092-05:00 level=INFO msg="JSONL content changed, proceeding with operation..." mode=auto-import
time=2026-02-22T22:53:30.168-05:00 level=INFO msg="Import failed" error="parent issue ac-4olo does not exist"
time=2026-02-22T22:53:31.082-05:00 level=INFO msg="Import triggered by file change"
time=2026-02-22T22:53:31.123-05:00 level=INFO msg="Starting auto-import" mode=auto-import
time=2026-02-22T22:53:31.647-05:00 level=INFO msg="File change detected" path=/Users/matthew/s-proj/main/.git/beads-worktrees/beads-sync/.beads/issues.jsonl
time=2026-02-22T22:53:31.660-05:00 level=INFO msg="Pulled sync branch" branch=beads-sync fast_forward=false merged=false
time=2026-02-22T22:53:31.660-05:00 level=INFO msg="🔍 Checking JSONL content hash AFTER pull (fix: auto-pull-not-pulling)"
time=2026-02-22T22:53:31.662-05:00 level=INFO msg="JSONL content changed, proceeding with operation..." mode=auto-import
time=2026-02-22T22:53:31.738-05:00 level=INFO msg="Import failed" error="parent issue ac-4olo does not exist"
time=2026-02-22T22:53:32.649-05:00 level=INFO msg="Import triggered by file change"
time=2026-02-22T22:53:32.678-05:00 level=INFO msg="Starting auto-import" mode=auto-import
time=2026-02-22T22:53:33.269-05:00 level=INFO msg="File change detected" path=/Users/matthew/s-proj/main/.git/beads-worktrees/beads-sync/.beads/issues.jsonl
time=2026-02-22T22:53:33.281-05:00 level=INFO msg="Pulled sync branch" branch=beads-sync fast_forward=false merged=false
time=2026-02-22T22:53:33.281-05:00 level=INFO msg="🔍 Checking JSONL content hash AFTER pull (fix: auto-pull-not-pulling)"
time=2026-02-22T22:53:33.282-05:00 level=INFO msg="JSONL content changed, proceeding with operation..." mode=auto-import
time=2026-02-22T22:53:33.360-05:00 level=INFO msg="Import failed" error="parent issue ac-4olo does not exist"
time=2026-02-22T22:53:34.270-05:00 level=INFO msg="Import triggered by file change"
time=2026-02-22T22:53:34.319-05:00 level=INFO msg="Starting auto-import" mode=auto-import
time=2026-02-22T22:53:34.778-05:00 level=INFO msg="File change detected" path=/Users/matthew/s-proj/main/.git/beads-worktrees/beads-sync/.beads/issues.jsonl
time=2026-02-22T22:53:34.791-05:00 level=INFO msg="Pulled sync branch" branch=beads-sync fast_forward=false merged=false
time=2026-02-22T22:53:34.791-05:00 level=INFO msg="🔍 Checking JSONL content hash AFTER pull (fix: auto-pull-not-pulling)"
time=2026-02-22T22:53:34.793-05:00 level=INFO msg="JSONL content changed, proceeding with operation..." mode=auto-import
time=2026-02-22T22:53:34.878-05:00 level=INFO msg="Import failed" error="parent issue ac-4olo does not exist"
time=2026-02-22T22:53:35.780-05:00 level=INFO msg="Import triggered by file change"
time=2026-02-22T22:53:35.825-05:00 level=INFO msg="Starting auto-import" mode=auto-import
time=2026-02-22T22:53:36.364-05:00 level=INFO msg="File change detected" path=/Users/matthew/s-proj/main/.git/beads-worktrees/beads-sync/.beads/issues.jsonl
time=2026-02-22T22:53:36.379-05:00 level=INFO msg="Pulled sync branch" branch=beads-sync fast_forward=false merged=false
time=2026-02-22T22:53:36.379-05:00 level=INFO msg="🔍 Checking JSONL content hash AFTER pull (fix: auto-pull-not-pulling)"
time=2026-02-22T22:53:36.380-05:00 level=INFO msg="JSONL content changed, proceeding with operation..." mode=auto-import
time=2026-02-22T22:53:36.460-05:00 level=INFO msg="Import failed" error="parent issue ac-4olo does not exist"
time=2026-02-22T22:53:37.367-05:00 level=INFO msg="Import triggered by file change"
time=2026-02-22T22:53:37.404-05:00 level=INFO msg="Starting auto-import" mode=auto-import
time=2026-02-22T22:53:37.866-05:00 level=INFO msg="File change detected" path=/Users/matthew/s-proj/main/.git/beads-worktrees/beads-sync/.beads/issues.jsonl
time=2026-02-22T22:53:37.881-05:00 level=INFO msg="Pulled sync branch" branch=beads-sync fast_forward=false merged=false
time=2026-02-22T22:53:37.881-05:00 level=INFO msg="🔍 Checking JSONL content hash AFTER pull (fix: auto-pull-not-pulling)"
time=2026-02-22T22:53:37.883-05:00 level=INFO msg="JSONL content changed, proceeding with operation..." mode=auto-import
time=2026-02-22T22:53:37.960-05:00 level=INFO msg="Import failed" error="parent issue ac-4olo does not exist"
time=2026-02-22T22:53:38.874-05:00 level=INFO msg="Import triggered by file change"
time=2026-02-22T22:53:38.918-05:00 level=INFO msg="Starting auto-import" mode=auto-import
time=2026-02-22T22:53:39.423-05:00 level=INFO msg="File change detected" path=/Users/matthew/s-proj/main/.git/beads-worktrees/beads-sync/.beads/issues.jsonl
time=2026-02-22T22:53:39.433-05:00 level=INFO msg="Pulled sync branch" branch=beads-sync fast_forward=false merged=false
time=2026-02-22T22:53:39.433-05:00 level=INFO msg="🔍 Checking JSONL content hash AFTER pull (fix: auto-pull-not-pulling)"
time=2026-02-22T22:53:39.434-05:00 level=INFO msg="JSONL content changed, proceeding with operation..." mode=auto-import
time=2026-02-22T22:53:39.512-05:00 level=INFO msg="Import failed" error="parent issue ac-4olo does not exist"
time=2026-02-22T22:53:40.426-05:00 level=INFO msg="Import triggered by file change"
time=2026-02-22T22:53:40.473-05:00 level=INFO msg="Starting auto-import" mode=auto-import
time=2026-02-22T22:53:40.988-05:00 level=INFO msg="File change detected" path=/Users/matthew/s-proj/main/.git/beads-worktrees/beads-sync/.beads/issues.jsonl
time=2026-02-22T22:53:41.001-05:00 level=INFO msg="Pulled sync branch" branch=beads-sync fast_forward=false merged=false
time=2026-02-22T22:53:41.001-05:00 level=INFO msg="🔍 Checking JSONL content hash AFTER pull (fix: auto-pull-not-pulling)"
time=2026-02-22T22:53:41.002-05:00 level=INFO msg="JSONL content changed, proceeding with operation..." mode=auto-import
time=2026-02-22T22:53:41.079-05:00 level=INFO msg="Import failed" error="parent issue ac-4olo does not exist"
time=2026-02-22T22:53:41.990-05:00 level=INFO msg="Import triggered by file change"
time=2026-02-22T22:53:42.027-05:00 level=INFO msg="Starting auto-import" mode=auto-import
time=2026-02-22T22:53:42.556-05:00 level=INFO msg="File change detected" path=/Users/matthew/s-proj/main/.git/beads-worktrees/beads-sync/.beads/issues.jsonl
time=2026-02-22T22:53:42.570-05:00 level=INFO msg="Pulled sync branch" branch=beads-sync fast_forward=false merged=false
time=2026-02-22T22:53:42.570-05:00 level=INFO msg="🔍 Checking JSONL content hash AFTER pull (fix: auto-pull-not-pulling)"
time=2026-02-22T22:53:42.571-05:00 level=INFO msg="JSONL content changed, proceeding with operation..." mode=auto-import
time=2026-02-22T22:53:42.649-05:00 level=INFO msg="Import failed" error="parent issue ac-4olo does not exist"
time=2026-02-22T22:53:43.559-05:00 level=INFO msg="Import triggered by file change"
time=2026-02-22T22:53:43.590-05:00 level=INFO msg="Starting auto-import" mode=auto-import
time=2026-02-22T22:53:44.022-05:00 level=INFO msg="File change detected" path=/Users/matthew/s-proj/main/.git/beads-worktrees/beads-sync/.beads/issues.jsonl
time=2026-02-22T22:53:44.038-05:00 level=INFO msg="Pulled sync branch" branch=beads-sync fast_forward=false merged=false
time=2026-02-22T22:53:44.038-05:00 level=INFO msg="🔍 Checking JSONL content hash AFTER pull (fix: auto-pull-not-pulling)"
time=2026-02-22T22:53:44.038-05:00 level=INFO msg="JSONL content changed, proceeding with operation..." mode=auto-import
time=2026-02-22T22:53:44.118-05:00 level=INFO msg="Import failed" error="parent issue ac-4olo does not exist"
time=2026-02-22T22:53:45.024-05:00 level=INFO msg="Import triggered by file change"
time=2026-02-22T22:53:45.070-05:00 level=INFO msg="Starting auto-import" mode=auto-import
time=2026-02-22T22:53:45.522-05:00 level=INFO msg="File change detected" path=/Users/matthew/s-proj/main/.git/beads-worktrees/beads-sync/.beads/issues.jsonl
time=2026-02-22T22:53:45.534-05:00 level=INFO msg="Pulled sync branch" branch=beads-sync fast_forward=false merged=false
time=2026-02-22T22:53:45.534-05:00 level=INFO msg="🔍 Checking JSONL content hash AFTER pull (fix: auto-pull-not-pulling)"
time=2026-02-22T22:53:45.535-05:00 level=INFO msg="JSONL content changed, proceeding with operation..." mode=auto-import
time=2026-02-22T22:53:45.612-05:00 level=INFO msg="Import failed" error="parent issue ac-4olo does not exist"
time=2026-02-22T22:53:46.524-05:00 level=INFO msg="Import triggered by file change"
time=2026-02-22T22:53:46.566-05:00 level=INFO msg="Starting auto-import" mode=auto-import
time=2026-02-22T22:53:47.064-05:00 level=INFO msg="File change detected" path=/Users/matthew/s-proj/main/.git/beads-worktrees/beads-sync/.beads/issues.jsonl
time=2026-02-22T22:53:47.079-05:00 level=INFO msg="Pulled sync branch" branch=beads-sync fast_forward=false merged=false
time=2026-02-22T22:53:47.079-05:00 level=INFO msg="🔍 Checking JSONL content hash AFTER pull (fix: auto-pull-not-pulling)"
time=2026-02-22T22:53:47.080-05:00 level=INFO msg="JSONL content changed, proceeding with operation..." mode=auto-import
time=2026-02-22T22:53:47.158-05:00 level=INFO msg="Import failed" error="parent issue ac-4olo does not exist"
time=2026-02-22T22:53:48.067-05:00 level=INFO msg="Import triggered by file change"
time=2026-02-22T22:53:48.095-05:00 level=INFO msg="Starting auto-import" mode=auto-import
time=2026-02-22T22:53:48.512-05:00 level=INFO msg="File change detected" path=/Users/matthew/s-proj/main/.git/beads-worktrees/beads-sync/.beads/issues.jsonl
time=2026-02-22T22:53:48.524-05:00 level=INFO msg="Pulled sync branch" branch=beads-sync fast_forward=false merged=false
time=2026-02-22T22:53:48.524-05:00 level=INFO msg="🔍 Checking JSONL content hash AFTER pull (fix: auto-pull-not-pulling)"
time=2026-02-22T22:53:48.525-05:00 level=INFO msg="JSONL content changed, proceeding with operation..." mode=auto-import
time=2026-02-22T22:53:48.600-05:00 level=INFO msg="Import failed" error="parent issue ac-4olo does not exist"
time=2026-02-22T22:53:49.514-05:00 level=INFO msg="Import triggered by file change"
time=2026-02-22T22:53:49.565-05:00 level=INFO msg="Starting auto-import" mode=auto-import
time=2026-02-22T22:53:50.057-05:00 level=INFO msg="File change detected" path=/Users/matthew/s-proj/main/.git/beads-worktrees/beads-sync/.beads/issues.jsonl
time=2026-02-22T22:53:50.073-05:00 level=INFO msg="Pulled sync branch" branch=beads-sync fast_forward=false merged=false
time=2026-02-22T22:53:50.073-05:00 level=INFO msg="🔍 Checking JSONL content hash AFTER pull (fix: auto-pull-not-pulling)"
time=2026-02-22T22:53:50.074-05:00 level=INFO msg="JSONL content changed, proceeding with operation..." mode=auto-import
time=2026-02-22T22:53:50.154-05:00 level=INFO msg="Import failed" error="parent issue ac-4olo does not exist"
time=2026-02-22T22:53:51.061-05:00 level=INFO msg="Import triggered by file change"
time=2026-02-22T22:53:51.112-05:00 level=INFO msg="Starting auto-import" mode=auto-import
time=2026-02-22T22:53:51.586-05:00 level=INFO msg="File change detected" path=/Users/matthew/s-proj/main/.git/beads-worktrees/beads-sync/.beads/issues.jsonl
time=2026-02-22T22:53:51.600-05:00 level=INFO msg="Pulled sync branch" branch=beads-sync fast_forward=false merged=false
time=2026-02-22T22:53:51.600-05:00 level=INFO msg="🔍 Checking JSONL content hash AFTER pull (fix: auto-pull-not-pulling)"
time=2026-02-22T22:53:51.602-05:00 level=INFO msg="JSONL content changed, proceeding with operation..." mode=auto-import
time=2026-02-22T22:53:51.680-05:00 level=INFO msg="Import failed" error="parent issue ac-4olo does not exist"
time=2026-02-22T22:53:52.594-05:00 level=INFO msg="Import triggered by file change"
time=2026-02-22T22:53:52.649-05:00 level=INFO msg="Starting auto-import" mode=auto-import
time=2026-02-22T22:53:53.146-05:00 level=INFO msg="File change detected" path=/Users/matthew/s-proj/main/.git/beads-worktrees/beads-sync/.beads/issues.jsonl
time=2026-02-22T22:53:53.165-05:00 level=INFO msg="Pulled sync branch" branch=beads-sync fast_forward=false merged=false
time=2026-02-22T22:53:53.165-05:00 level=INFO msg="🔍 Checking JSONL content hash AFTER pull (fix: auto-pull-not-pulling)"
time=2026-02-22T22:53:53.167-05:00 level=INFO msg="JSONL content changed, proceeding with operation..." mode=auto-import
time=2026-02-22T22:53:53.246-05:00 level=INFO msg="Import failed" error="parent issue ac-4olo does not exist"
time=2026-02-22T22:53:54.148-05:00 level=INFO msg="Import triggered by file change"
time=2026-02-22T22:53:54.203-05:00 level=INFO msg="Starting auto-import" mode=auto-import
time=2026-02-22T22:53:54.681-05:00 level=INFO msg="File change detected" path=/Users/matthew/s-proj/main/.git/beads-worktrees/beads-sync/.beads/issues.jsonl
time=2026-02-22T22:53:54.693-05:00 level=INFO msg="Pulled sync branch" branch=beads-sync fast_forward=false merged=false
time=2026-02-22T22:53:54.693-05:00 level=INFO msg="🔍 Checking JSONL content hash AFTER pull (fix: auto-pull-not-pulling)"
time=2026-02-22T22:53:54.694-05:00 level=INFO msg="JSONL content changed, proceeding with operation..." mode=auto-import
time=2026-02-22T22:53:54.773-05:00 level=INFO msg="Import failed" error="parent issue ac-4olo does not exist"
time=2026-02-22T22:53:55.684-05:00 level=INFO msg="Import triggered by file change"
time=2026-02-22T22:53:55.748-05:00 level=INFO msg="Starting auto-import" mode=auto-import
time=2026-02-22T22:53:56.239-05:00 level=INFO msg="File change detected" path=/Users/matthew/s-proj/main/.git/beads-worktrees/beads-sync/.beads/issues.jsonl
time=2026-02-22T22:53:56.251-05:00 level=INFO msg="Pulled sync branch" branch=beads-sync fast_forward=false merged=false
time=2026-02-22T22:53:56.251-05:00 level=INFO msg="🔍 Checking JSONL content hash AFTER pull (fix: auto-pull-not-pulling)"
time=2026-02-22T22:53:56.253-05:00 level=INFO msg="JSONL content changed, proceeding with operation..." mode=auto-import
time=2026-02-22T22:53:56.332-05:00 level=INFO msg="Import failed" error="parent issue ac-4olo does not exist"
time=2026-02-22T22:53:57.241-05:00 level=INFO msg="Import triggered by file change"
time=2026-02-22T22:53:57.297-05:00 level=INFO msg="Starting auto-import" mode=auto-import
time=2026-02-22T22:53:57.821-05:00 level=INFO msg="File change detected" path=/Users/matthew/s-proj/main/.git/beads-worktrees/beads-sync/.beads/issues.jsonl
time=2026-02-22T22:53:57.852-05:00 level=INFO msg="Pulled sync branch" branch=beads-sync fast_forward=false merged=false
time=2026-02-22T22:53:57.852-05:00 level=INFO msg="🔍 Checking JSONL content hash AFTER pull (fix: auto-pull-not-pulling)"
time=2026-02-22T22:53:57.854-05:00 level=INFO msg="JSONL content changed, proceeding with operation..." mode=auto-import
time=2026-02-22T22:53:57.930-05:00 level=INFO msg="Import failed" error="parent issue ac-4olo does not exist"
time=2026-02-22T22:53:58.824-05:00 level=INFO msg="Import triggered by file change"
time=2026-02-22T22:53:58.871-05:00 level=INFO msg="Starting auto-import" mode=auto-import
time=2026-02-22T22:53:59.327-05:00 level=INFO msg="File change detected" path=/Users/matthew/s-proj/main/.git/beads-worktrees/beads-sync/.beads/issues.jsonl
time=2026-02-22T22:53:59.342-05:00 level=INFO msg="Pulled sync branch" branch=beads-sync fast_forward=false merged=false
time=2026-02-22T22:53:59.342-05:00 level=INFO msg="🔍 Checking JSONL content hash AFTER pull (fix: auto-pull-not-pulling)"
time=2026-02-22T22:53:59.344-05:00 level=INFO msg="JSONL content changed, proceeding with operation..." mode=auto-import
time=2026-02-22T22:53:59.422-05:00 level=INFO msg="Import failed" error="parent issue ac-4olo does not exist"
time=2026-02-22T22:54:00.329-05:00 level=INFO msg="Import triggered by file change"
time=2026-02-22T22:54:00.382-05:00 level=INFO msg="Starting auto-import" mode=auto-import
time=2026-02-22T22:54:00.801-05:00 level=INFO msg="File change detected" path=/Users/matthew/s-proj/main/.git/beads-worktrees/beads-sync/.beads/issues.jsonl
time=2026-02-22T22:54:00.815-05:00 level=INFO msg="Pulled sync branch" branch=beads-sync fast_forward=false merged=false
time=2026-02-22T22:54:00.815-05:00 level=INFO msg="🔍 Checking JSONL content hash AFTER pull (fix: auto-pull-not-pulling)"
time=2026-02-22T22:54:00.817-05:00 level=INFO msg="JSONL content changed, proceeding with operation..." mode=auto-import
time=2026-02-22T22:54:00.894-05:00 level=INFO msg="Import failed" error="parent issue ac-4olo does not exist"
time=2026-02-22T22:54:01.803-05:00 level=INFO msg="Import triggered by file change"
time=2026-02-22T22:54:01.849-05:00 level=INFO msg="Starting auto-import" mode=auto-import
time=2026-02-22T22:54:02.367-05:00 level=INFO msg="File change detected" path=/Users/matthew/s-proj/main/.git/beads-worktrees/beads-sync/.beads/issues.jsonl
time=2026-02-22T22:54:02.388-05:00 level=INFO msg="Pulled sync branch" branch=beads-sync fast_forward=false merged=false
time=2026-02-22T22:54:02.388-05:00 level=INFO msg="🔍 Checking JSONL content hash AFTER pull (fix: auto-pull-not-pulling)"
time=2026-02-22T22:54:02.390-05:00 level=INFO msg="JSONL content changed, proceeding with operation..." mode=auto-import
time=2026-02-22T22:54:02.465-05:00 level=INFO msg="Import failed" error="parent issue ac-4olo does not exist"
time=2026-02-22T22:54:03.369-05:00 level=INFO msg="Import triggered by file change"
time=2026-02-22T22:54:03.441-05:00 level=INFO msg="Starting auto-import" mode=auto-import
time=2026-02-22T22:54:03.902-05:00 level=INFO msg="File change detected" path=/Users/matthew/s-proj/main/.git/beads-worktrees/beads-sync/.beads/issues.jsonl
time=2026-02-22T22:54:03.916-05:00 level=INFO msg="Pulled sync branch" branch=beads-sync fast_forward=false merged=false
time=2026-02-22T22:54:03.916-05:00 level=INFO msg="🔍 Checking JSONL content hash AFTER pull (fix: auto-pull-not-pulling)"
time=2026-02-22T22:54:03.918-05:00 level=INFO msg="JSONL content changed, proceeding with operation..." mode=auto-import
time=2026-02-22T22:54:03.996-05:00 level=INFO msg="Import failed" error="parent issue ac-4olo does not exist"
time=2026-02-22T22:54:04.917-05:00 level=INFO msg="Import triggered by file change"
time=2026-02-22T22:54:04.942-05:00 level=INFO msg="Starting auto-import" mode=auto-import
time=2026-02-22T22:54:05.373-05:00 level=INFO msg="File change detected" path=/Users/matthew/s-proj/main/.git/beads-worktrees/beads-sync/.beads/issues.jsonl
time=2026-02-22T22:54:05.387-05:00 level=INFO msg="Pulled sync branch" branch=beads-sync fast_forward=false merged=false
time=2026-02-22T22:54:05.387-05:00 level=INFO msg="🔍 Checking JSONL content hash AFTER pull (fix: auto-pull-not-pulling)"
time=2026-02-22T22:54:05.388-05:00 level=INFO msg="JSONL content changed, proceeding with operation..." mode=auto-import
time=2026-02-22T22:54:05.463-05:00 level=INFO msg="Import failed" error="parent issue ac-4olo does not exist"
time=2026-02-22T22:54:06.375-05:00 level=INFO msg="Import triggered by file change"
time=2026-02-22T22:54:06.439-05:00 level=INFO msg="Starting auto-import" mode=auto-import
time=2026-02-22T22:54:06.896-05:00 level=INFO msg="File change detected" path=/Users/matthew/s-proj/main/.git/beads-worktrees/beads-sync/.beads/issues.jsonl
time=2026-02-22T22:54:06.911-05:00 level=INFO msg="Pulled sync branch" branch=beads-sync fast_forward=false merged=false
time=2026-02-22T22:54:06.911-05:00 level=INFO msg="🔍 Checking JSONL content hash AFTER pull (fix: auto-pull-not-pulling)"
time=2026-02-22T22:54:06.912-05:00 level=INFO msg="JSONL content changed, proceeding with operation..." mode=auto-import
time=2026-02-22T22:54:07.000-05:00 level=INFO msg="Import failed" error="parent issue ac-4olo does not exist"
time=2026-02-22T22:54:07.898-05:00 level=INFO msg="Import triggered by file change"
time=2026-02-22T22:54:07.970-05:00 level=INFO msg="Starting auto-import" mode=auto-import
time=2026-02-22T22:54:08.493-05:00 level=INFO msg="File change detected" path=/Users/matthew/s-proj/main/.git/beads-worktrees/beads-sync/.beads/issues.jsonl
time=2026-02-22T22:54:08.512-05:00 level=INFO msg="Pulled sync branch" branch=beads-sync fast_forward=false merged=false
time=2026-02-22T22:54:08.512-05:00 level=INFO msg="🔍 Checking JSONL content hash AFTER pull (fix: auto-pull-not-pulling)"
time=2026-02-22T22:54:08.514-05:00 level=INFO msg="JSONL content changed, proceeding with operation..." mode=auto-import
time=2026-02-22T22:54:08.592-05:00 level=INFO msg="Import failed" error="parent issue ac-4olo does not exist"
time=2026-02-22T22:54:09.497-05:00 level=INFO msg="Import triggered by file change"
time=2026-02-22T22:54:09.565-05:00 level=INFO msg="Starting auto-import" mode=auto-import
time=2026-02-22T22:54:10.065-05:00 level=INFO msg="File change detected" path=/Users/matthew/s-proj/main/.git/beads-worktrees/beads-sync/.beads/issues.jsonl
time=2026-02-22T22:54:10.078-05:00 level=INFO msg="Pulled sync branch" branch=beads-sync fast_forward=false merged=false
time=2026-02-22T22:54:10.078-05:00 level=INFO msg="🔍 Checking JSONL content hash AFTER pull (fix: auto-pull-not-pulling)"
time=2026-02-22T22:54:10.079-05:00 level=INFO msg="JSONL content changed, proceeding with operation..." mode=auto-import
time=2026-02-22T22:54:10.157-05:00 level=INFO msg="Import failed" error="parent issue ac-4olo does not exist"
time=2026-02-22T22:54:11.067-05:00 level=INFO msg="Import triggered by file change"
time=2026-02-22T22:54:11.111-05:00 level=INFO msg="Starting auto-import" mode=auto-import
time=2026-02-22T22:54:11.788-05:00 level=INFO msg="File change detected" path=/Users/matthew/s-proj/main/.git/beads-worktrees/beads-sync/.beads/issues.jsonl
time=2026-02-22T22:54:11.800-05:00 level=INFO msg="Pulled sync branch" branch=beads-sync fast_forward=false merged=false
time=2026-02-22T22:54:11.800-05:00 level=INFO msg="🔍 Checking JSONL content hash AFTER pull (fix: auto-pull-not-pulling)"
time=2026-02-22T22:54:11.801-05:00 level=INFO msg="JSONL content changed, proceeding with operation..." mode=auto-import
time=2026-02-22T22:54:11.882-05:00 level=INFO msg="Import failed" error="parent issue ac-4olo does not exist"
time=2026-02-22T22:54:12.790-05:00 level=INFO msg="Import triggered by file change"
time=2026-02-22T22:54:12.853-05:00 level=INFO msg="Starting auto-import" mode=auto-import
time=2026-02-22T22:54:13.577-05:00 level=INFO msg="File change detected" path=/Users/matthew/s-proj/main/.git/beads-worktrees/beads-sync/.beads/issues.jsonl
time=2026-02-22T22:54:13.590-05:00 level=INFO msg="Pulled sync branch" branch=beads-sync fast_forward=false merged=false
time=2026-02-22T22:54:13.590-05:00 level=INFO msg="🔍 Checking JSONL content hash AFTER pull (fix: auto-pull-not-pulling)"
time=2026-02-22T22:54:13.591-05:00 level=INFO msg="JSONL content changed, proceeding with operation..." mode=auto-import
time=2026-02-22T22:54:13.669-05:00 level=INFO msg="Import failed" error="parent issue ac-4olo does not exist"
time=2026-02-22T22:54:14.579-05:00 level=INFO msg="Import triggered by file change"
time=2026-02-22T22:54:14.638-05:00 level=INFO msg="Starting auto-import" mode=auto-import
time=2026-02-22T22:54:15.154-05:00 level=INFO msg="File change detected" path=/Users/matthew/s-proj/main/.git/beads-worktrees/beads-sync/.beads/issues.jsonl
time=2026-02-22T22:54:15.170-05:00 level=INFO msg="Pulled sync branch" branch=beads-sync fast_forward=false merged=false
time=2026-02-22T22:54:15.170-05:00 level=INFO msg="🔍 Checking JSONL content hash AFTER pull (fix: auto-pull-not-pulling)"
time=2026-02-22T22:54:15.171-05:00 level=INFO msg="JSONL content changed, proceeding with operation..." mode=auto-import
time=2026-02-22T22:54:15.252-05:00 level=INFO msg="Import failed" error="parent issue ac-4olo does not exist"
time=2026-02-22T22:54:16.156-05:00 level=INFO msg="Import triggered by file change"
time=2026-02-22T22:54:16.243-05:00 level=INFO msg="Starting auto-import" mode=auto-import
time=2026-02-22T22:54:16.696-05:00 level=INFO msg="File change detected" path=/Users/matthew/s-proj/main/.git/beads-worktrees/beads-sync/.beads/issues.jsonl
time=2026-02-22T22:54:16.711-05:00 level=INFO msg="Pulled sync branch" branch=beads-sync fast_forward=false merged=false
time=2026-02-22T22:54:16.711-05:00 level=INFO msg="🔍 Checking JSONL content hash AFTER pull (fix: auto-pull-not-pulling)"
time=2026-02-22T22:54:16.712-05:00 level=INFO msg="JSONL content changed, proceeding with operation..." mode=auto-import
time=2026-02-22T22:54:16.791-05:00 level=INFO msg="Import failed" error="parent issue ac-4olo does not exist"
time=2026-02-22T22:54:17.699-05:00 level=INFO msg="Import triggered by file change"
time=2026-02-22T22:54:17.750-05:00 level=INFO msg="Starting auto-import" mode=auto-import
time=2026-02-22T22:54:18.224-05:00 level=INFO msg="File change detected" path=/Users/matthew/s-proj/main/.git/beads-worktrees/beads-sync/.beads/issues.jsonl
time=2026-02-22T22:54:18.236-05:00 level=INFO msg="Pulled sync branch" branch=beads-sync fast_forward=false merged=false
time=2026-02-22T22:54:18.236-05:00 level=INFO msg="🔍 Checking JSONL content hash AFTER pull (fix: auto-pull-not-pulling)"
time=2026-02-22T22:54:18.237-05:00 level=INFO msg="JSONL content changed, proceeding with operation..." mode=auto-import
time=2026-02-22T22:54:18.315-05:00 level=INFO msg="Import failed" error="parent issue ac-4olo does not exist"
time=2026-02-22T22:54:19.226-05:00 level=INFO msg="Import triggered by file change"
time=2026-02-22T22:54:19.290-05:00 level=INFO msg="Starting auto-import" mode=auto-import
time=2026-02-22T22:54:19.752-05:00 level=INFO msg="File change detected" path=/Users/matthew/s-proj/main/.git/beads-worktrees/beads-sync/.beads/issues.jsonl
time=2026-02-22T22:54:19.766-05:00 level=INFO msg="Pulled sync branch" branch=beads-sync fast_forward=false merged=false
time=2026-02-22T22:54:19.766-05:00 level=INFO msg="🔍 Checking JSONL content hash AFTER pull (fix: auto-pull-not-pulling)"
time=2026-02-22T22:54:19.767-05:00 level=INFO msg="JSONL content changed, proceeding with operation..." mode=auto-import
time=2026-02-22T22:54:19.844-05:00 level=INFO msg="Import failed" error="parent issue ac-4olo does not exist"
time=2026-02-22T22:54:20.754-05:00 level=INFO msg="Import triggered by file change"
time=2026-02-22T22:54:20.824-05:00 level=INFO msg="Starting auto-import" mode=auto-import
time=2026-02-22T22:54:21.332-05:00 level=INFO msg="File change detected" path=/Users/matthew/s-proj/main/.git/beads-worktrees/beads-sync/.beads/issues.jsonl
time=2026-02-22T22:54:21.354-05:00 level=INFO msg="Pulled sync branch" branch=beads-sync fast_forward=false merged=false
time=2026-02-22T22:54:21.354-05:00 level=INFO msg="🔍 Checking JSONL content hash AFTER pull (fix: auto-pull-not-pulling)"
time=2026-02-22T22:54:21.359-05:00 level=INFO msg="JSONL content changed, proceeding with operation..." mode=auto-import
time=2026-02-22T22:54:21.474-05:00 level=INFO msg="Import failed" error="parent issue ac-4olo does not exist"
time=2026-02-22T22:54:22.336-05:00 level=INFO msg="Import triggered by file change"
time=2026-02-22T22:54:22.362-05:00 level=INFO msg="Starting auto-import" mode=auto-import
time=2026-02-22T22:54:22.815-05:00 level=INFO msg="File change detected" path=/Users/matthew/s-proj/main/.git/beads-worktrees/beads-sync/.beads/issues.jsonl
time=2026-02-22T22:54:22.828-05:00 level=INFO msg="Pulled sync branch" branch=beads-sync fast_forward=false merged=false
time=2026-02-22T22:54:22.828-05:00 level=INFO msg="🔍 Checking JSONL content hash AFTER pull (fix: auto-pull-not-pulling)"
time=2026-02-22T22:54:22.829-05:00 level=INFO msg="JSONL content changed, proceeding with operation..." mode=auto-import
time=2026-02-22T22:54:22.908-05:00 level=INFO msg="Import failed" error="parent issue ac-4olo does not exist"
time=2026-02-22T22:54:23.817-05:00 level=INFO msg="Import triggered by file change"
time=2026-02-22T22:54:23.866-05:00 level=INFO msg="Starting auto-import" mode=auto-import
time=2026-02-22T22:54:24.297-05:00 level=INFO msg="File change detected" path=/Users/matthew/s-proj/main/.git/beads-worktrees/beads-sync/.beads/issues.jsonl
time=2026-02-22T22:54:24.310-05:00 level=INFO msg="Pulled sync branch" branch=beads-sync fast_forward=false merged=false
time=2026-02-22T22:54:24.310-05:00 level=INFO msg="🔍 Checking JSONL content hash AFTER pull (fix: auto-pull-not-pulling)"
time=2026-02-22T22:54:24.311-05:00 level=INFO msg="JSONL content changed, proceeding with operation..." mode=auto-import
time=2026-02-22T22:54:24.388-05:00 level=INFO msg="Import failed" error="parent issue ac-4olo does not exist"
time=2026-02-22T22:54:25.301-05:00 level=INFO msg="Import triggered by file change"
time=2026-02-22T22:54:25.335-05:00 level=INFO msg="Starting auto-import" mode=auto-import
time=2026-02-22T22:54:25.761-05:00 level=INFO msg="File change detected" path=/Users/matthew/s-proj/main/.git/beads-worktrees/beads-sync/.beads/issues.jsonl
time=2026-02-22T22:54:25.774-05:00 level=INFO msg="Pulled sync branch" branch=beads-sync fast_forward=false merged=false
time=2026-02-22T22:54:25.774-05:00 level=INFO msg="🔍 Checking JSONL content hash AFTER pull (fix: auto-pull-not-pulling)"
time=2026-02-22T22:54:25.774-05:00 level=INFO msg="JSONL content changed, proceeding with operation..." mode=auto-import
time=2026-02-22T22:54:25.850-05:00 level=INFO msg="Import failed" error="parent issue ac-4olo does not exist"
time=2026-02-22T22:54:26.768-05:00 level=INFO msg="Import triggered by file change"
time=2026-02-22T22:54:26.802-05:00 level=INFO msg="Starting auto-import" mode=auto-import
time=2026-02-22T22:54:27.395-05:00 level=INFO msg="File change detected" path=/Users/matthew/s-proj/main/.git/beads-worktrees/beads-sync/.beads/issues.jsonl
time=2026-02-22T22:54:27.414-05:00 level=INFO msg="Pulled sync branch" branch=beads-sync fast_forward=false merged=false
time=2026-02-22T22:54:27.414-05:00 level=INFO msg="🔍 Checking JSONL content hash AFTER pull (fix: auto-pull-not-pulling)"
time=2026-02-22T22:54:27.418-05:00 level=INFO msg="JSONL content changed, proceeding with operation..." mode=auto-import
time=2026-02-22T22:54:27.540-05:00 level=INFO msg="Import failed" error="parent issue ac-4olo does not exist"
time=2026-02-22T22:54:28.397-05:00 level=INFO msg="Import triggered by file change"
time=2026-02-22T22:54:28.427-05:00 level=INFO msg="Starting auto-import" mode=auto-import
time=2026-02-22T22:54:28.855-05:00 level=INFO msg="File change detected" path=/Users/matthew/s-proj/main/.git/beads-worktrees/beads-sync/.beads/issues.jsonl
time=2026-02-22T22:54:28.867-05:00 level=INFO msg="Pulled sync branch" branch=beads-sync fast_forward=false merged=false
time=2026-02-22T22:54:28.867-05:00 level=INFO msg="🔍 Checking JSONL content hash AFTER pull (fix: auto-pull-not-pulling)"
time=2026-02-22T22:54:28.868-05:00 level=INFO msg="JSONL content changed, proceeding with operation..." mode=auto-import
time=2026-02-22T22:54:28.944-05:00 level=INFO msg="Import failed" error="parent issue ac-4olo does not exist"
time=2026-02-22T22:54:29.856-05:00 level=INFO msg="Import triggered by file change"
time=2026-02-22T22:54:29.882-05:00 level=INFO msg="Starting auto-import" mode=auto-import
time=2026-02-22T22:54:30.454-05:00 level=INFO msg="File change detected" path=/Users/matthew/s-proj/main/.git/beads-worktrees/beads-sync/.beads/issues.jsonl
time=2026-02-22T22:54:30.466-05:00 level=INFO msg="Pulled sync branch" branch=beads-sync fast_forward=false merged=false
time=2026-02-22T22:54:30.466-05:00 level=INFO msg="🔍 Checking JSONL content hash AFTER pull (fix: auto-pull-not-pulling)"
time=2026-02-22T22:54:30.467-05:00 level=INFO msg="JSONL content changed, proceeding with operation..." mode=auto-import
time=2026-02-22T22:54:30.544-05:00 level=INFO msg="Import failed" error="parent issue ac-4olo does not exist"
time=2026-02-22T22:54:31.456-05:00 level=INFO msg="Import triggered by file change"
time=2026-02-22T22:54:31.503-05:00 level=INFO msg="Starting auto-import" mode=auto-import
time=2026-02-22T22:54:31.921-05:00 level=INFO msg="File change detected" path=/Users/matthew/s-proj/main/.git/beads-worktrees/beads-sync/.beads/issues.jsonl
time=2026-02-22T22:54:31.935-05:00 level=INFO msg="Pulled sync branch" branch=beads-sync fast_forward=false merged=false
time=2026-02-22T22:54:31.936-05:00 level=INFO msg="🔍 Checking JSONL content hash AFTER pull (fix: auto-pull-not-pulling)"
time=2026-02-22T22:54:31.937-05:00 level=INFO msg="JSONL content changed, proceeding with operation..." mode=auto-import
time=2026-02-22T22:54:32.016-05:00 level=INFO msg="Import failed" error="parent issue ac-4olo does not exist"
time=2026-02-22T22:54:32.923-05:00 level=INFO msg="Import triggered by file change"
time=2026-02-22T22:54:32.955-05:00 level=INFO msg="Starting auto-import" mode=auto-import
time=2026-02-22T22:54:33.433-05:00 level=INFO msg="File change detected" path=/Users/matthew/s-proj/main/.git/beads-worktrees/beads-sync/.beads/issues.jsonl
time=2026-02-22T22:54:33.446-05:00 level=INFO msg="Pulled sync branch" branch=beads-sync fast_forward=false merged=false
time=2026-02-22T22:54:33.446-05:00 level=INFO msg="🔍 Checking JSONL content hash AFTER pull (fix: auto-pull-not-pulling)"
time=2026-02-22T22:54:33.448-05:00 level=INFO msg="JSONL content changed, proceeding with operation..." mode=auto-import
time=2026-02-22T22:54:33.524-05:00 level=INFO msg="Import failed" error="parent issue ac-4olo does not exist"
time=2026-02-22T22:54:34.435-05:00 level=INFO msg="Import triggered by file change"
time=2026-02-22T22:54:34.467-05:00 level=INFO msg="Starting auto-import" mode=auto-import
time=2026-02-22T22:54:34.908-05:00 level=INFO msg="File change detected" path=/Users/matthew/s-proj/main/.git/beads-worktrees/beads-sync/.beads/issues.jsonl
time=2026-02-22T22:54:34.917-05:00 level=INFO msg="Pulled sync branch" branch=beads-sync fast_forward=false merged=false
time=2026-02-22T22:54:34.917-05:00 level=INFO msg="🔍 Checking JSONL content hash AFTER pull (fix: auto-pull-not-pulling)"
time=2026-02-22T22:54:34.919-05:00 level=INFO msg="JSONL content changed, proceeding with operation..." mode=auto-import
time=2026-02-22T22:54:34.994-05:00 level=INFO msg="Import failed" error="parent issue ac-4olo does not exist"
time=2026-02-22T22:54:35.910-05:00 level=INFO msg="Import triggered by file change"
time=2026-02-22T22:54:35.941-05:00 level=INFO msg="Starting auto-import" mode=auto-import
time=2026-02-22T22:54:36.380-05:00 level=INFO msg="File change detected" path=/Users/matthew/s-proj/main/.git/beads-worktrees/beads-sync/.beads/issues.jsonl
time=2026-02-22T22:54:36.393-05:00 level=INFO msg="Pulled sync branch" branch=beads-sync fast_forward=false merged=false
time=2026-02-22T22:54:36.393-05:00 level=INFO msg="🔍 Checking JSONL content hash AFTER pull (fix: auto-pull-not-pulling)"
time=2026-02-22T22:54:36.395-05:00 level=INFO msg="JSONL content changed, proceeding with operation..." mode=auto-import
time=2026-02-22T22:54:36.474-05:00 level=INFO msg="Import failed" error="parent issue ac-4olo does not exist"
time=2026-02-22T22:54:37.382-05:00 level=INFO msg="Import triggered by file change"
time=2026-02-22T22:54:37.407-05:00 level=INFO msg="Starting auto-import" mode=auto-import
time=2026-02-22T22:54:37.848-05:00 level=INFO msg="File change detected" path=/Users/matthew/s-proj/main/.git/beads-worktrees/beads-sync/.beads/issues.jsonl
time=2026-02-22T22:54:37.863-05:00 level=INFO msg="Pulled sync branch" branch=beads-sync fast_forward=false merged=false
time=2026-02-22T22:54:37.863-05:00 level=INFO msg="🔍 Checking JSONL content hash AFTER pull (fix: auto-pull-not-pulling)"
time=2026-02-22T22:54:37.864-05:00 level=INFO msg="JSONL content changed, proceeding with operation..." mode=auto-import
time=2026-02-22T22:54:37.943-05:00 level=INFO msg="Import failed" error="parent issue ac-4olo does not exist"
time=2026-02-22T22:54:38.851-05:00 level=INFO msg="Import triggered by file change"
time=2026-02-22T22:54:38.881-05:00 level=INFO msg="Starting auto-import" mode=auto-import
time=2026-02-22T22:54:39.323-05:00 level=INFO msg="File change detected" path=/Users/matthew/s-proj/main/.git/beads-worktrees/beads-sync/.beads/issues.jsonl
time=2026-02-22T22:54:39.337-05:00 level=INFO msg="Pulled sync branch" branch=beads-sync fast_forward=false merged=false
time=2026-02-22T22:54:39.337-05:00 level=INFO msg="🔍 Checking JSONL content hash AFTER pull (fix: auto-pull-not-pulling)"
time=2026-02-22T22:54:39.338-05:00 level=INFO msg="JSONL content changed, proceeding with operation..." mode=auto-import
time=2026-02-22T22:54:39.416-05:00 level=INFO msg="Import failed" error="parent issue ac-4olo does not exist"
time=2026-02-22T22:54:40.326-05:00 level=INFO msg="Import triggered by file change"
time=2026-02-22T22:54:40.373-05:00 level=INFO msg="Starting auto-import" mode=auto-import
time=2026-02-22T22:54:40.806-05:00 level=INFO msg="File change detected" path=/Users/matthew/s-proj/main/.git/beads-worktrees/beads-sync/.beads/issues.jsonl
time=2026-02-22T22:54:40.819-05:00 level=INFO msg="Pulled sync branch" branch=beads-sync fast_forward=false merged=false
time=2026-02-22T22:54:40.819-05:00 level=INFO msg="🔍 Checking JSONL content hash AFTER pull (fix: auto-pull-not-pulling)"
time=2026-02-22T22:54:40.821-05:00 level=INFO msg="JSONL content changed, proceeding with operation..." mode=auto-import
time=2026-02-22T22:54:40.897-05:00 level=INFO msg="Import failed" error="parent issue ac-4olo does not exist"
time=2026-02-22T22:54:41.808-05:00 level=INFO msg="Import triggered by file change"
time=2026-02-22T22:54:41.837-05:00 level=INFO msg="Starting auto-import" mode=auto-import
time=2026-02-22T22:54:42.292-05:00 level=INFO msg="File change detected" path=/Users/matthew/s-proj/main/.git/beads-worktrees/beads-sync/.beads/issues.jsonl
time=2026-02-22T22:54:42.308-05:00 level=INFO msg="Pulled sync branch" branch=beads-sync fast_forward=false merged=false
time=2026-02-22T22:54:42.308-05:00 level=INFO msg="🔍 Checking JSONL content hash AFTER pull (fix: auto-pull-not-pulling)"
time=2026-02-22T22:54:42.309-05:00 level=INFO msg="JSONL content changed, proceeding with operation..." mode=auto-import
time=2026-02-22T22:54:42.386-05:00 level=INFO msg="Import failed" error="parent issue ac-4olo does not exist"
time=2026-02-22T22:54:43.294-05:00 level=INFO msg="Import triggered by file change"
time=2026-02-22T22:54:43.340-05:00 level=INFO msg="Starting auto-import" mode=auto-import
time=2026-02-22T22:54:43.742-05:00 level=INFO msg="File change detected" path=/Users/matthew/s-proj/main/.git/beads-worktrees/beads-sync/.beads/issues.jsonl
time=2026-02-22T22:54:43.758-05:00 level=INFO msg="Pulled sync branch" branch=beads-sync fast_forward=false merged=false
time=2026-02-22T22:54:43.758-05:00 level=INFO msg="🔍 Checking JSONL content hash AFTER pull (fix: auto-pull-not-pulling)"
time=2026-02-22T22:54:43.759-05:00 level=INFO msg="JSONL content changed, proceeding with operation..." mode=auto-import
time=2026-02-22T22:54:43.836-05:00 level=INFO msg="Import failed" error="parent issue ac-4olo does not exist"
time=2026-02-22T22:54:44.744-05:00 level=INFO msg="Import triggered by file change"
time=2026-02-22T22:54:44.777-05:00 level=INFO msg="Starting auto-import" mode=auto-import
time=2026-02-22T22:54:45.229-05:00 level=INFO msg="File change detected" path=/Users/matthew/s-proj/main/.git/beads-worktrees/beads-sync/.beads/issues.jsonl
time=2026-02-22T22:54:45.244-05:00 level=INFO msg="Pulled sync branch" branch=beads-sync fast_forward=false merged=false
time=2026-02-22T22:54:45.244-05:00 level=INFO msg="🔍 Checking JSONL content hash AFTER pull (fix: auto-pull-not-pulling)"
time=2026-02-22T22:54:45.246-05:00 level=INFO msg="JSONL content changed, proceeding with operation..." mode=auto-import
time=2026-02-22T22:54:45.322-05:00 level=INFO msg="Import failed" error="parent issue ac-4olo does not exist"
time=2026-02-22T22:54:46.238-05:00 level=INFO msg="Import triggered by file change"
time=2026-02-22T22:54:46.277-05:00 level=INFO msg="Starting auto-import" mode=auto-import
time=2026-02-22T22:54:46.697-05:00 level=INFO msg="File change detected" path=/Users/matthew/s-proj/main/.git/beads-worktrees/beads-sync/.beads/issues.jsonl
time=2026-02-22T22:54:46.710-05:00 level=INFO msg="Pulled sync branch" branch=beads-sync fast_forward=false merged=false
time=2026-02-22T22:54:46.710-05:00 level=INFO msg="🔍 Checking JSONL content hash AFTER pull (fix: auto-pull-not-pulling)"
time=2026-02-22T22:54:46.712-05:00 level=INFO msg="JSONL content changed, proceeding with operation..." mode=auto-import
time=2026-02-22T22:54:46.788-05:00 level=INFO msg="Import failed" error="parent issue ac-4olo does not exist"
time=2026-02-22T22:54:47.703-05:00 level=INFO msg="Import triggered by file change"
time=2026-02-22T22:54:47.738-05:00 level=INFO msg="Starting auto-import" mode=auto-import
time=2026-02-22T22:54:48.198-05:00 level=INFO msg="File change detected" path=/Users/matthew/s-proj/main/.git/beads-worktrees/beads-sync/.beads/issues.jsonl
time=2026-02-22T22:54:48.215-05:00 level=INFO msg="Pulled sync branch" branch=beads-sync fast_forward=false merged=false
time=2026-02-22T22:54:48.215-05:00 level=INFO msg="🔍 Checking JSONL content hash AFTER pull (fix: auto-pull-not-pulling)"
time=2026-02-22T22:54:48.216-05:00 level=INFO msg="JSONL content changed, proceeding with operation..." mode=auto-import
time=2026-02-22T22:54:48.293-05:00 level=INFO msg="Import failed" error="parent issue ac-4olo does not exist"
time=2026-02-22T22:54:49.201-05:00 level=INFO msg="Import triggered by file change"
time=2026-02-22T22:54:49.247-05:00 level=INFO msg="Starting auto-import" mode=auto-import
time=2026-02-22T22:54:49.677-05:00 level=INFO msg="File change detected" path=/Users/matthew/s-proj/main/.git/beads-worktrees/beads-sync/.beads/issues.jsonl
time=2026-02-22T22:54:49.689-05:00 level=INFO msg="Pulled sync branch" branch=beads-sync fast_forward=false merged=false
time=2026-02-22T22:54:49.690-05:00 level=INFO msg="🔍 Checking JSONL content hash AFTER pull (fix: auto-pull-not-pulling)"
time=2026-02-22T22:54:49.691-05:00 level=INFO msg="JSONL content changed, proceeding with operation..." mode=auto-import
time=2026-02-22T22:54:49.767-05:00 level=INFO msg="Import failed" error="parent issue ac-4olo does not exist"
time=2026-02-22T22:54:50.679-05:00 level=INFO msg="Import triggered by file change"
time=2026-02-22T22:54:50.723-05:00 level=INFO msg="Starting auto-import" mode=auto-import
time=2026-02-22T22:54:51.156-05:00 level=INFO msg="File change detected" path=/Users/matthew/s-proj/main/.git/beads-worktrees/beads-sync/.beads/issues.jsonl
time=2026-02-22T22:54:51.167-05:00 level=INFO msg="Pulled sync branch" branch=beads-sync fast_forward=false merged=false
time=2026-02-22T22:54:51.167-05:00 level=INFO msg="🔍 Checking JSONL content hash AFTER pull (fix: auto-pull-not-pulling)"
time=2026-02-22T22:54:51.169-05:00 level=INFO msg="JSONL content changed, proceeding with operation..." mode=auto-import
time=2026-02-22T22:54:51.245-05:00 level=INFO msg="Import failed" error="parent issue ac-4olo does not exist"
time=2026-02-22T22:54:52.157-05:00 level=INFO msg="Import triggered by file change"
time=2026-02-22T22:54:52.192-05:00 level=INFO msg="Starting auto-import" mode=auto-import
time=2026-02-22T22:54:52.648-05:00 level=INFO msg="File change detected" path=/Users/matthew/s-proj/main/.git/beads-worktrees/beads-sync/.beads/issues.jsonl
time=2026-02-22T22:54:52.662-05:00 level=INFO msg="Pulled sync branch" branch=beads-sync fast_forward=false merged=false
time=2026-02-22T22:54:52.662-05:00 level=INFO msg="🔍 Checking JSONL content hash AFTER pull (fix: auto-pull-not-pulling)"
time=2026-02-22T22:54:52.663-05:00 level=INFO msg="JSONL content changed, proceeding with operation..." mode=auto-import
time=2026-02-22T22:54:52.738-05:00 level=INFO msg="Import failed" error="parent issue ac-4olo does not exist"
time=2026-02-22T22:54:53.651-05:00 level=INFO msg="Import triggered by file change"
time=2026-02-22T22:54:53.698-05:00 level=INFO msg="Starting auto-import" mode=auto-import
time=2026-02-22T22:54:54.137-05:00 level=INFO msg="File change detected" path=/Users/matthew/s-proj/main/.git/beads-worktrees/beads-sync/.beads/issues.jsonl
time=2026-02-22T22:54:54.152-05:00 level=INFO msg="Pulled sync branch" branch=beads-sync fast_forward=false merged=false
time=2026-02-22T22:54:54.152-05:00 level=INFO msg="🔍 Checking JSONL content hash AFTER pull (fix: auto-pull-not-pulling)"
time=2026-02-22T22:54:54.153-05:00 level=INFO msg="JSONL content changed, proceeding with operation..." mode=auto-import
time=2026-02-22T22:54:54.229-05:00 level=INFO msg="Import failed" error="parent issue ac-4olo does not exist"
time=2026-02-22T22:54:55.140-05:00 level=INFO msg="Import triggered by file change"
time=2026-02-22T22:54:55.173-05:00 level=INFO msg="Starting auto-import" mode=auto-import
time=2026-02-22T22:54:55.605-05:00 level=INFO msg="File change detected" path=/Users/matthew/s-proj/main/.git/beads-worktrees/beads-sync/.beads/issues.jsonl
time=2026-02-22T22:54:55.615-05:00 level=INFO msg="Pulled sync branch" branch=beads-sync fast_forward=false merged=false
time=2026-02-22T22:54:55.615-05:00 level=INFO msg="🔍 Checking JSONL content hash AFTER pull (fix: auto-pull-not-pulling)"
time=2026-02-22T22:54:55.616-05:00 level=INFO msg="JSONL content changed, proceeding with operation..." mode=auto-import
time=2026-02-22T22:54:55.692-05:00 level=INFO msg="Import failed" error="parent issue ac-4olo does not exist"
time=2026-02-22T22:54:56.606-05:00 level=INFO msg="Import triggered by file change"
time=2026-02-22T22:54:56.645-05:00 level=INFO msg="Starting auto-import" mode=auto-import
time=2026-02-22T22:54:57.148-05:00 level=INFO msg="File change detected" path=/Users/matthew/s-proj/main/.git/beads-worktrees/beads-sync/.beads/issues.jsonl
time=2026-02-22T22:54:57.160-05:00 level=INFO msg="Pulled sync branch" branch=beads-sync fast_forward=false merged=false
time=2026-02-22T22:54:57.160-05:00 level=INFO msg="🔍 Checking JSONL content hash AFTER pull (fix: auto-pull-not-pulling)"
time=2026-02-22T22:54:57.162-05:00 level=INFO msg="JSONL content changed, proceeding with operation..." mode=auto-import
time=2026-02-22T22:54:57.240-05:00 level=INFO msg="Import failed" error="parent issue ac-4olo does not exist"
time=2026-02-22T22:54:58.151-05:00 level=INFO msg="Import triggered by file change"
time=2026-02-22T22:54:58.193-05:00 level=INFO msg="Starting auto-import" mode=auto-import
time=2026-02-22T22:54:58.591-05:00 level=INFO msg="File change detected" path=/Users/matthew/s-proj/main/.git/beads-worktrees/beads-sync/.beads/issues.jsonl
time=2026-02-22T22:54:58.602-05:00 level=INFO msg="Pulled sync branch" branch=beads-sync fast_forward=false merged=false
time=2026-02-22T22:54:58.602-05:00 level=INFO msg="🔍 Checking JSONL content hash AFTER pull (fix: auto-pull-not-pulling)"
time=2026-02-22T22:54:58.604-05:00 level=INFO msg="JSONL content changed, proceeding with operation..." mode=auto-import
time=2026-02-22T22:54:58.683-05:00 level=INFO msg="Import failed" error="parent issue ac-4olo does not exist"
time=2026-02-22T22:54:59.592-05:00 level=INFO msg="Import triggered by file change"
time=2026-02-22T22:54:59.639-05:00 level=INFO msg="Starting auto-import" mode=auto-import
time=2026-02-22T22:55:00.071-05:00 level=INFO msg="File change detected" path=/Users/matthew/s-proj/main/.git/beads-worktrees/beads-sync/.beads/issues.jsonl
time=2026-02-22T22:55:00.090-05:00 level=INFO msg="Pulled sync branch" branch=beads-sync fast_forward=false merged=false
time=2026-02-22T22:55:00.090-05:00 level=INFO msg="🔍 Checking JSONL content hash AFTER pull (fix: auto-pull-not-pulling)"
time=2026-02-22T22:55:00.092-05:00 level=INFO msg="JSONL content changed, proceeding with operation..." mode=auto-import
time=2026-02-22T22:55:00.169-05:00 level=INFO msg="Import failed" error="parent issue ac-4olo does not exist"
time=2026-02-22T22:55:01.074-05:00 level=INFO msg="Import triggered by file change"
time=2026-02-22T22:55:01.117-05:00 level=INFO msg="Starting auto-import" mode=auto-import
time=2026-02-22T22:55:01.543-05:00 level=INFO msg="File change detected" path=/Users/matthew/s-proj/main/.git/beads-worktrees/beads-sync/.beads/issues.jsonl
time=2026-02-22T22:55:01.555-05:00 level=INFO msg="Pulled sync branch" branch=beads-sync fast_forward=false merged=false
time=2026-02-22T22:55:01.555-05:00 level=INFO msg="🔍 Checking JSONL content hash AFTER pull (fix: auto-pull-not-pulling)"
time=2026-02-22T22:55:01.556-05:00 level=INFO msg="JSONL content changed, proceeding with operation..." mode=auto-import
time=2026-02-22T22:55:01.635-05:00 level=INFO msg="Import failed" error="parent issue ac-4olo does not exist"
time=2026-02-22T22:55:02.546-05:00 level=INFO msg="Import triggered by file change"
time=2026-02-22T22:55:02.577-05:00 level=INFO msg="Starting auto-import" mode=auto-import
time=2026-02-22T22:55:03.020-05:00 level=INFO msg="File change detected" path=/Users/matthew/s-proj/main/.git/beads-worktrees/beads-sync/.beads/issues.jsonl
time=2026-02-22T22:55:03.033-05:00 level=INFO msg="Pulled sync branch" branch=beads-sync fast_forward=false merged=false
time=2026-02-22T22:55:03.033-05:00 level=INFO msg="🔍 Checking JSONL content hash AFTER pull (fix: auto-pull-not-pulling)"
time=2026-02-22T22:55:03.035-05:00 level=INFO msg="JSONL content changed, proceeding with operation..." mode=auto-import
time=2026-02-22T22:55:03.112-05:00 level=INFO msg="Import failed" error="parent issue ac-4olo does not exist"
time=2026-02-22T22:55:04.022-05:00 level=INFO msg="Import triggered by file change"
time=2026-02-22T22:55:04.080-05:00 level=INFO msg="Starting auto-import" mode=auto-import
time=2026-02-22T22:55:04.548-05:00 level=INFO msg="File change detected" path=/Users/matthew/s-proj/main/.git/beads-worktrees/beads-sync/.beads/issues.jsonl
time=2026-02-22T22:55:04.568-05:00 level=INFO msg="Pulled sync branch" branch=beads-sync fast_forward=false merged=false
time=2026-02-22T22:55:04.568-05:00 level=INFO msg="🔍 Checking JSONL content hash AFTER pull (fix: auto-pull-not-pulling)"
time=2026-02-22T22:55:04.569-05:00 level=INFO msg="JSONL content changed, proceeding with operation..." mode=auto-import
time=2026-02-22T22:55:04.654-05:00 level=INFO msg="Import failed" error="parent issue ac-4olo does not exist"
time=2026-02-22T22:55:05.551-05:00 level=INFO msg="Import triggered by file change"
time=2026-02-22T22:55:05.586-05:00 level=INFO msg="Starting auto-import" mode=auto-import
time=2026-02-22T22:55:06.020-05:00 level=INFO msg="File change detected" path=/Users/matthew/s-proj/main/.git/beads-worktrees/beads-sync/.beads/issues.jsonl
time=2026-02-22T22:55:06.032-05:00 level=INFO msg="Pulled sync branch" branch=beads-sync fast_forward=false merged=false
time=2026-02-22T22:55:06.032-05:00 level=INFO msg="🔍 Checking JSONL content hash AFTER pull (fix: auto-pull-not-pulling)"
time=2026-02-22T22:55:06.034-05:00 level=INFO msg="JSONL content changed, proceeding with operation..." mode=auto-import
time=2026-02-22T22:55:06.110-05:00 level=INFO msg="Import failed" error="parent issue ac-4olo does not exist"
time=2026-02-22T22:55:07.022-05:00 level=INFO msg="Import triggered by file change"
time=2026-02-22T22:55:07.058-05:00 level=INFO msg="Starting auto-import" mode=auto-import
time=2026-02-22T22:55:07.546-05:00 level=INFO msg="File change detected" path=/Users/matthew/s-proj/main/.git/beads-worktrees/beads-sync/.beads/issues.jsonl
time=2026-02-22T22:55:07.558-05:00 level=INFO msg="Pulled sync branch" branch=beads-sync fast_forward=false merged=false
time=2026-02-22T22:55:07.558-05:00 level=INFO msg="🔍 Checking JSONL content hash AFTER pull (fix: auto-pull-not-pulling)"
time=2026-02-22T22:55:07.559-05:00 level=INFO msg="JSONL content changed, proceeding with operation..." mode=auto-import
time=2026-02-22T22:55:07.636-05:00 level=INFO msg="Import failed" error="parent issue ac-4olo does not exist"
time=2026-02-22T22:55:08.548-05:00 level=INFO msg="Import triggered by file change"
time=2026-02-22T22:55:08.583-05:00 level=INFO msg="Starting auto-import" mode=auto-import
time=2026-02-22T22:55:09.025-05:00 level=INFO msg="File change detected" path=/Users/matthew/s-proj/main/.git/beads-worktrees/beads-sync/.beads/issues.jsonl
time=2026-02-22T22:55:09.039-05:00 level=INFO msg="Pulled sync branch" branch=beads-sync fast_forward=false merged=false
time=2026-02-22T22:55:09.039-05:00 level=INFO msg="🔍 Checking JSONL content hash AFTER pull (fix: auto-pull-not-pulling)"
time=2026-02-22T22:55:09.040-05:00 level=INFO msg="JSONL content changed, proceeding with operation..." mode=auto-import
time=2026-02-22T22:55:09.117-05:00 level=INFO msg="Import failed" error="parent issue ac-4olo does not exist"
time=2026-02-22T22:55:10.028-05:00 level=INFO msg="Import triggered by file change"
time=2026-02-22T22:55:10.074-05:00 level=INFO msg="Starting auto-import" mode=auto-import
time=2026-02-22T22:55:10.507-05:00 level=INFO msg="File change detected" path=/Users/matthew/s-proj/main/.git/beads-worktrees/beads-sync/.beads/issues.jsonl
time=2026-02-22T22:55:10.520-05:00 level=INFO msg="Pulled sync branch" branch=beads-sync fast_forward=false merged=false
time=2026-02-22T22:55:10.520-05:00 level=INFO msg="🔍 Checking JSONL content hash AFTER pull (fix: auto-pull-not-pulling)"
time=2026-02-22T22:55:10.521-05:00 level=INFO msg="JSONL content changed, proceeding with operation..." mode=auto-import
time=2026-02-22T22:55:10.598-05:00 level=INFO msg="Import failed" error="parent issue ac-4olo does not exist"
time=2026-02-22T22:55:11.509-05:00 level=INFO msg="Import triggered by file change"
time=2026-02-22T22:55:11.549-05:00 level=INFO msg="Starting auto-import" mode=auto-import
time=2026-02-22T22:55:11.969-05:00 level=INFO msg="File change detected" path=/Users/matthew/s-proj/main/.git/beads-worktrees/beads-sync/.beads/issues.jsonl
time=2026-02-22T22:55:11.981-05:00 level=INFO msg="Pulled sync branch" branch=beads-sync fast_forward=false merged=false
time=2026-02-22T22:55:11.981-05:00 level=INFO msg="🔍 Checking JSONL content hash AFTER pull (fix: auto-pull-not-pulling)"
time=2026-02-22T22:55:11.982-05:00 level=INFO msg="JSONL content changed, proceeding with operation..." mode=auto-import
time=2026-02-22T22:55:12.057-05:00 level=INFO msg="Import failed" error="parent issue ac-4olo does not exist"
time=2026-02-22T22:55:12.972-05:00 level=INFO msg="Import triggered by file change"
time=2026-02-22T22:55:13.017-05:00 level=INFO msg="Starting auto-import" mode=auto-import
time=2026-02-22T22:55:13.440-05:00 level=INFO msg="File change detected" path=/Users/matthew/s-proj/main/.git/beads-worktrees/beads-sync/.beads/issues.jsonl
time=2026-02-22T22:55:13.450-05:00 level=INFO msg="Pulled sync branch" branch=beads-sync fast_forward=false merged=false
time=2026-02-22T22:55:13.451-05:00 level=INFO msg="🔍 Checking JSONL content hash AFTER pull (fix: auto-pull-not-pulling)"
time=2026-02-22T22:55:13.451-05:00 level=INFO msg="JSONL content changed, proceeding with operation..." mode=auto-import
time=2026-02-22T22:55:13.530-05:00 level=INFO msg="Import failed" error="parent issue ac-4olo does not exist"
time=2026-02-22T22:55:14.443-05:00 level=INFO msg="Import triggered by file change"
time=2026-02-22T22:55:14.476-05:00 level=INFO msg="Starting auto-import" mode=auto-import
time=2026-02-22T22:55:14.931-05:00 level=INFO msg="File change detected" path=/Users/matthew/s-proj/main/.git/beads-worktrees/beads-sync/.beads/issues.jsonl
time=2026-02-22T22:55:14.944-05:00 level=INFO msg="Pulled sync branch" branch=beads-sync fast_forward=false merged=false
time=2026-02-22T22:55:14.944-05:00 level=INFO msg="🔍 Checking JSONL content hash AFTER pull (fix: auto-pull-not-pulling)"
time=2026-02-22T22:55:14.945-05:00 level=INFO msg="JSONL content changed, proceeding with operation..." mode=auto-import
time=2026-02-22T22:55:15.023-05:00 level=INFO msg="Import failed" error="parent issue ac-4olo does not exist"
time=2026-02-22T22:55:15.936-05:00 level=INFO msg="Import triggered by file change"
time=2026-02-22T22:55:15.978-05:00 level=INFO msg="Starting auto-import" mode=auto-import
time=2026-02-22T22:55:16.406-05:00 level=INFO msg="File change detected" path=/Users/matthew/s-proj/main/.git/beads-worktrees/beads-sync/.beads/issues.jsonl
time=2026-02-22T22:55:16.421-05:00 level=INFO msg="Pulled sync branch" branch=beads-sync fast_forward=false merged=false
time=2026-02-22T22:55:16.421-05:00 level=INFO msg="🔍 Checking JSONL content hash AFTER pull (fix: auto-pull-not-pulling)"
time=2026-02-22T22:55:16.422-05:00 level=INFO msg="JSONL content changed, proceeding with operation..." mode=auto-import
time=2026-02-22T22:55:16.499-05:00 level=INFO msg="Import failed" error="parent issue ac-4olo does not exist"
time=2026-02-22T22:55:17.410-05:00 level=INFO msg="Import triggered by file change"
time=2026-02-22T22:55:17.446-05:00 level=INFO msg="Starting auto-import" mode=auto-import
time=2026-02-22T22:55:17.878-05:00 level=INFO msg="File change detected" path=/Users/matthew/s-proj/main/.git/beads-worktrees/beads-sync/.beads/issues.jsonl
time=2026-02-22T22:55:17.893-05:00 level=INFO msg="Pulled sync branch" branch=beads-sync fast_forward=false merged=false
time=2026-02-22T22:55:17.893-05:00 level=INFO msg="🔍 Checking JSONL content hash AFTER pull (fix: auto-pull-not-pulling)"
time=2026-02-22T22:55:17.894-05:00 level=INFO msg="JSONL content changed, proceeding with operation..." mode=auto-import
time=2026-02-22T22:55:17.970-05:00 level=INFO msg="Import failed" error="parent issue ac-4olo does not exist"
time=2026-02-22T22:55:18.881-05:00 level=INFO msg="Import triggered by file change"
time=2026-02-22T22:55:18.913-05:00 level=INFO msg="Starting auto-import" mode=auto-import
time=2026-02-22T22:55:19.359-05:00 level=INFO msg="File change detected" path=/Users/matthew/s-proj/main/.git/beads-worktrees/beads-sync/.beads/issues.jsonl
time=2026-02-22T22:55:19.372-05:00 level=INFO msg="Pulled sync branch" branch=beads-sync fast_forward=false merged=false
time=2026-02-22T22:55:19.372-05:00 level=INFO msg="🔍 Checking JSONL content hash AFTER pull (fix: auto-pull-not-pulling)"
time=2026-02-22T22:55:19.373-05:00 level=INFO msg="JSONL content changed, proceeding with operation..." mode=auto-import
time=2026-02-22T22:55:19.450-05:00 level=INFO msg="Import failed" error="parent issue ac-4olo does not exist"
time=2026-02-22T22:55:20.361-05:00 level=INFO msg="Import triggered by file change"
time=2026-02-22T22:55:20.402-05:00 level=INFO msg="Starting auto-import" mode=auto-import
time=2026-02-22T22:55:20.834-05:00 level=INFO msg="File change detected" path=/Users/matthew/s-proj/main/.git/beads-worktrees/beads-sync/.beads/issues.jsonl
time=2026-02-22T22:55:20.849-05:00 level=INFO msg="Pulled sync branch" branch=beads-sync fast_forward=false merged=false
time=2026-02-22T22:55:20.849-05:00 level=INFO msg="🔍 Checking JSONL content hash AFTER pull (fix: auto-pull-not-pulling)"
time=2026-02-22T22:55:20.851-05:00 level=INFO msg="JSONL content changed, proceeding with operation..." mode=auto-import
time=2026-02-22T22:55:20.928-05:00 level=INFO msg="Import failed" error="parent issue ac-4olo does not exist"
time=2026-02-22T22:55:21.836-05:00 level=INFO msg="Import triggered by file change"
time=2026-02-22T22:55:21.879-05:00 level=INFO msg="Starting auto-import" mode=auto-import
time=2026-02-22T22:55:22.309-05:00 level=INFO msg="File change detected" path=/Users/matthew/s-proj/main/.git/beads-worktrees/beads-sync/.beads/issues.jsonl
time=2026-02-22T22:55:22.322-05:00 level=INFO msg="Pulled sync branch" branch=beads-sync fast_forward=false merged=false
time=2026-02-22T22:55:22.322-05:00 level=INFO msg="🔍 Checking JSONL content hash AFTER pull (fix: auto-pull-not-pulling)"
time=2026-02-22T22:55:22.324-05:00 level=INFO msg="JSONL content changed, proceeding with operation..." mode=auto-import
time=2026-02-22T22:55:22.401-05:00 level=INFO msg="Import failed" error="parent issue ac-4olo does not exist"
time=2026-02-22T22:55:23.310-05:00 level=INFO msg="Import triggered by file change"
time=2026-02-22T22:55:23.344-05:00 level=INFO msg="Starting auto-import" mode=auto-import
time=2026-02-22T22:55:23.769-05:00 level=INFO msg="File change detected" path=/Users/matthew/s-proj/main/.git/beads-worktrees/beads-sync/.beads/issues.jsonl
time=2026-02-22T22:55:23.782-05:00 level=INFO msg="Pulled sync branch" branch=beads-sync fast_forward=false merged=false
time=2026-02-22T22:55:23.782-05:00 level=INFO msg="🔍 Checking JSONL content hash AFTER pull (fix: auto-pull-not-pulling)"
time=2026-02-22T22:55:23.783-05:00 level=INFO msg="JSONL content changed, proceeding with operation..." mode=auto-import
time=2026-02-22T22:55:23.860-05:00 level=INFO msg="Import failed" error="parent issue ac-4olo does not exist"
time=2026-02-22T22:55:24.770-05:00 level=INFO msg="Import triggered by file change"
time=2026-02-22T22:55:24.804-05:00 level=INFO msg="Starting auto-import" mode=auto-import
time=2026-02-22T22:55:25.227-05:00 level=INFO msg="File change detected" path=/Users/matthew/s-proj/main/.git/beads-worktrees/beads-sync/.beads/issues.jsonl
time=2026-02-22T22:55:25.241-05:00 level=INFO msg="Pulled sync branch" branch=beads-sync fast_forward=false merged=false
time=2026-02-22T22:55:25.241-05:00 level=INFO msg="🔍 Checking JSONL content hash AFTER pull (fix: auto-pull-not-pulling)"
time=2026-02-22T22:55:25.242-05:00 level=INFO msg="JSONL content changed, proceeding with operation..." mode=auto-import
time=2026-02-22T22:55:25.319-05:00 level=INFO msg="Import failed" error="parent issue ac-4olo does not exist"
time=2026-02-22T22:55:26.228-05:00 level=INFO msg="Import triggered by file change"
time=2026-02-22T22:55:26.261-05:00 level=INFO msg="Starting auto-import" mode=auto-import
time=2026-02-22T22:55:26.714-05:00 level=INFO msg="File change detected" path=/Users/matthew/s-proj/main/.git/beads-worktrees/beads-sync/.beads/issues.jsonl
time=2026-02-22T22:55:26.730-05:00 level=INFO msg="Pulled sync branch" branch=beads-sync fast_forward=false merged=false
time=2026-02-22T22:55:26.730-05:00 level=INFO msg="🔍 Checking JSONL content hash AFTER pull (fix: auto-pull-not-pulling)"
time=2026-02-22T22:55:26.731-05:00 level=INFO msg="JSONL content changed, proceeding with operation..." mode=auto-import
time=2026-02-22T22:55:26.808-05:00 level=INFO msg="Import failed" error="parent issue ac-4olo does not exist"
time=2026-02-22T22:55:27.723-05:00 level=INFO msg="Import triggered by file change"
time=2026-02-22T22:55:27.757-05:00 level=INFO msg="Starting auto-import" mode=auto-import
time=2026-02-22T22:55:28.192-05:00 level=INFO msg="File change detected" path=/Users/matthew/s-proj/main/.git/beads-worktrees/beads-sync/.beads/issues.jsonl
time=2026-02-22T22:55:28.204-05:00 level=INFO msg="Pulled sync branch" branch=beads-sync fast_forward=false merged=false
time=2026-02-22T22:55:28.204-05:00 level=INFO msg="🔍 Checking JSONL content hash AFTER pull (fix: auto-pull-not-pulling)"
time=2026-02-22T22:55:28.205-05:00 level=INFO msg="JSONL content changed, proceeding with operation..." mode=auto-import
time=2026-02-22T22:55:28.283-05:00 level=INFO msg="Import failed" error="parent issue ac-4olo does not exist"
time=2026-02-22T22:55:29.194-05:00 level=INFO msg="Import triggered by file change"
time=2026-02-22T22:55:29.237-05:00 level=INFO msg="Starting auto-import" mode=auto-import
time=2026-02-22T22:55:29.670-05:00 level=INFO msg="File change detected" path=/Users/matthew/s-proj/main/.git/beads-worktrees/beads-sync/.beads/issues.jsonl
time=2026-02-22T22:55:29.683-05:00 level=INFO msg="Pulled sync branch" branch=beads-sync fast_forward=false merged=false
time=2026-02-22T22:55:29.683-05:00 level=INFO msg="🔍 Checking JSONL content hash AFTER pull (fix: auto-pull-not-pulling)"
time=2026-02-22T22:55:29.685-05:00 level=INFO msg="JSONL content changed, proceeding with operation..." mode=auto-import
time=2026-02-22T22:55:29.762-05:00 level=INFO msg="Import failed" error="parent issue ac-4olo does not exist"
time=2026-02-22T22:55:30.672-05:00 level=INFO msg="Import triggered by file change"
time=2026-02-22T22:55:30.713-05:00 level=INFO msg="Starting auto-import" mode=auto-import
time=2026-02-22T22:55:31.144-05:00 level=INFO msg="File change detected" path=/Users/matthew/s-proj/main/.git/beads-worktrees/beads-sync/.beads/issues.jsonl
time=2026-02-22T22:55:31.153-05:00 level=INFO msg="Pulled sync branch" branch=beads-sync fast_forward=false merged=false
time=2026-02-22T22:55:31.153-05:00 level=INFO msg="🔍 Checking JSONL content hash AFTER pull (fix: auto-pull-not-pulling)"
time=2026-02-22T22:55:31.154-05:00 level=INFO msg="JSONL content changed, proceeding with operation..." mode=auto-import
time=2026-02-22T22:55:31.230-05:00 level=INFO msg="Import failed" error="parent issue ac-4olo does not exist"
time=2026-02-22T22:55:32.146-05:00 level=INFO msg="Import triggered by file change"
time=2026-02-22T22:55:32.185-05:00 level=INFO msg="Starting auto-import" mode=auto-import
time=2026-02-22T22:55:32.618-05:00 level=INFO msg="File change detected" path=/Users/matthew/s-proj/main/.git/beads-worktrees/beads-sync/.beads/issues.jsonl
time=2026-02-22T22:55:32.630-05:00 level=INFO msg="Pulled sync branch" branch=beads-sync fast_forward=false merged=false
time=2026-02-22T22:55:32.630-05:00 level=INFO msg="🔍 Checking JSONL content hash AFTER pull (fix: auto-pull-not-pulling)"
time=2026-02-22T22:55:32.631-05:00 level=INFO msg="JSONL content changed, proceeding with operation..." mode=auto-import
time=2026-02-22T22:55:32.706-05:00 level=INFO msg="Import failed" error="parent issue ac-4olo does not exist"
time=2026-02-22T22:55:33.620-05:00 level=INFO msg="Import triggered by file change"
time=2026-02-22T22:55:33.658-05:00 level=INFO msg="Starting auto-import" mode=auto-import
time=2026-02-22T22:55:34.085-05:00 level=INFO msg="File change detected" path=/Users/matthew/s-proj/main/.git/beads-worktrees/beads-sync/.beads/issues.jsonl
time=2026-02-22T22:55:34.096-05:00 level=INFO msg="Pulled sync branch" branch=beads-sync fast_forward=false merged=false
time=2026-02-22T22:55:34.097-05:00 level=INFO msg="🔍 Checking JSONL content hash AFTER pull (fix: auto-pull-not-pulling)"
time=2026-02-22T22:55:34.098-05:00 level=INFO msg="JSONL content changed, proceeding with operation..." mode=auto-import
time=2026-02-22T22:55:34.174-05:00 level=INFO msg="Import failed" error="parent issue ac-4olo does not exist"
time=2026-02-22T22:55:35.087-05:00 level=INFO msg="Import triggered by file change"
time=2026-02-22T22:55:35.113-05:00 level=INFO msg="Starting auto-import" mode=auto-import
time=2026-02-22T22:55:35.538-05:00 level=INFO msg="File change detected" path=/Users/matthew/s-proj/main/.git/beads-worktrees/beads-sync/.beads/issues.jsonl
time=2026-02-22T22:55:35.550-05:00 level=INFO msg="Pulled sync branch" branch=beads-sync fast_forward=false merged=false
time=2026-02-22T22:55:35.550-05:00 level=INFO msg="🔍 Checking JSONL content hash AFTER pull (fix: auto-pull-not-pulling)"
time=2026-02-22T22:55:35.551-05:00 level=INFO msg="JSONL content changed, proceeding with operation..." mode=auto-import
time=2026-02-22T22:55:35.629-05:00 level=INFO msg="Import failed" error="parent issue ac-4olo does not exist"
time=2026-02-22T22:55:36.542-05:00 level=INFO msg="Import triggered by file change"
time=2026-02-22T22:55:36.586-05:00 level=INFO msg="Starting auto-import" mode=auto-import
time=2026-02-22T22:55:37.012-05:00 level=INFO msg="File change detected" path=/Users/matthew/s-proj/main/.git/beads-worktrees/beads-sync/.beads/issues.jsonl
time=2026-02-22T22:55:37.024-05:00 level=INFO msg="Pulled sync branch" branch=beads-sync fast_forward=false merged=false
time=2026-02-22T22:55:37.024-05:00 level=INFO msg="🔍 Checking JSONL content hash AFTER pull (fix: auto-pull-not-pulling)"
time=2026-02-22T22:55:37.025-05:00 level=INFO msg="JSONL content changed, proceeding with operation..." mode=auto-import
time=2026-02-22T22:55:37.102-05:00 level=INFO msg="Import failed" error="parent issue ac-4olo does not exist"
time=2026-02-22T22:55:38.014-05:00 level=INFO msg="Import triggered by file change"
time=2026-02-22T22:55:38.041-05:00 level=INFO msg="Starting auto-import" mode=auto-import
time=2026-02-22T22:55:38.502-05:00 level=INFO msg="File change detected" path=/Users/matthew/s-proj/main/.git/beads-worktrees/beads-sync/.beads/issues.jsonl
time=2026-02-22T22:55:38.515-05:00 level=INFO msg="Pulled sync branch" branch=beads-sync fast_forward=false merged=false
time=2026-02-22T22:55:38.515-05:00 level=INFO msg="🔍 Checking JSONL content hash AFTER pull (fix: auto-pull-not-pulling)"
time=2026-02-22T22:55:38.516-05:00 level=INFO msg="JSONL content changed, proceeding with operation..." mode=auto-import
time=2026-02-22T22:55:38.594-05:00 level=INFO msg="Import failed" error="parent issue ac-4olo does not exist"
time=2026-02-22T22:55:39.504-05:00 level=INFO msg="Import triggered by file change"
time=2026-02-22T22:55:39.528-05:00 level=INFO msg="Starting auto-import" mode=auto-import
time=2026-02-22T22:55:39.943-05:00 level=INFO msg="File change detected" path=/Users/matthew/s-proj/main/.git/beads-worktrees/beads-sync/.beads/issues.jsonl
time=2026-02-22T22:55:39.954-05:00 level=INFO msg="Pulled sync branch" branch=beads-sync fast_forward=false merged=false
time=2026-02-22T22:55:39.954-05:00 level=INFO msg="🔍 Checking JSONL content hash AFTER pull (fix: auto-pull-not-pulling)"
time=2026-02-22T22:55:39.955-05:00 level=INFO msg="JSONL content changed, proceeding with operation..." mode=auto-import
time=2026-02-22T22:55:40.033-05:00 level=INFO msg="Import failed" error="parent issue ac-4olo does not exist"
time=2026-02-22T22:55:40.945-05:00 level=INFO msg="Import triggered by file change"
time=2026-02-22T22:55:40.986-05:00 level=INFO msg="Starting auto-import" mode=auto-import
time=2026-02-22T22:55:41.421-05:00 level=INFO msg="File change detected" path=/Users/matthew/s-proj/main/.git/beads-worktrees/beads-sync/.beads/issues.jsonl
time=2026-02-22T22:55:41.433-05:00 level=INFO msg="Pulled sync branch" branch=beads-sync fast_forward=false merged=false
time=2026-02-22T22:55:41.433-05:00 level=INFO msg="🔍 Checking JSONL content hash AFTER pull (fix: auto-pull-not-pulling)"
time=2026-02-22T22:55:41.434-05:00 level=INFO msg="JSONL content changed, proceeding with operation..." mode=auto-import
time=2026-02-22T22:55:41.512-05:00 level=INFO msg="Import failed" error="parent issue ac-4olo does not exist"
time=2026-02-22T22:55:42.423-05:00 level=INFO msg="Import triggered by file change"
time=2026-02-22T22:55:42.466-05:00 level=INFO msg="Starting auto-import" mode=auto-import
time=2026-02-22T22:55:42.913-05:00 level=INFO msg="File change detected" path=/Users/matthew/s-proj/main/.git/beads-worktrees/beads-sync/.beads/issues.jsonl
time=2026-02-22T22:55:42.925-05:00 level=INFO msg="Pulled sync branch" branch=beads-sync fast_forward=false merged=false
time=2026-02-22T22:55:42.925-05:00 level=INFO msg="🔍 Checking JSONL content hash AFTER pull (fix: auto-pull-not-pulling)"
time=2026-02-22T22:55:42.926-05:00 level=INFO msg="JSONL content changed, proceeding with operation..." mode=auto-import
time=2026-02-22T22:55:43.004-05:00 level=INFO msg="Import failed" error="parent issue ac-4olo does not exist"
time=2026-02-22T22:55:43.915-05:00 level=INFO msg="Import triggered by file change"
time=2026-02-22T22:55:43.956-05:00 level=INFO msg="Starting auto-import" mode=auto-import
time=2026-02-22T22:55:44.417-05:00 level=INFO msg="File change detected" path=/Users/matthew/s-proj/main/.git/beads-worktrees/beads-sync/.beads/issues.jsonl
time=2026-02-22T22:55:44.430-05:00 level=INFO msg="Pulled sync branch" branch=beads-sync fast_forward=false merged=false
time=2026-02-22T22:55:44.430-05:00 level=INFO msg="🔍 Checking JSONL content hash AFTER pull (fix: auto-pull-not-pulling)"
time=2026-02-22T22:55:44.431-05:00 level=INFO msg="JSONL content changed, proceeding with operation..." mode=auto-import
time=2026-02-22T22:55:44.507-05:00 level=INFO msg="Import failed" error="parent issue ac-4olo does not exist"
time=2026-02-22T22:55:45.421-05:00 level=INFO msg="Import triggered by file change"
time=2026-02-22T22:55:45.455-05:00 level=INFO msg="Starting auto-import" mode=auto-import
time=2026-02-22T22:55:46.168-05:00 level=INFO msg="File change detected" path=/Users/matthew/s-proj/main/.git/beads-worktrees/beads-sync/.beads/issues.jsonl
time=2026-02-22T22:55:46.180-05:00 level=INFO msg="Pulled sync branch" branch=beads-sync fast_forward=false merged=false
time=2026-02-22T22:55:46.180-05:00 level=INFO msg="🔍 Checking JSONL content hash AFTER pull (fix: auto-pull-not-pulling)"
time=2026-02-22T22:55:46.181-05:00 level=INFO msg="JSONL content changed, proceeding with operation..." mode=auto-import
time=2026-02-22T22:55:46.258-05:00 level=INFO msg="Import failed" error="parent issue ac-4olo does not exist"
time=2026-02-22T22:55:47.170-05:00 level=INFO msg="Import triggered by file change"
time=2026-02-22T22:55:47.208-05:00 level=INFO msg="Starting auto-import" mode=auto-import
time=2026-02-22T22:55:47.724-05:00 level=INFO msg="File change detected" path=/Users/matthew/s-proj/main/.git/beads-worktrees/beads-sync/.beads/issues.jsonl
time=2026-02-22T22:55:47.738-05:00 level=INFO msg="Pulled sync branch" branch=beads-sync fast_forward=false merged=false
time=2026-02-22T22:55:47.738-05:00 level=INFO msg="🔍 Checking JSONL content hash AFTER pull (fix: auto-pull-not-pulling)"
time=2026-02-22T22:55:47.739-05:00 level=INFO msg="JSONL content changed, proceeding with operation..." mode=auto-import
time=2026-02-22T22:55:47.816-05:00 level=INFO msg="Import failed" error="parent issue ac-4olo does not exist"
time=2026-02-22T22:55:48.726-05:00 level=INFO msg="Import triggered by file change"
time=2026-02-22T22:55:48.758-05:00 level=INFO msg="Starting auto-import" mode=auto-import
time=2026-02-22T22:55:49.292-05:00 level=INFO msg="File change detected" path=/Users/matthew/s-proj/main/.git/beads-worktrees/beads-sync/.beads/issues.jsonl
time=2026-02-22T22:55:49.310-05:00 level=INFO msg="Pulled sync branch" branch=beads-sync fast_forward=false merged=false
time=2026-02-22T22:55:49.310-05:00 level=INFO msg="🔍 Checking JSONL content hash AFTER pull (fix: auto-pull-not-pulling)"
time=2026-02-22T22:55:49.312-05:00 level=INFO msg="JSONL content changed, proceeding with operation..." mode=auto-import
time=2026-02-22T22:55:49.391-05:00 level=INFO msg="Import failed" error="parent issue ac-4olo does not exist"
time=2026-02-22T22:55:50.295-05:00 level=INFO msg="Import triggered by file change"
time=2026-02-22T22:55:50.333-05:00 level=INFO msg="Starting auto-import" mode=auto-import
time=2026-02-22T22:55:50.882-05:00 level=INFO msg="File change detected" path=/Users/matthew/s-proj/main/.git/beads-worktrees/beads-sync/.beads/issues.jsonl
time=2026-02-22T22:55:50.891-05:00 level=INFO msg="Pulled sync branch" branch=beads-sync fast_forward=false merged=false
time=2026-02-22T22:55:50.891-05:00 level=INFO msg="🔍 Checking JSONL content hash AFTER pull (fix: auto-pull-not-pulling)"
time=2026-02-22T22:55:50.893-05:00 level=INFO msg="JSONL content changed, proceeding with operation..." mode=auto-import
time=2026-02-22T22:55:50.968-05:00 level=INFO msg="Import failed" error="parent issue ac-4olo does not exist"
time=2026-02-22T22:55:51.884-05:00 level=INFO msg="Import triggered by file change"
time=2026-02-22T22:55:51.907-05:00 level=INFO msg="Starting auto-import" mode=auto-import
time=2026-02-22T22:55:52.577-05:00 level=INFO msg="File change detected" path=/Users/matthew/s-proj/main/.git/beads-worktrees/beads-sync/.beads/issues.jsonl
time=2026-02-22T22:55:52.590-05:00 level=INFO msg="Pulled sync branch" branch=beads-sync fast_forward=false merged=false
time=2026-02-22T22:55:52.590-05:00 level=INFO msg="🔍 Checking JSONL content hash AFTER pull (fix: auto-pull-not-pulling)"
time=2026-02-22T22:55:52.592-05:00 level=INFO msg="JSONL content changed, proceeding with operation..." mode=auto-import
time=2026-02-22T22:55:52.672-05:00 level=INFO msg="Import failed" error="parent issue ac-4olo does not exist"
time=2026-02-22T22:55:53.579-05:00 level=INFO msg="Import triggered by file change"
time=2026-02-22T22:55:53.611-05:00 level=INFO msg="Starting auto-import" mode=auto-import
time=2026-02-22T22:55:54.124-05:00 level=INFO msg="File change detected" path=/Users/matthew/s-proj/main/.git/beads-worktrees/beads-sync/.beads/issues.jsonl
time=2026-02-22T22:55:54.138-05:00 level=INFO msg="Pulled sync branch" branch=beads-sync fast_forward=false merged=false
time=2026-02-22T22:55:54.138-05:00 level=INFO msg="🔍 Checking JSONL content hash AFTER pull (fix: auto-pull-not-pulling)"
time=2026-02-22T22:55:54.140-05:00 level=INFO msg="JSONL content changed, proceeding with operation..." mode=auto-import
time=2026-02-22T22:55:54.216-05:00 level=INFO msg="Import failed" error="parent issue ac-4olo does not exist"
time=2026-02-22T22:55:55.127-05:00 level=INFO msg="Import triggered by file change"
time=2026-02-22T22:55:55.164-05:00 level=INFO msg="Starting auto-import" mode=auto-import
time=2026-02-22T22:55:55.631-05:00 level=INFO msg="File change detected" path=/Users/matthew/s-proj/main/.git/beads-worktrees/beads-sync/.beads/issues.jsonl
time=2026-02-22T22:55:55.648-05:00 level=INFO msg="Pulled sync branch" branch=beads-sync fast_forward=false merged=false
time=2026-02-22T22:55:55.648-05:00 level=INFO msg="🔍 Checking JSONL content hash AFTER pull (fix: auto-pull-not-pulling)"
time=2026-02-22T22:55:55.649-05:00 level=INFO msg="JSONL content changed, proceeding with operation..." mode=auto-import
time=2026-02-22T22:55:55.726-05:00 level=INFO msg="Import failed" error="parent issue ac-4olo does not exist"
time=2026-02-22T22:55:56.636-05:00 level=INFO msg="Import triggered by file change"
time=2026-02-22T22:55:56.686-05:00 level=INFO msg="Starting auto-import" mode=auto-import
time=2026-02-22T22:55:57.122-05:00 level=INFO msg="File change detected" path=/Users/matthew/s-proj/main/.git/beads-worktrees/beads-sync/.beads/issues.jsonl
time=2026-02-22T22:55:57.137-05:00 level=INFO msg="Pulled sync branch" branch=beads-sync fast_forward=false merged=false
time=2026-02-22T22:55:57.137-05:00 level=INFO msg="🔍 Checking JSONL content hash AFTER pull (fix: auto-pull-not-pulling)"
time=2026-02-22T22:55:57.138-05:00 level=INFO msg="JSONL content changed, proceeding with operation..." mode=auto-import
time=2026-02-22T22:55:57.217-05:00 level=INFO msg="Import failed" error="parent issue ac-4olo does not exist"
time=2026-02-22T22:55:58.125-05:00 level=INFO msg="Import triggered by file change"
time=2026-02-22T22:55:58.171-05:00 level=INFO msg="Starting auto-import" mode=auto-import
time=2026-02-22T22:55:58.632-05:00 level=INFO msg="File change detected" path=/Users/matthew/s-proj/main/.git/beads-worktrees/beads-sync/.beads/issues.jsonl
time=2026-02-22T22:55:58.644-05:00 level=INFO msg="Pulled sync branch" branch=beads-sync fast_forward=false merged=false
time=2026-02-22T22:55:58.644-05:00 level=INFO msg="🔍 Checking JSONL content hash AFTER pull (fix: auto-pull-not-pulling)"
time=2026-02-22T22:55:58.645-05:00 level=INFO msg="JSONL content changed, proceeding with operation..." mode=auto-import
time=2026-02-22T22:55:58.721-05:00 level=INFO msg="Import failed" error="parent issue ac-4olo does not exist"
time=2026-02-22T22:55:59.635-05:00 level=INFO msg="Import triggered by file change"
time=2026-02-22T22:55:59.684-05:00 level=INFO msg="Starting auto-import" mode=auto-import
time=2026-02-22T22:56:00.216-05:00 level=INFO msg="File change detected" path=/Users/matthew/s-proj/main/.git/beads-worktrees/beads-sync/.beads/issues.jsonl
time=2026-02-22T22:56:00.229-05:00 level=INFO msg="Pulled sync branch" branch=beads-sync fast_forward=false merged=false
time=2026-02-22T22:56:00.229-05:00 level=INFO msg="🔍 Checking JSONL content hash AFTER pull (fix: auto-pull-not-pulling)"
time=2026-02-22T22:56:00.231-05:00 level=INFO msg="JSONL content changed, proceeding with operation..." mode=auto-import
time=2026-02-22T22:56:00.309-05:00 level=INFO msg="Import failed" error="parent issue ac-4olo does not exist"
time=2026-02-22T22:56:01.218-05:00 level=INFO msg="Import triggered by file change"
time=2026-02-22T22:56:01.240-05:00 level=INFO msg="Starting auto-import" mode=auto-import
time=2026-02-22T22:56:01.676-05:00 level=INFO msg="File change detected" path=/Users/matthew/s-proj/main/.git/beads-worktrees/beads-sync/.beads/issues.jsonl
time=2026-02-22T22:56:01.690-05:00 level=INFO msg="Pulled sync branch" branch=beads-sync fast_forward=false merged=false
time=2026-02-22T22:56:01.690-05:00 level=INFO msg="🔍 Checking JSONL content hash AFTER pull (fix: auto-pull-not-pulling)"
time=2026-02-22T22:56:01.692-05:00 level=INFO msg="JSONL content changed, proceeding with operation..." mode=auto-import
time=2026-02-22T22:56:01.768-05:00 level=INFO msg="Import failed" error="parent issue ac-4olo does not exist"
time=2026-02-22T22:56:02.678-05:00 level=INFO msg="Import triggered by file change"
time=2026-02-22T22:56:02.713-05:00 level=INFO msg="Starting auto-import" mode=auto-import
time=2026-02-22T22:56:03.165-05:00 level=INFO msg="File change detected" path=/Users/matthew/s-proj/main/.git/beads-worktrees/beads-sync/.beads/issues.jsonl
time=2026-02-22T22:56:03.179-05:00 level=INFO msg="Pulled sync branch" branch=beads-sync fast_forward=false merged=false
time=2026-02-22T22:56:03.179-05:00 level=INFO msg="🔍 Checking JSONL content hash AFTER pull (fix: auto-pull-not-pulling)"
time=2026-02-22T22:56:03.180-05:00 level=INFO msg="JSONL content changed, proceeding with operation..." mode=auto-import
time=2026-02-22T22:56:03.255-05:00 level=INFO msg="Import failed" error="parent issue ac-4olo does not exist"
time=2026-02-22T22:56:04.167-05:00 level=INFO msg="Import triggered by file change"
time=2026-02-22T22:56:04.216-05:00 level=INFO msg="Starting auto-import" mode=auto-import
time=2026-02-22T22:56:04.652-05:00 level=INFO msg="File change detected" path=/Users/matthew/s-proj/main/.git/beads-worktrees/beads-sync/.beads/issues.jsonl
time=2026-02-22T22:56:04.665-05:00 level=INFO msg="Pulled sync branch" branch=beads-sync fast_forward=false merged=false
time=2026-02-22T22:56:04.665-05:00 level=INFO msg="🔍 Checking JSONL content hash AFTER pull (fix: auto-pull-not-pulling)"
time=2026-02-22T22:56:04.667-05:00 level=INFO msg="JSONL content changed, proceeding with operation..." mode=auto-import
time=2026-02-22T22:56:04.742-05:00 level=INFO msg="Import failed" error="parent issue ac-4olo does not exist"
time=2026-02-22T22:56:05.657-05:00 level=INFO msg="Import triggered by file change"
time=2026-02-22T22:56:05.689-05:00 level=INFO msg="Starting auto-import" mode=auto-import
time=2026-02-22T22:56:06.120-05:00 level=INFO msg="File change detected" path=/Users/matthew/s-proj/main/.git/beads-worktrees/beads-sync/.beads/issues.jsonl
time=2026-02-22T22:56:06.129-05:00 level=INFO msg="Pulled sync branch" branch=beads-sync fast_forward=false merged=false
time=2026-02-22T22:56:06.129-05:00 level=INFO msg="🔍 Checking JSONL content hash AFTER pull (fix: auto-pull-not-pulling)"
time=2026-02-22T22:56:06.131-05:00 level=INFO msg="JSONL content changed, proceeding with operation..." mode=auto-import
time=2026-02-22T22:56:06.205-05:00 level=INFO msg="Import failed" error="parent issue ac-4olo does not exist"
time=2026-02-22T22:56:07.122-05:00 level=INFO msg="Import triggered by file change"
time=2026-02-22T22:56:07.149-05:00 level=INFO msg="Starting auto-import" mode=auto-import
time=2026-02-22T22:56:07.572-05:00 level=INFO msg="File change detected" path=/Users/matthew/s-proj/main/.git/beads-worktrees/beads-sync/.beads/issues.jsonl
time=2026-02-22T22:56:07.585-05:00 level=INFO msg="Pulled sync branch" branch=beads-sync fast_forward=false merged=false
time=2026-02-22T22:56:07.585-05:00 level=INFO msg="🔍 Checking JSONL content hash AFTER pull (fix: auto-pull-not-pulling)"
time=2026-02-22T22:56:07.587-05:00 level=INFO msg="JSONL content changed, proceeding with operation..." mode=auto-import
time=2026-02-22T22:56:07.662-05:00 level=INFO msg="Import failed" error="parent issue ac-4olo does not exist"
time=2026-02-22T22:56:08.574-05:00 level=INFO msg="Import triggered by file change"
time=2026-02-22T22:56:08.611-05:00 level=INFO msg="Starting auto-import" mode=auto-import
time=2026-02-22T22:56:09.063-05:00 level=INFO msg="File change detected" path=/Users/matthew/s-proj/main/.git/beads-worktrees/beads-sync/.beads/issues.jsonl
time=2026-02-22T22:56:09.079-05:00 level=INFO msg="Pulled sync branch" branch=beads-sync fast_forward=false merged=false
time=2026-02-22T22:56:09.079-05:00 level=INFO msg="🔍 Checking JSONL content hash AFTER pull (fix: auto-pull-not-pulling)"
time=2026-02-22T22:56:09.080-05:00 level=INFO msg="JSONL content changed, proceeding with operation..." mode=auto-import
time=2026-02-22T22:56:09.157-05:00 level=INFO msg="Import failed" error="parent issue ac-4olo does not exist"
time=2026-02-22T22:56:10.065-05:00 level=INFO msg="Import triggered by file change"
time=2026-02-22T22:56:10.112-05:00 level=INFO msg="Starting auto-import" mode=auto-import
time=2026-02-22T22:56:10.566-05:00 level=INFO msg="File change detected" path=/Users/matthew/s-proj/main/.git/beads-worktrees/beads-sync/.beads/issues.jsonl
time=2026-02-22T22:56:10.580-05:00 level=INFO msg="Pulled sync branch" branch=beads-sync fast_forward=false merged=false
time=2026-02-22T22:56:10.580-05:00 level=INFO msg="🔍 Checking JSONL content hash AFTER pull (fix: auto-pull-not-pulling)"
time=2026-02-22T22:56:10.581-05:00 level=INFO msg="JSONL content changed, proceeding with operation..." mode=auto-import
time=2026-02-22T22:56:10.658-05:00 level=INFO msg="Import failed" error="parent issue ac-4olo does not exist"
time=2026-02-22T22:56:11.568-05:00 level=INFO msg="Import triggered by file change"
time=2026-02-22T22:56:11.611-05:00 level=INFO msg="Starting auto-import" mode=auto-import
time=2026-02-22T22:56:12.040-05:00 level=INFO msg="File change detected" path=/Users/matthew/s-proj/main/.git/beads-worktrees/beads-sync/.beads/issues.jsonl
time=2026-02-22T22:56:12.053-05:00 level=INFO msg="Pulled sync branch" branch=beads-sync fast_forward=false merged=false
time=2026-02-22T22:56:12.053-05:00 level=INFO msg="🔍 Checking JSONL content hash AFTER pull (fix: auto-pull-not-pulling)"
time=2026-02-22T22:56:12.054-05:00 level=INFO msg="JSONL content changed, proceeding with operation..." mode=auto-import
time=2026-02-22T22:56:12.130-05:00 level=INFO msg="Import failed" error="parent issue ac-4olo does not exist"
time=2026-02-22T22:56:13.043-05:00 level=INFO msg="Import triggered by file change"
time=2026-02-22T22:56:13.090-05:00 level=INFO msg="Starting auto-import" mode=auto-import
time=2026-02-22T22:56:13.546-05:00 level=INFO msg="File change detected" path=/Users/matthew/s-proj/main/.git/beads-worktrees/beads-sync/.beads/issues.jsonl
time=2026-02-22T22:56:13.556-05:00 level=INFO msg="Pulled sync branch" branch=beads-sync fast_forward=false merged=false
time=2026-02-22T22:56:13.556-05:00 level=INFO msg="🔍 Checking JSONL content hash AFTER pull (fix: auto-pull-not-pulling)"
time=2026-02-22T22:56:13.557-05:00 level=INFO msg="JSONL content changed, proceeding with operation..." mode=auto-import
time=2026-02-22T22:56:13.636-05:00 level=INFO msg="Import failed" error="parent issue ac-4olo does not exist"
time=2026-02-22T22:56:14.549-05:00 level=INFO msg="Import triggered by file change"
time=2026-02-22T22:56:14.598-05:00 level=INFO msg="Starting auto-import" mode=auto-import
time=2026-02-22T22:56:15.066-05:00 level=INFO msg="File change detected" path=/Users/matthew/s-proj/main/.git/beads-worktrees/beads-sync/.beads/issues.jsonl
time=2026-02-22T22:56:15.076-05:00 level=INFO msg="Pulled sync branch" branch=beads-sync fast_forward=false merged=false
time=2026-02-22T22:56:15.076-05:00 level=INFO msg="🔍 Checking JSONL content hash AFTER pull (fix: auto-pull-not-pulling)"
time=2026-02-22T22:56:15.077-05:00 level=INFO msg="JSONL content changed, proceeding with operation..." mode=auto-import
time=2026-02-22T22:56:15.152-05:00 level=INFO msg="Import failed" error="parent issue ac-4olo does not exist"
time=2026-02-22T22:56:16.069-05:00 level=INFO msg="Import triggered by file change"
time=2026-02-22T22:56:16.106-05:00 level=INFO msg="Starting auto-import" mode=auto-import
time=2026-02-22T22:56:16.542-05:00 level=INFO msg="File change detected" path=/Users/matthew/s-proj/main/.git/beads-worktrees/beads-sync/.beads/issues.jsonl
time=2026-02-22T22:56:16.552-05:00 level=INFO msg="Pulled sync branch" branch=beads-sync fast_forward=false merged=false
time=2026-02-22T22:56:16.552-05:00 level=INFO msg="🔍 Checking JSONL content hash AFTER pull (fix: auto-pull-not-pulling)"
time=2026-02-22T22:56:16.553-05:00 level=INFO msg="JSONL content changed, proceeding with operation..." mode=auto-import
time=2026-02-22T22:56:16.628-05:00 level=INFO msg="Import failed" error="parent issue ac-4olo does not exist"
time=2026-02-22T22:56:17.544-05:00 level=INFO msg="Import triggered by file change"
time=2026-02-22T22:56:17.583-05:00 level=INFO msg="Starting auto-import" mode=auto-import
time=2026-02-22T22:56:17.981-05:00 level=INFO msg="File change detected" path=/Users/matthew/s-proj/main/.git/beads-worktrees/beads-sync/.beads/issues.jsonl
time=2026-02-22T22:56:17.994-05:00 level=INFO msg="Pulled sync branch" branch=beads-sync fast_forward=false merged=false
time=2026-02-22T22:56:17.994-05:00 level=INFO msg="🔍 Checking JSONL content hash AFTER pull (fix: auto-pull-not-pulling)"
time=2026-02-22T22:56:17.995-05:00 level=INFO msg="JSONL content changed, proceeding with operation..." mode=auto-import
time=2026-02-22T22:56:18.072-05:00 level=INFO msg="Import failed" error="parent issue ac-4olo does not exist"
time=2026-02-22T22:56:18.984-05:00 level=INFO msg="Import triggered by file change"
time=2026-02-22T22:56:19.018-05:00 level=INFO msg="Starting auto-import" mode=auto-import
time=2026-02-22T22:56:19.499-05:00 level=INFO msg="File change detected" path=/Users/matthew/s-proj/main/.git/beads-worktrees/beads-sync/.beads/issues.jsonl
time=2026-02-22T22:56:19.512-05:00 level=INFO msg="Pulled sync branch" branch=beads-sync fast_forward=false merged=false
time=2026-02-22T22:56:19.512-05:00 level=INFO msg="🔍 Checking JSONL content hash AFTER pull (fix: auto-pull-not-pulling)"
time=2026-02-22T22:56:19.513-05:00 level=INFO msg="JSONL content changed, proceeding with operation..." mode=auto-import
time=2026-02-22T22:56:19.589-05:00 level=INFO msg="Import failed" error="parent issue ac-4olo does not exist"
time=2026-02-22T22:56:20.502-05:00 level=INFO msg="Import triggered by file change"
time=2026-02-22T22:56:20.543-05:00 level=INFO msg="Starting auto-import" mode=auto-import
time=2026-02-22T22:56:21.008-05:00 level=INFO msg="File change detected" path=/Users/matthew/s-proj/main/.git/beads-worktrees/beads-sync/.beads/issues.jsonl
time=2026-02-22T22:56:21.024-05:00 level=INFO msg="Pulled sync branch" branch=beads-sync fast_forward=false merged=false
time=2026-02-22T22:56:21.024-05:00 level=INFO msg="🔍 Checking JSONL content hash AFTER pull (fix: auto-pull-not-pulling)"
time=2026-02-22T22:56:21.025-05:00 level=INFO msg="JSONL content changed, proceeding with operation..." mode=auto-import
time=2026-02-22T22:56:21.101-05:00 level=INFO msg="Import failed" error="parent issue ac-4olo does not exist"
time=2026-02-22T22:56:22.010-05:00 level=INFO msg="Import triggered by file change"
time=2026-02-22T22:56:22.056-05:00 level=INFO msg="Starting auto-import" mode=auto-import
time=2026-02-22T22:56:22.477-05:00 level=INFO msg="File change detected" path=/Users/matthew/s-proj/main/.git/beads-worktrees/beads-sync/.beads/issues.jsonl
time=2026-02-22T22:56:22.491-05:00 level=INFO msg="Pulled sync branch" branch=beads-sync fast_forward=false merged=false
time=2026-02-22T22:56:22.491-05:00 level=INFO msg="🔍 Checking JSONL content hash AFTER pull (fix: auto-pull-not-pulling)"
time=2026-02-22T22:56:22.492-05:00 level=INFO msg="JSONL content changed, proceeding with operation..." mode=auto-import
time=2026-02-22T22:56:22.574-05:00 level=INFO msg="Import failed" error="parent issue ac-4olo does not exist"
time=2026-02-22T22:56:23.479-05:00 level=INFO msg="Import triggered by file change"
time=2026-02-22T22:56:23.531-05:00 level=INFO msg="Starting auto-import" mode=auto-import
time=2026-02-22T22:56:23.948-05:00 level=INFO msg="File change detected" path=/Users/matthew/s-proj/main/.git/beads-worktrees/beads-sync/.beads/issues.jsonl
time=2026-02-22T22:56:23.961-05:00 level=INFO msg="Pulled sync branch" branch=beads-sync fast_forward=false merged=false
time=2026-02-22T22:56:23.961-05:00 level=INFO msg="🔍 Checking JSONL content hash AFTER pull (fix: auto-pull-not-pulling)"
time=2026-02-22T22:56:23.963-05:00 level=INFO msg="JSONL content changed, proceeding with operation..." mode=auto-import
time=2026-02-22T22:56:24.039-05:00 level=INFO msg="Import failed" error="parent issue ac-4olo does not exist"
time=2026-02-22T22:56:24.950-05:00 level=INFO msg="Import triggered by file change"
time=2026-02-22T22:56:24.988-05:00 level=INFO msg="Starting auto-import" mode=auto-import
time=2026-02-22T22:56:25.408-05:00 level=INFO msg="File change detected" path=/Users/matthew/s-proj/main/.git/beads-worktrees/beads-sync/.beads/issues.jsonl
time=2026-02-22T22:56:25.422-05:00 level=INFO msg="Pulled sync branch" branch=beads-sync fast_forward=false merged=false
time=2026-02-22T22:56:25.422-05:00 level=INFO msg="🔍 Checking JSONL content hash AFTER pull (fix: auto-pull-not-pulling)"
time=2026-02-22T22:56:25.424-05:00 level=INFO msg="JSONL content changed, proceeding with operation..." mode=auto-import
time=2026-02-22T22:56:25.498-05:00 level=INFO msg="Import failed" error="parent issue ac-4olo does not exist"
time=2026-02-22T22:56:26.411-05:00 level=INFO msg="Import triggered by file change"
time=2026-02-22T22:56:26.468-05:00 level=INFO msg="Starting auto-import" mode=auto-import
time=2026-02-22T22:56:26.932-05:00 level=INFO msg="File change detected" path=/Users/matthew/s-proj/main/.git/beads-worktrees/beads-sync/.beads/issues.jsonl
time=2026-02-22T22:56:26.946-05:00 level=INFO msg="Pulled sync branch" branch=beads-sync fast_forward=false merged=false
time=2026-02-22T22:56:26.946-05:00 level=INFO msg="🔍 Checking JSONL content hash AFTER pull (fix: auto-pull-not-pulling)"
time=2026-02-22T22:56:26.948-05:00 level=INFO msg="JSONL content changed, proceeding with operation..." mode=auto-import
time=2026-02-22T22:56:27.023-05:00 level=INFO msg="Import failed" error="parent issue ac-4olo does not exist"
time=2026-02-22T22:56:27.934-05:00 level=INFO msg="Import triggered by file change"
time=2026-02-22T22:56:27.967-05:00 level=INFO msg="Starting auto-import" mode=auto-import
time=2026-02-22T22:56:28.419-05:00 level=INFO msg="File change detected" path=/Users/matthew/s-proj/main/.git/beads-worktrees/beads-sync/.beads/issues.jsonl
time=2026-02-22T22:56:28.432-05:00 level=INFO msg="Pulled sync branch" branch=beads-sync fast_forward=false merged=false
time=2026-02-22T22:56:28.432-05:00 level=INFO msg="🔍 Checking JSONL content hash AFTER pull (fix: auto-pull-not-pulling)"
time=2026-02-22T22:56:28.433-05:00 level=INFO msg="JSONL content changed, proceeding with operation..." mode=auto-import
time=2026-02-22T22:56:28.509-05:00 level=INFO msg="Import failed" error="parent issue ac-4olo does not exist"
time=2026-02-22T22:56:29.426-05:00 level=INFO msg="Import triggered by file change"
time=2026-02-22T22:56:29.471-05:00 level=INFO msg="Starting auto-import" mode=auto-import
time=2026-02-22T22:56:29.950-05:00 level=INFO msg="File change detected" path=/Users/matthew/s-proj/main/.git/beads-worktrees/beads-sync/.beads/issues.jsonl
time=2026-02-22T22:56:29.965-05:00 level=INFO msg="Pulled sync branch" branch=beads-sync fast_forward=false merged=false
time=2026-02-22T22:56:29.965-05:00 level=INFO msg="🔍 Checking JSONL content hash AFTER pull (fix: auto-pull-not-pulling)"
time=2026-02-22T22:56:29.966-05:00 level=INFO msg="JSONL content changed, proceeding with operation..." mode=auto-import
time=2026-02-22T22:56:30.044-05:00 level=INFO msg="Import failed" error="parent issue ac-4olo does not exist"
time=2026-02-22T22:56:30.953-05:00 level=INFO msg="Import triggered by file change"
time=2026-02-22T22:56:30.989-05:00 level=INFO msg="Starting auto-import" mode=auto-import
time=2026-02-22T22:56:31.428-05:00 level=INFO msg="File change detected" path=/Users/matthew/s-proj/main/.git/beads-worktrees/beads-sync/.beads/issues.jsonl
time=2026-02-22T22:56:31.441-05:00 level=INFO msg="Pulled sync branch" branch=beads-sync fast_forward=false merged=false
time=2026-02-22T22:56:31.441-05:00 level=INFO msg="🔍 Checking JSONL content hash AFTER pull (fix: auto-pull-not-pulling)"
time=2026-02-22T22:56:31.442-05:00 level=INFO msg="JSONL content changed, proceeding with operation..." mode=auto-import
time=2026-02-22T22:56:31.517-05:00 level=INFO msg="Import failed" error="parent issue ac-4olo does not exist"
time=2026-02-22T22:56:32.430-05:00 level=INFO msg="Import triggered by file change"
time=2026-02-22T22:56:32.461-05:00 level=INFO msg="Starting auto-import" mode=auto-import
time=2026-02-22T22:56:32.915-05:00 level=INFO msg="File change detected" path=/Users/matthew/s-proj/main/.git/beads-worktrees/beads-sync/.beads/issues.jsonl
time=2026-02-22T22:56:32.928-05:00 level=INFO msg="Pulled sync branch" branch=beads-sync fast_forward=false merged=false
time=2026-02-22T22:56:32.928-05:00 level=INFO msg="🔍 Checking JSONL content hash AFTER pull (fix: auto-pull-not-pulling)"
time=2026-02-22T22:56:32.930-05:00 level=INFO msg="JSONL content changed, proceeding with operation..." mode=auto-import
time=2026-02-22T22:56:33.006-05:00 level=INFO msg="Import failed" error="parent issue ac-4olo does not exist"
time=2026-02-22T22:56:33.918-05:00 level=INFO msg="Import triggered by file change"
time=2026-02-22T22:56:33.950-05:00 level=INFO msg="Starting auto-import" mode=auto-import
time=2026-02-22T22:56:34.388-05:00 level=INFO msg="File change detected" path=/Users/matthew/s-proj/main/.git/beads-worktrees/beads-sync/.beads/issues.jsonl
time=2026-02-22T22:56:34.402-05:00 level=INFO msg="Pulled sync branch" branch=beads-sync fast_forward=false merged=false
time=2026-02-22T22:56:34.402-05:00 level=INFO msg="🔍 Checking JSONL content hash AFTER pull (fix: auto-pull-not-pulling)"
time=2026-02-22T22:56:34.404-05:00 level=INFO msg="JSONL content changed, proceeding with operation..." mode=auto-import
time=2026-02-22T22:56:34.482-05:00 level=INFO msg="Import failed" error="parent issue ac-4olo does not exist"
time=2026-02-22T22:56:35.390-05:00 level=INFO msg="Import triggered by file change"
time=2026-02-22T22:56:35.440-05:00 level=INFO msg="Starting auto-import" mode=auto-import
time=2026-02-22T22:56:35.883-05:00 level=INFO msg="File change detected" path=/Users/matthew/s-proj/main/.git/beads-worktrees/beads-sync/.beads/issues.jsonl
time=2026-02-22T22:56:35.895-05:00 level=INFO msg="Pulled sync branch" branch=beads-sync fast_forward=false merged=false
time=2026-02-22T22:56:35.895-05:00 level=INFO msg="🔍 Checking JSONL content hash AFTER pull (fix: auto-pull-not-pulling)"
time=2026-02-22T22:56:35.897-05:00 level=INFO msg="JSONL content changed, proceeding with operation..." mode=auto-import
time=2026-02-22T22:56:35.973-05:00 level=INFO msg="Import failed" error="parent issue ac-4olo does not exist"
time=2026-02-22T22:56:36.885-05:00 level=INFO msg="Import triggered by file change"
time=2026-02-22T22:56:36.932-05:00 level=INFO msg="Starting auto-import" mode=auto-import
time=2026-02-22T22:56:37.371-05:00 level=INFO msg="File change detected" path=/Users/matthew/s-proj/main/.git/beads-worktrees/beads-sync/.beads/issues.jsonl
time=2026-02-22T22:56:37.384-05:00 level=INFO msg="Pulled sync branch" branch=beads-sync fast_forward=false merged=false
time=2026-02-22T22:56:37.384-05:00 level=INFO msg="🔍 Checking JSONL content hash AFTER pull (fix: auto-pull-not-pulling)"
time=2026-02-22T22:56:37.385-05:00 level=INFO msg="JSONL content changed, proceeding with operation..." mode=auto-import
time=2026-02-22T22:56:37.462-05:00 level=INFO msg="Import failed" error="parent issue ac-4olo does not exist"
time=2026-02-22T22:56:38.373-05:00 level=INFO msg="Import triggered by file change"
time=2026-02-22T22:56:38.415-05:00 level=INFO msg="Starting auto-import" mode=auto-import
time=2026-02-22T22:56:38.856-05:00 level=INFO msg="File change detected" path=/Users/matthew/s-proj/main/.git/beads-worktrees/beads-sync/.beads/issues.jsonl
time=2026-02-22T22:56:38.867-05:00 level=INFO msg="Pulled sync branch" branch=beads-sync fast_forward=false merged=false
time=2026-02-22T22:56:38.867-05:00 level=INFO msg="🔍 Checking JSONL content hash AFTER pull (fix: auto-pull-not-pulling)"
time=2026-02-22T22:56:38.869-05:00 level=INFO msg="JSONL content changed, proceeding with operation..." mode=auto-import
time=2026-02-22T22:56:38.945-05:00 level=INFO msg="Import failed" error="parent issue ac-4olo does not exist"
time=2026-02-22T22:56:39.858-05:00 level=INFO msg="Import triggered by file change"
time=2026-02-22T22:56:39.891-05:00 level=INFO msg="Starting auto-import" mode=auto-import
time=2026-02-22T22:56:40.364-05:00 level=INFO msg="File change detected" path=/Users/matthew/s-proj/main/.git/beads-worktrees/beads-sync/.beads/issues.jsonl
time=2026-02-22T22:56:40.377-05:00 level=INFO msg="Pulled sync branch" branch=beads-sync fast_forward=false merged=false
time=2026-02-22T22:56:40.377-05:00 level=INFO msg="🔍 Checking JSONL content hash AFTER pull (fix: auto-pull-not-pulling)"
time=2026-02-22T22:56:40.379-05:00 level=INFO msg="JSONL content changed, proceeding with operation..." mode=auto-import
time=2026-02-22T22:56:40.454-05:00 level=INFO msg="Import failed" error="parent issue ac-4olo does not exist"
time=2026-02-22T22:56:41.365-05:00 level=INFO msg="Import triggered by file change"
time=2026-02-22T22:56:41.390-05:00 level=INFO msg="Starting auto-import" mode=auto-import
time=2026-02-22T22:56:41.814-05:00 level=INFO msg="File change detected" path=/Users/matthew/s-proj/main/.git/beads-worktrees/beads-sync/.beads/issues.jsonl
time=2026-02-22T22:56:41.827-05:00 level=INFO msg="Pulled sync branch" branch=beads-sync fast_forward=false merged=false
time=2026-02-22T22:56:41.827-05:00 level=INFO msg="🔍 Checking JSONL content hash AFTER pull (fix: auto-pull-not-pulling)"
time=2026-02-22T22:56:41.829-05:00 level=INFO msg="JSONL content changed, proceeding with operation..." mode=auto-import
time=2026-02-22T22:56:41.905-05:00 level=INFO msg="Import failed" error="parent issue ac-4olo does not exist"
time=2026-02-22T22:56:42.817-05:00 level=INFO msg="Import triggered by file change"
time=2026-02-22T22:56:42.866-05:00 level=INFO msg="Starting auto-import" mode=auto-import
time=2026-02-22T22:56:43.321-05:00 level=INFO msg="File change detected" path=/Users/matthew/s-proj/main/.git/beads-worktrees/beads-sync/.beads/issues.jsonl
time=2026-02-22T22:56:43.335-05:00 level=INFO msg="Pulled sync branch" branch=beads-sync fast_forward=false merged=false
time=2026-02-22T22:56:43.335-05:00 level=INFO msg="🔍 Checking JSONL content hash AFTER pull (fix: auto-pull-not-pulling)"
time=2026-02-22T22:56:43.336-05:00 level=INFO msg="JSONL content changed, proceeding with operation..." mode=auto-import
time=2026-02-22T22:56:43.412-05:00 level=INFO msg="Import failed" error="parent issue ac-4olo does not exist"
time=2026-02-22T22:56:44.323-05:00 level=INFO msg="Import triggered by file change"
time=2026-02-22T22:56:44.373-05:00 level=INFO msg="Starting auto-import" mode=auto-import
time=2026-02-22T22:56:44.874-05:00 level=INFO msg="File change detected" path=/Users/matthew/s-proj/main/.git/beads-worktrees/beads-sync/.beads/issues.jsonl
time=2026-02-22T22:56:44.891-05:00 level=INFO msg="Pulled sync branch" branch=beads-sync fast_forward=false merged=false
time=2026-02-22T22:56:44.891-05:00 level=INFO msg="🔍 Checking JSONL content hash AFTER pull (fix: auto-pull-not-pulling)"
time=2026-02-22T22:56:44.893-05:00 level=INFO msg="JSONL content changed, proceeding with operation..." mode=auto-import
time=2026-02-22T22:56:44.971-05:00 level=INFO msg="Import failed" error="parent issue ac-4olo does not exist"
time=2026-02-22T22:56:45.877-05:00 level=INFO msg="Import triggered by file change"
time=2026-02-22T22:56:45.919-05:00 level=INFO msg="Starting auto-import" mode=auto-import
time=2026-02-22T22:56:46.353-05:00 level=INFO msg="File change detected" path=/Users/matthew/s-proj/main/.git/beads-worktrees/beads-sync/.beads/issues.jsonl
time=2026-02-22T22:56:46.366-05:00 level=INFO msg="Pulled sync branch" branch=beads-sync fast_forward=false merged=false
time=2026-02-22T22:56:46.366-05:00 level=INFO msg="🔍 Checking JSONL content hash AFTER pull (fix: auto-pull-not-pulling)"
time=2026-02-22T22:56:46.368-05:00 level=INFO msg="JSONL content changed, proceeding with operation..." mode=auto-import
time=2026-02-22T22:56:46.445-05:00 level=INFO msg="Import failed" error="parent issue ac-4olo does not exist"
time=2026-02-22T22:56:47.355-05:00 level=INFO msg="Import triggered by file change"
time=2026-02-22T22:56:47.399-05:00 level=INFO msg="Starting auto-import" mode=auto-import
time=2026-02-22T22:56:47.847-05:00 level=INFO msg="File change detected" path=/Users/matthew/s-proj/main/.git/beads-worktrees/beads-sync/.beads/issues.jsonl
time=2026-02-22T22:56:47.862-05:00 level=INFO msg="Pulled sync branch" branch=beads-sync fast_forward=false merged=false
time=2026-02-22T22:56:47.862-05:00 level=INFO msg="🔍 Checking JSONL content hash AFTER pull (fix: auto-pull-not-pulling)"
time=2026-02-22T22:56:47.864-05:00 level=INFO msg="JSONL content changed, proceeding with operation..." mode=auto-import
time=2026-02-22T22:56:47.941-05:00 level=INFO msg="Import failed" error="parent issue ac-4olo does not exist"
time=2026-02-22T22:56:48.849-05:00 level=INFO msg="Import triggered by file change"
time=2026-02-22T22:56:48.889-05:00 level=INFO msg="Starting auto-import" mode=auto-import
time=2026-02-22T22:56:49.334-05:00 level=INFO msg="File change detected" path=/Users/matthew/s-proj/main/.git/beads-worktrees/beads-sync/.beads/issues.jsonl
time=2026-02-22T22:56:49.348-05:00 level=INFO msg="Pulled sync branch" branch=beads-sync fast_forward=false merged=false
time=2026-02-22T22:56:49.348-05:00 level=INFO msg="🔍 Checking JSONL content hash AFTER pull (fix: auto-pull-not-pulling)"
time=2026-02-22T22:56:49.349-05:00 level=INFO msg="JSONL content changed, proceeding with operation..." mode=auto-import
time=2026-02-22T22:56:49.425-05:00 level=INFO msg="Import failed" error="parent issue ac-4olo does not exist"
time=2026-02-22T22:56:50.337-05:00 level=INFO msg="Import triggered by file change"
time=2026-02-22T22:56:50.374-05:00 level=INFO msg="Starting auto-import" mode=auto-import
time=2026-02-22T22:56:50.816-05:00 level=INFO msg="File change detected" path=/Users/matthew/s-proj/main/.git/beads-worktrees/beads-sync/.beads/issues.jsonl
time=2026-02-22T22:56:50.829-05:00 level=INFO msg="Pulled sync branch" branch=beads-sync fast_forward=false merged=false
time=2026-02-22T22:56:50.829-05:00 level=INFO msg="🔍 Checking JSONL content hash AFTER pull (fix: auto-pull-not-pulling)"
time=2026-02-22T22:56:50.831-05:00 level=INFO msg="JSONL content changed, proceeding with operation..." mode=auto-import
time=2026-02-22T22:56:50.909-05:00 level=INFO msg="Import failed" error="parent issue ac-4olo does not exist"
time=2026-02-22T22:56:51.819-05:00 level=INFO msg="Import triggered by file change"
time=2026-02-22T22:56:51.845-05:00 level=INFO msg="Starting auto-import" mode=auto-import
time=2026-02-22T22:56:52.274-05:00 level=INFO msg="File change detected" path=/Users/matthew/s-proj/main/.git/beads-worktrees/beads-sync/.beads/issues.jsonl
time=2026-02-22T22:56:52.287-05:00 level=INFO msg="Pulled sync branch" branch=beads-sync fast_forward=false merged=false
time=2026-02-22T22:56:52.287-05:00 level=INFO msg="🔍 Checking JSONL content hash AFTER pull (fix: auto-pull-not-pulling)"
time=2026-02-22T22:56:52.289-05:00 level=INFO msg="JSONL content changed, proceeding with operation..." mode=auto-import
time=2026-02-22T22:56:52.365-05:00 level=INFO msg="Import failed" error="parent issue ac-4olo does not exist"
time=2026-02-22T22:56:53.276-05:00 level=INFO msg="Import triggered by file change"
time=2026-02-22T22:56:53.299-05:00 level=INFO msg="Starting auto-import" mode=auto-import
time=2026-02-22T22:56:53.732-05:00 level=INFO msg="File change detected" path=/Users/matthew/s-proj/main/.git/beads-worktrees/beads-sync/.beads/issues.jsonl
time=2026-02-22T22:56:53.745-05:00 level=INFO msg="Pulled sync branch" branch=beads-sync fast_forward=false merged=false
time=2026-02-22T22:56:53.746-05:00 level=INFO msg="🔍 Checking JSONL content hash AFTER pull (fix: auto-pull-not-pulling)"
time=2026-02-22T22:56:53.747-05:00 level=INFO msg="JSONL content changed, proceeding with operation..." mode=auto-import
time=2026-02-22T22:56:53.830-05:00 level=INFO msg="Import failed" error="parent issue ac-4olo does not exist"
time=2026-02-22T22:56:54.735-05:00 level=INFO msg="Import triggered by file change"
time=2026-02-22T22:56:54.764-05:00 level=INFO msg="Starting auto-import" mode=auto-import
time=2026-02-22T22:56:55.211-05:00 level=INFO msg="File change detected" path=/Users/matthew/s-proj/main/.git/beads-worktrees/beads-sync/.beads/issues.jsonl
time=2026-02-22T22:56:55.224-05:00 level=INFO msg="Pulled sync branch" branch=beads-sync fast_forward=false merged=false
time=2026-02-22T22:56:55.224-05:00 level=INFO msg="🔍 Checking JSONL content hash AFTER pull (fix: auto-pull-not-pulling)"
time=2026-02-22T22:56:55.226-05:00 level=INFO msg="JSONL content changed, proceeding with operation..." mode=auto-import
time=2026-02-22T22:56:55.303-05:00 level=INFO msg="Import failed" error="parent issue ac-4olo does not exist"
time=2026-02-22T22:56:56.213-05:00 level=INFO msg="Import triggered by file change"
time=2026-02-22T22:56:56.256-05:00 level=INFO msg="Starting auto-import" mode=auto-import
time=2026-02-22T22:56:56.698-05:00 level=INFO msg="File change detected" path=/Users/matthew/s-proj/main/.git/beads-worktrees/beads-sync/.beads/issues.jsonl
time=2026-02-22T22:56:56.710-05:00 level=INFO msg="Pulled sync branch" branch=beads-sync fast_forward=false merged=false
time=2026-02-22T22:56:56.710-05:00 level=INFO msg="🔍 Checking JSONL content hash AFTER pull (fix: auto-pull-not-pulling)"
time=2026-02-22T22:56:56.711-05:00 level=INFO msg="JSONL content changed, proceeding with operation..." mode=auto-import
time=2026-02-22T22:56:56.787-05:00 level=INFO msg="Import failed" error="parent issue ac-4olo does not exist"
time=2026-02-22T22:56:57.702-05:00 level=INFO msg="Import triggered by file change"
time=2026-02-22T22:56:57.749-05:00 level=INFO msg="Starting auto-import" mode=auto-import
time=2026-02-22T22:56:58.178-05:00 level=INFO msg="File change detected" path=/Users/matthew/s-proj/main/.git/beads-worktrees/beads-sync/.beads/issues.jsonl
time=2026-02-22T22:56:58.190-05:00 level=INFO msg="Pulled sync branch" branch=beads-sync fast_forward=false merged=false
time=2026-02-22T22:56:58.190-05:00 level=INFO msg="🔍 Checking JSONL content hash AFTER pull (fix: auto-pull-not-pulling)"
time=2026-02-22T22:56:58.191-05:00 level=INFO msg="JSONL content changed, proceeding with operation..." mode=auto-import
time=2026-02-22T22:56:58.270-05:00 level=INFO msg="Import failed" error="parent issue ac-4olo does not exist"
time=2026-02-22T22:56:59.180-05:00 level=INFO msg="Import triggered by file change"
time=2026-02-22T22:56:59.226-05:00 level=INFO msg="Starting auto-import" mode=auto-import
time=2026-02-22T22:56:59.680-05:00 level=INFO msg="File change detected" path=/Users/matthew/s-proj/main/.git/beads-worktrees/beads-sync/.beads/issues.jsonl
time=2026-02-22T22:56:59.691-05:00 level=INFO msg="Pulled sync branch" branch=beads-sync fast_forward=false merged=false
time=2026-02-22T22:56:59.691-05:00 level=INFO msg="🔍 Checking JSONL content hash AFTER pull (fix: auto-pull-not-pulling)"
time=2026-02-22T22:56:59.692-05:00 level=INFO msg="JSONL content changed, proceeding with operation..." mode=auto-import
time=2026-02-22T22:56:59.768-05:00 level=INFO msg="Import failed" error="parent issue ac-4olo does not exist"
time=2026-02-22T22:57:00.682-05:00 level=INFO msg="Import triggered by file change"
time=2026-02-22T22:57:00.714-05:00 level=INFO msg="Starting auto-import" mode=auto-import
time=2026-02-22T22:57:01.158-05:00 level=INFO msg="File change detected" path=/Users/matthew/s-proj/main/.git/beads-worktrees/beads-sync/.beads/issues.jsonl
time=2026-02-22T22:57:01.169-05:00 level=INFO msg="Pulled sync branch" branch=beads-sync fast_forward=false merged=false
time=2026-02-22T22:57:01.169-05:00 level=INFO msg="🔍 Checking JSONL content hash AFTER pull (fix: auto-pull-not-pulling)"
time=2026-02-22T22:57:01.170-05:00 level=INFO msg="JSONL content changed, proceeding with operation..." mode=auto-import
time=2026-02-22T22:57:01.318-05:00 level=INFO msg="Import failed" error="parent issue ac-4olo does not exist"
time=2026-02-22T22:57:02.160-05:00 level=INFO msg="Import triggered by file change"
time=2026-02-22T22:57:02.206-05:00 level=INFO msg="Starting auto-import" mode=auto-import
time=2026-02-22T22:57:02.654-05:00 level=INFO msg="File change detected" path=/Users/matthew/s-proj/main/.git/beads-worktrees/beads-sync/.beads/issues.jsonl
time=2026-02-22T22:57:02.669-05:00 level=INFO msg="Pulled sync branch" branch=beads-sync fast_forward=false merged=false
time=2026-02-22T22:57:02.669-05:00 level=INFO msg="🔍 Checking JSONL content hash AFTER pull (fix: auto-pull-not-pulling)"
time=2026-02-22T22:57:02.671-05:00 level=INFO msg="JSONL content changed, proceeding with operation..." mode=auto-import
time=2026-02-22T22:57:02.748-05:00 level=INFO msg="Import failed" error="parent issue ac-4olo does not exist"
time=2026-02-22T22:57:03.655-05:00 level=INFO msg="Import triggered by file change"
time=2026-02-22T22:57:03.681-05:00 level=INFO msg="Starting auto-import" mode=auto-import
time=2026-02-22T22:57:04.111-05:00 level=INFO msg="File change detected" path=/Users/matthew/s-proj/main/.git/beads-worktrees/beads-sync/.beads/issues.jsonl
time=2026-02-22T22:57:04.124-05:00 level=INFO msg="Pulled sync branch" branch=beads-sync fast_forward=false merged=false
time=2026-02-22T22:57:04.124-05:00 level=INFO msg="🔍 Checking JSONL content hash AFTER pull (fix: auto-pull-not-pulling)"
time=2026-02-22T22:57:04.124-05:00 level=INFO msg="JSONL content changed, proceeding with operation..." mode=auto-import
time=2026-02-22T22:57:04.201-05:00 level=INFO msg="Import failed" error="parent issue ac-4olo does not exist"
time=2026-02-22T22:57:05.113-05:00 level=INFO msg="Import triggered by file change"
time=2026-02-22T22:57:05.142-05:00 level=INFO msg="Starting auto-import" mode=auto-import
time=2026-02-22T22:57:05.657-05:00 level=INFO msg="File change detected" path=/Users/matthew/s-proj/main/.git/beads-worktrees/beads-sync/.beads/issues.jsonl
time=2026-02-22T22:57:05.670-05:00 level=INFO msg="Pulled sync branch" branch=beads-sync fast_forward=false merged=false
time=2026-02-22T22:57:05.670-05:00 level=INFO msg="🔍 Checking JSONL content hash AFTER pull (fix: auto-pull-not-pulling)"
time=2026-02-22T22:57:05.671-05:00 level=INFO msg="JSONL content changed, proceeding with operation..." mode=auto-import
time=2026-02-22T22:57:05.749-05:00 level=INFO msg="Import failed" error="parent issue ac-4olo does not exist"
time=2026-02-22T22:57:06.662-05:00 level=INFO msg="Import triggered by file change"
time=2026-02-22T22:57:06.695-05:00 level=INFO msg="Starting auto-import" mode=auto-import
time=2026-02-22T22:57:07.143-05:00 level=INFO msg="File change detected" path=/Users/matthew/s-proj/main/.git/beads-worktrees/beads-sync/.beads/issues.jsonl
time=2026-02-22T22:57:07.156-05:00 level=INFO msg="Pulled sync branch" branch=beads-sync fast_forward=false merged=false
time=2026-02-22T22:57:07.156-05:00 level=INFO msg="🔍 Checking JSONL content hash AFTER pull (fix: auto-pull-not-pulling)"
time=2026-02-22T22:57:07.158-05:00 level=INFO msg="JSONL content changed, proceeding with operation..." mode=auto-import
time=2026-02-22T22:57:07.235-05:00 level=INFO msg="Import failed" error="parent issue ac-4olo does not exist"
time=2026-02-22T22:57:08.144-05:00 level=INFO msg="Import triggered by file change"
time=2026-02-22T22:57:08.184-05:00 level=INFO msg="Starting auto-import" mode=auto-import
time=2026-02-22T22:57:08.633-05:00 level=INFO msg="File change detected" path=/Users/matthew/s-proj/main/.git/beads-worktrees/beads-sync/.beads/issues.jsonl
time=2026-02-22T22:57:08.646-05:00 level=INFO msg="Pulled sync branch" branch=beads-sync fast_forward=false merged=false
time=2026-02-22T22:57:08.646-05:00 level=INFO msg="🔍 Checking JSONL content hash AFTER pull (fix: auto-pull-not-pulling)"
time=2026-02-22T22:57:08.648-05:00 level=INFO msg="JSONL content changed, proceeding with operation..." mode=auto-import
time=2026-02-22T22:57:08.725-05:00 level=INFO msg="Import failed" error="parent issue ac-4olo does not exist"
time=2026-02-22T22:57:09.635-05:00 level=INFO msg="Import triggered by file change"
time=2026-02-22T22:57:09.678-05:00 level=INFO msg="Starting auto-import" mode=auto-import
time=2026-02-22T22:57:10.113-05:00 level=INFO msg="File change detected" path=/Users/matthew/s-proj/main/.git/beads-worktrees/beads-sync/.beads/issues.jsonl
time=2026-02-22T22:57:10.133-05:00 level=INFO msg="Pulled sync branch" branch=beads-sync fast_forward=false merged=false
time=2026-02-22T22:57:10.133-05:00 level=INFO msg="🔍 Checking JSONL content hash AFTER pull (fix: auto-pull-not-pulling)"
time=2026-02-22T22:57:10.135-05:00 level=INFO msg="JSONL content changed, proceeding with operation..." mode=auto-import
time=2026-02-22T22:57:10.212-05:00 level=INFO msg="Import failed" error="parent issue ac-4olo does not exist"
time=2026-02-22T22:57:11.116-05:00 level=INFO msg="Import triggered by file change"
time=2026-02-22T22:57:11.150-05:00 level=INFO msg="Starting auto-import" mode=auto-import
time=2026-02-22T22:57:11.591-05:00 level=INFO msg="File change detected" path=/Users/matthew/s-proj/main/.git/beads-worktrees/beads-sync/.beads/issues.jsonl
time=2026-02-22T22:57:11.603-05:00 level=INFO msg="Pulled sync branch" branch=beads-sync fast_forward=false merged=false
time=2026-02-22T22:57:11.603-05:00 level=INFO msg="🔍 Checking JSONL content hash AFTER pull (fix: auto-pull-not-pulling)"
time=2026-02-22T22:57:11.605-05:00 level=INFO msg="JSONL content changed, proceeding with operation..." mode=auto-import
time=2026-02-22T22:57:11.681-05:00 level=INFO msg="Import failed" error="parent issue ac-4olo does not exist"
time=2026-02-22T22:57:12.593-05:00 level=INFO msg="Import triggered by file change"
time=2026-02-22T22:57:12.628-05:00 level=INFO msg="Starting auto-import" mode=auto-import
time=2026-02-22T22:57:13.060-05:00 level=INFO msg="File change detected" path=/Users/matthew/s-proj/main/.git/beads-worktrees/beads-sync/.beads/issues.jsonl
time=2026-02-22T22:57:13.074-05:00 level=INFO msg="Pulled sync branch" branch=beads-sync fast_forward=false merged=false
time=2026-02-22T22:57:13.074-05:00 level=INFO msg="🔍 Checking JSONL content hash AFTER pull (fix: auto-pull-not-pulling)"
time=2026-02-22T22:57:13.075-05:00 level=INFO msg="JSONL content changed, proceeding with operation..." mode=auto-import
time=2026-02-22T22:57:13.153-05:00 level=INFO msg="Import failed" error="parent issue ac-4olo does not exist"
time=2026-02-22T22:57:14.062-05:00 level=INFO msg="Import triggered by file change"
time=2026-02-22T22:57:14.096-05:00 level=INFO msg="Starting auto-import" mode=auto-import
time=2026-02-22T22:57:14.561-05:00 level=INFO msg="File change detected" path=/Users/matthew/s-proj/main/.git/beads-worktrees/beads-sync/.beads/issues.jsonl
time=2026-02-22T22:57:14.575-05:00 level=INFO msg="Pulled sync branch" branch=beads-sync fast_forward=false merged=false
time=2026-02-22T22:57:14.575-05:00 level=INFO msg="🔍 Checking JSONL content hash AFTER pull (fix: auto-pull-not-pulling)"
time=2026-02-22T22:57:14.576-05:00 level=INFO msg="JSONL content changed, proceeding with operation..." mode=auto-import
time=2026-02-22T22:57:14.654-05:00 level=INFO msg="Import failed" error="parent issue ac-4olo does not exist"
time=2026-02-22T22:57:15.563-05:00 level=INFO msg="Import triggered by file change"
time=2026-02-22T22:57:15.615-05:00 level=INFO msg="Starting auto-import" mode=auto-import
time=2026-02-22T22:57:16.109-05:00 level=INFO msg="File change detected" path=/Users/matthew/s-proj/main/.git/beads-worktrees/beads-sync/.beads/issues.jsonl
time=2026-02-22T22:57:16.125-05:00 level=INFO msg="Pulled sync branch" branch=beads-sync fast_forward=false merged=false
time=2026-02-22T22:57:16.126-05:00 level=INFO msg="🔍 Checking JSONL content hash AFTER pull (fix: auto-pull-not-pulling)"
time=2026-02-22T22:57:16.127-05:00 level=INFO msg="JSONL content changed, proceeding with operation..." mode=auto-import
time=2026-02-22T22:57:16.207-05:00 level=INFO msg="Import failed" error="parent issue ac-4olo does not exist"
time=2026-02-22T22:57:17.111-05:00 level=INFO msg="Import triggered by file change"
time=2026-02-22T22:57:17.157-05:00 level=INFO msg="Starting auto-import" mode=auto-import
time=2026-02-22T22:57:17.638-05:00 level=INFO msg="File change detected" path=/Users/matthew/s-proj/main/.git/beads-worktrees/beads-sync/.beads/issues.jsonl
time=2026-02-22T22:57:17.657-05:00 level=INFO msg="Pulled sync branch" branch=beads-sync fast_forward=false merged=false
time=2026-02-22T22:57:17.657-05:00 level=INFO msg="🔍 Checking JSONL content hash AFTER pull (fix: auto-pull-not-pulling)"
time=2026-02-22T22:57:17.658-05:00 level=INFO msg="JSONL content changed, proceeding with operation..." mode=auto-import
time=2026-02-22T22:57:17.736-05:00 level=INFO msg="Import failed" error="parent issue ac-4olo does not exist"
time=2026-02-22T22:57:18.641-05:00 level=INFO msg="Import triggered by file change"
time=2026-02-22T22:57:18.707-05:00 level=INFO msg="Starting auto-import" mode=auto-import
time=2026-02-22T22:57:19.186-05:00 level=INFO msg="File change detected" path=/Users/matthew/s-proj/main/.git/beads-worktrees/beads-sync/.beads/issues.jsonl
time=2026-02-22T22:57:19.198-05:00 level=INFO msg="Pulled sync branch" branch=beads-sync fast_forward=false merged=false
time=2026-02-22T22:57:19.198-05:00 level=INFO msg="🔍 Checking JSONL content hash AFTER pull (fix: auto-pull-not-pulling)"
time=2026-02-22T22:57:19.200-05:00 level=INFO msg="JSONL content changed, proceeding with operation..." mode=auto-import
time=2026-02-22T22:57:19.278-05:00 level=INFO msg="Import failed" error="parent issue ac-4olo does not exist"
time=2026-02-22T22:57:20.188-05:00 level=INFO msg="Import triggered by file change"
time=2026-02-22T22:57:20.231-05:00 level=INFO msg="Starting auto-import" mode=auto-import
time=2026-02-22T22:57:20.711-05:00 level=INFO msg="File change detected" path=/Users/matthew/s-proj/main/.git/beads-worktrees/beads-sync/.beads/issues.jsonl
time=2026-02-22T22:57:20.721-05:00 level=INFO msg="Pulled sync branch" branch=beads-sync fast_forward=false merged=false
time=2026-02-22T22:57:20.721-05:00 level=INFO msg="🔍 Checking JSONL content hash AFTER pull (fix: auto-pull-not-pulling)"
time=2026-02-22T22:57:20.723-05:00 level=INFO msg="JSONL content changed, proceeding with operation..." mode=auto-import
time=2026-02-22T22:57:20.801-05:00 level=INFO msg="Import failed" error="parent issue ac-4olo does not exist"
time=2026-02-22T22:57:21.714-05:00 level=INFO msg="Import triggered by file change"
time=2026-02-22T22:57:21.763-05:00 level=INFO msg="Starting auto-import" mode=auto-import
time=2026-02-22T22:57:22.220-05:00 level=INFO msg="File change detected" path=/Users/matthew/s-proj/main/.git/beads-worktrees/beads-sync/.beads/issues.jsonl
time=2026-02-22T22:57:22.236-05:00 level=INFO msg="Pulled sync branch" branch=beads-sync fast_forward=false merged=false
time=2026-02-22T22:57:22.236-05:00 level=INFO msg="🔍 Checking JSONL content hash AFTER pull (fix: auto-pull-not-pulling)"
time=2026-02-22T22:57:22.237-05:00 level=INFO msg="JSONL content changed, proceeding with operation..." mode=auto-import
time=2026-02-22T22:57:22.314-05:00 level=INFO msg="Import failed" error="parent issue ac-4olo does not exist"
time=2026-02-22T22:57:23.222-05:00 level=INFO msg="Import triggered by file change"
time=2026-02-22T22:57:23.277-05:00 level=INFO msg="Starting auto-import" mode=auto-import
time=2026-02-22T22:57:23.734-05:00 level=INFO msg="File change detected" path=/Users/matthew/s-proj/main/.git/beads-worktrees/beads-sync/.beads/issues.jsonl
time=2026-02-22T22:57:23.756-05:00 level=INFO msg="Pulled sync branch" branch=beads-sync fast_forward=false merged=false
time=2026-02-22T22:57:23.756-05:00 level=INFO msg="🔍 Checking JSONL content hash AFTER pull (fix: auto-pull-not-pulling)"
time=2026-02-22T22:57:23.757-05:00 level=INFO msg="JSONL content changed, proceeding with operation..." mode=auto-import
time=2026-02-22T22:57:23.835-05:00 level=INFO msg="Import failed" error="parent issue ac-4olo does not exist"
time=2026-02-22T22:57:24.736-05:00 level=INFO msg="Import triggered by file change"
time=2026-02-22T22:57:24.811-05:00 level=INFO msg="Starting auto-import" mode=auto-import
time=2026-02-22T22:57:25.255-05:00 level=INFO msg="File change detected" path=/Users/matthew/s-proj/main/.git/beads-worktrees/beads-sync/.beads/issues.jsonl
time=2026-02-22T22:57:25.265-05:00 level=INFO msg="Pulled sync branch" branch=beads-sync fast_forward=false merged=false
time=2026-02-22T22:57:25.265-05:00 level=INFO msg="🔍 Checking JSONL content hash AFTER pull (fix: auto-pull-not-pulling)"
time=2026-02-22T22:57:25.265-05:00 level=INFO msg="JSONL content changed, proceeding with operation..." mode=auto-import
time=2026-02-22T22:57:25.342-05:00 level=INFO msg="Import failed" error="parent issue ac-4olo does not exist"
time=2026-02-22T22:57:26.260-05:00 level=INFO msg="Import triggered by file change"
time=2026-02-22T22:57:26.332-05:00 level=INFO msg="Starting auto-import" mode=auto-import
time=2026-02-22T22:57:26.818-05:00 level=INFO msg="File change detected" path=/Users/matthew/s-proj/main/.git/beads-worktrees/beads-sync/.beads/issues.jsonl
time=2026-02-22T22:57:26.831-05:00 level=INFO msg="Pulled sync branch" branch=beads-sync fast_forward=false merged=false
time=2026-02-22T22:57:26.831-05:00 level=INFO msg="🔍 Checking JSONL content hash AFTER pull (fix: auto-pull-not-pulling)"
time=2026-02-22T22:57:26.833-05:00 level=INFO msg="JSONL content changed, proceeding with operation..." mode=auto-import
time=2026-02-22T22:57:26.911-05:00 level=INFO msg="Import failed" error="parent issue ac-4olo does not exist"
time=2026-02-22T22:57:27.819-05:00 level=INFO msg="Import triggered by file change"
time=2026-02-22T22:57:27.871-05:00 level=INFO msg="Starting auto-import" mode=auto-import
time=2026-02-22T22:57:28.340-05:00 level=INFO msg="File change detected" path=/Users/matthew/s-proj/main/.git/beads-worktrees/beads-sync/.beads/issues.jsonl
time=2026-02-22T22:57:28.358-05:00 level=INFO msg="Pulled sync branch" branch=beads-sync fast_forward=false merged=false
time=2026-02-22T22:57:28.358-05:00 level=INFO msg="🔍 Checking JSONL content hash AFTER pull (fix: auto-pull-not-pulling)"
time=2026-02-22T22:57:28.360-05:00 level=INFO msg="JSONL content changed, proceeding with operation..." mode=auto-import
time=2026-02-22T22:57:28.439-05:00 level=INFO msg="Import failed" error="parent issue ac-4olo does not exist"
time=2026-02-22T22:57:29.345-05:00 level=INFO msg="Import triggered by file change"
time=2026-02-22T22:57:29.391-05:00 level=INFO msg="Starting auto-import" mode=auto-import
time=2026-02-22T22:57:29.898-05:00 level=INFO msg="File change detected" path=/Users/matthew/s-proj/main/.git/beads-worktrees/beads-sync/.beads/issues.jsonl
time=2026-02-22T22:57:29.912-05:00 level=INFO msg="Pulled sync branch" branch=beads-sync fast_forward=false merged=false
time=2026-02-22T22:57:29.912-05:00 level=INFO msg="🔍 Checking JSONL content hash AFTER pull (fix: auto-pull-not-pulling)"
time=2026-02-22T22:57:29.914-05:00 level=INFO msg="JSONL content changed, proceeding with operation..." mode=auto-import
time=2026-02-22T22:57:29.992-05:00 level=INFO msg="Import failed" error="parent issue ac-4olo does not exist"
time=2026-02-22T22:57:30.900-05:00 level=INFO msg="Import triggered by file change"
time=2026-02-22T22:57:30.961-05:00 level=INFO msg="Starting auto-import" mode=auto-import
time=2026-02-22T22:57:31.441-05:00 level=INFO msg="File change detected" path=/Users/matthew/s-proj/main/.git/beads-worktrees/beads-sync/.beads/issues.jsonl
time=2026-02-22T22:57:31.458-05:00 level=INFO msg="Pulled sync branch" branch=beads-sync fast_forward=false merged=false
time=2026-02-22T22:57:31.458-05:00 level=INFO msg="🔍 Checking JSONL content hash AFTER pull (fix: auto-pull-not-pulling)"
time=2026-02-22T22:57:31.460-05:00 level=INFO msg="JSONL content changed, proceeding with operation..." mode=auto-import
time=2026-02-22T22:57:31.538-05:00 level=INFO msg="Import failed" error="parent issue ac-4olo does not exist"
time=2026-02-22T22:57:32.443-05:00 level=INFO msg="Import triggered by file change"
time=2026-02-22T22:57:32.507-05:00 level=INFO msg="Starting auto-import" mode=auto-import
time=2026-02-22T22:57:33.011-05:00 level=INFO msg="File change detected" path=/Users/matthew/s-proj/main/.git/beads-worktrees/beads-sync/.beads/issues.jsonl
time=2026-02-22T22:57:33.026-05:00 level=INFO msg="Pulled sync branch" branch=beads-sync fast_forward=false merged=false
time=2026-02-22T22:57:33.027-05:00 level=INFO msg="🔍 Checking JSONL content hash AFTER pull (fix: auto-pull-not-pulling)"
time=2026-02-22T22:57:33.031-05:00 level=INFO msg="JSONL content changed, proceeding with operation..." mode=auto-import
time=2026-02-22T22:57:33.110-05:00 level=INFO msg="Import failed" error="parent issue ac-4olo does not exist"
time=2026-02-22T22:57:34.013-05:00 level=INFO msg="Import triggered by file change"
time=2026-02-22T22:57:34.067-05:00 level=INFO msg="Starting auto-import" mode=auto-import
time=2026-02-22T22:57:34.540-05:00 level=INFO msg="File change detected" path=/Users/matthew/s-proj/main/.git/beads-worktrees/beads-sync/.beads/issues.jsonl
time=2026-02-22T22:57:34.554-05:00 level=INFO msg="Pulled sync branch" branch=beads-sync fast_forward=false merged=false
time=2026-02-22T22:57:34.554-05:00 level=INFO msg="🔍 Checking JSONL content hash AFTER pull (fix: auto-pull-not-pulling)"
time=2026-02-22T22:57:34.556-05:00 level=INFO msg="JSONL content changed, proceeding with operation..." mode=auto-import
time=2026-02-22T22:57:34.632-05:00 level=INFO msg="Import failed" error="parent issue ac-4olo does not exist"
time=2026-02-22T22:57:35.542-05:00 level=INFO msg="Import triggered by file change"
time=2026-02-22T22:57:35.621-05:00 level=INFO msg="Starting auto-import" mode=auto-import
time=2026-02-22T22:57:36.101-05:00 level=INFO msg="File change detected" path=/Users/matthew/s-proj/main/.git/beads-worktrees/beads-sync/.beads/issues.jsonl
time=2026-02-22T22:57:36.114-05:00 level=INFO msg="Pulled sync branch" branch=beads-sync fast_forward=false merged=false
time=2026-02-22T22:57:36.114-05:00 level=INFO msg="🔍 Checking JSONL content hash AFTER pull (fix: auto-pull-not-pulling)"
time=2026-02-22T22:57:36.115-05:00 level=INFO msg="JSONL content changed, proceeding with operation..." mode=auto-import
time=2026-02-22T22:57:36.192-05:00 level=INFO msg="Import failed" error="parent issue ac-4olo does not exist"
time=2026-02-22T22:57:37.104-05:00 level=INFO msg="Import triggered by file change"
time=2026-02-22T22:57:37.166-05:00 level=INFO msg="Starting auto-import" mode=auto-import
time=2026-02-22T22:57:37.588-05:00 level=INFO msg="File change detected" path=/Users/matthew/s-proj/main/.git/beads-worktrees/beads-sync/.beads/issues.jsonl
time=2026-02-22T22:57:37.599-05:00 level=INFO msg="Pulled sync branch" branch=beads-sync fast_forward=false merged=false
time=2026-02-22T22:57:37.599-05:00 level=INFO msg="🔍 Checking JSONL content hash AFTER pull (fix: auto-pull-not-pulling)"
time=2026-02-22T22:57:37.601-05:00 level=INFO msg="JSONL content changed, proceeding with operation..." mode=auto-import
time=2026-02-22T22:57:37.675-05:00 level=INFO msg="Import failed" error="parent issue ac-4olo does not exist"
time=2026-02-22T22:57:38.593-05:00 level=INFO msg="Import triggered by file change"
time=2026-02-22T22:57:38.647-05:00 level=INFO msg="Starting auto-import" mode=auto-import
time=2026-02-22T22:57:39.128-05:00 level=INFO msg="File change detected" path=/Users/matthew/s-proj/main/.git/beads-worktrees/beads-sync/.beads/issues.jsonl
time=2026-02-22T22:57:39.141-05:00 level=INFO msg="Pulled sync branch" branch=beads-sync fast_forward=false merged=false
time=2026-02-22T22:57:39.141-05:00 level=INFO msg="🔍 Checking JSONL content hash AFTER pull (fix: auto-pull-not-pulling)"
time=2026-02-22T22:57:39.142-05:00 level=INFO msg="JSONL content changed, proceeding with operation..." mode=auto-import
time=2026-02-22T22:57:39.218-05:00 level=INFO msg="Import failed" error="parent issue ac-4olo does not exist"
time=2026-02-22T22:57:40.132-05:00 level=INFO msg="Import triggered by file change"
time=2026-02-22T22:57:40.200-05:00 level=INFO msg="Starting auto-import" mode=auto-import
time=2026-02-22T22:57:40.668-05:00 level=INFO msg="File change detected" path=/Users/matthew/s-proj/main/.git/beads-worktrees/beads-sync/.beads/issues.jsonl
time=2026-02-22T22:57:40.679-05:00 level=INFO msg="Pulled sync branch" branch=beads-sync fast_forward=false merged=false
time=2026-02-22T22:57:40.679-05:00 level=INFO msg="🔍 Checking JSONL content hash AFTER pull (fix: auto-pull-not-pulling)"
time=2026-02-22T22:57:40.680-05:00 level=INFO msg="JSONL content changed, proceeding with operation..." mode=auto-import
time=2026-02-22T22:57:40.755-05:00 level=INFO msg="Import failed" error="parent issue ac-4olo does not exist"
time=2026-02-22T22:57:41.670-05:00 level=INFO msg="Import triggered by file change"
time=2026-02-22T22:57:41.731-05:00 level=INFO msg="Starting auto-import" mode=auto-import
time=2026-02-22T22:57:42.166-05:00 level=INFO msg="File change detected" path=/Users/matthew/s-proj/main/.git/beads-worktrees/beads-sync/.beads/issues.jsonl
time=2026-02-22T22:57:42.178-05:00 level=INFO msg="Pulled sync branch" branch=beads-sync fast_forward=false merged=false
time=2026-02-22T22:57:42.178-05:00 level=INFO msg="🔍 Checking JSONL content hash AFTER pull (fix: auto-pull-not-pulling)"
time=2026-02-22T22:57:42.180-05:00 level=INFO msg="JSONL content changed, proceeding with operation..." mode=auto-import
time=2026-02-22T22:57:42.260-05:00 level=INFO msg="Import failed" error="parent issue ac-4olo does not exist"
time=2026-02-22T22:57:43.167-05:00 level=INFO msg="Import triggered by file change"
time=2026-02-22T22:57:43.225-05:00 level=INFO msg="Starting auto-import" mode=auto-import
time=2026-02-22T22:57:43.642-05:00 level=INFO msg="File change detected" path=/Users/matthew/s-proj/main/.git/beads-worktrees/beads-sync/.beads/issues.jsonl
time=2026-02-22T22:57:43.658-05:00 level=INFO msg="Pulled sync branch" branch=beads-sync fast_forward=false merged=false
time=2026-02-22T22:57:43.658-05:00 level=INFO msg="🔍 Checking JSONL content hash AFTER pull (fix: auto-pull-not-pulling)"
time=2026-02-22T22:57:43.659-05:00 level=INFO msg="JSONL content changed, proceeding with operation..." mode=auto-import
time=2026-02-22T22:57:43.737-05:00 level=INFO msg="Import failed" error="parent issue ac-4olo does not exist"
time=2026-02-22T22:57:44.661-05:00 level=INFO msg="Import triggered by file change"
time=2026-02-22T22:57:44.696-05:00 level=INFO msg="Starting auto-import" mode=auto-import
time=2026-02-22T22:57:45.190-05:00 level=INFO msg="File change detected" path=/Users/matthew/s-proj/main/.git/beads-worktrees/beads-sync/.beads/issues.jsonl
time=2026-02-22T22:57:45.203-05:00 level=INFO msg="Pulled sync branch" branch=beads-sync fast_forward=false merged=false
time=2026-02-22T22:57:45.203-05:00 level=INFO msg="🔍 Checking JSONL content hash AFTER pull (fix: auto-pull-not-pulling)"
time=2026-02-22T22:57:45.204-05:00 level=INFO msg="JSONL content changed, proceeding with operation..." mode=auto-import
time=2026-02-22T22:57:45.284-05:00 level=INFO msg="Import failed" error="parent issue ac-4olo does not exist"
time=2026-02-22T22:57:46.196-05:00 level=INFO msg="Import triggered by file change"
time=2026-02-22T22:57:46.230-05:00 level=INFO msg="Starting auto-import" mode=auto-import
time=2026-02-22T22:57:46.661-05:00 level=INFO msg="File change detected" path=/Users/matthew/s-proj/main/.git/beads-worktrees/beads-sync/.beads/issues.jsonl
time=2026-02-22T22:57:46.677-05:00 level=INFO msg="Pulled sync branch" branch=beads-sync fast_forward=false merged=false
time=2026-02-22T22:57:46.677-05:00 level=INFO msg="🔍 Checking JSONL content hash AFTER pull (fix: auto-pull-not-pulling)"
time=2026-02-22T22:57:46.677-05:00 level=INFO msg="JSONL content changed, proceeding with operation..." mode=auto-import
time=2026-02-22T22:57:46.752-05:00 level=INFO msg="Import failed" error="parent issue ac-4olo does not exist"
time=2026-02-22T22:57:47.663-05:00 level=INFO msg="Import triggered by file change"
time=2026-02-22T22:57:47.706-05:00 level=INFO msg="Starting auto-import" mode=auto-import
time=2026-02-22T22:57:48.141-05:00 level=INFO msg="File change detected" path=/Users/matthew/s-proj/main/.git/beads-worktrees/beads-sync/.beads/issues.jsonl
time=2026-02-22T22:57:48.151-05:00 level=INFO msg="Pulled sync branch" branch=beads-sync fast_forward=false merged=false
time=2026-02-22T22:57:48.151-05:00 level=INFO msg="🔍 Checking JSONL content hash AFTER pull (fix: auto-pull-not-pulling)"
time=2026-02-22T22:57:48.152-05:00 level=INFO msg="JSONL content changed, proceeding with operation..." mode=auto-import
time=2026-02-22T22:57:48.228-05:00 level=INFO msg="Import failed" error="parent issue ac-4olo does not exist"
time=2026-02-22T22:57:49.144-05:00 level=INFO msg="Import triggered by file change"
time=2026-02-22T22:57:49.178-05:00 level=INFO msg="Starting auto-import" mode=auto-import
time=2026-02-22T22:57:49.618-05:00 level=INFO msg="File change detected" path=/Users/matthew/s-proj/main/.git/beads-worktrees/beads-sync/.beads/issues.jsonl
time=2026-02-22T22:57:49.629-05:00 level=INFO msg="Pulled sync branch" branch=beads-sync fast_forward=false merged=false
time=2026-02-22T22:57:49.630-05:00 level=INFO msg="🔍 Checking JSONL content hash AFTER pull (fix: auto-pull-not-pulling)"
time=2026-02-22T22:57:49.630-05:00 level=INFO msg="JSONL content changed, proceeding with operation..." mode=auto-import
time=2026-02-22T22:57:49.705-05:00 level=INFO msg="Import failed" error="parent issue ac-4olo does not exist"
time=2026-02-22T22:57:50.635-05:00 level=INFO msg="Import triggered by file change"
time=2026-02-22T22:57:50.670-05:00 level=INFO msg="Starting auto-import" mode=auto-import
time=2026-02-22T22:57:51.261-05:00 level=INFO msg="File change detected" path=/Users/matthew/s-proj/main/.git/beads-worktrees/beads-sync/.beads/issues.jsonl
time=2026-02-22T22:57:51.276-05:00 level=INFO msg="Pulled sync branch" branch=beads-sync fast_forward=false merged=false
time=2026-02-22T22:57:51.276-05:00 level=INFO msg="🔍 Checking JSONL content hash AFTER pull (fix: auto-pull-not-pulling)"
time=2026-02-22T22:57:51.278-05:00 level=INFO msg="JSONL content changed, proceeding with operation..." mode=auto-import
time=2026-02-22T22:57:51.354-05:00 level=INFO msg="Import failed" error="parent issue ac-4olo does not exist"
time=2026-02-22T22:57:52.263-05:00 level=INFO msg="Import triggered by file change"
time=2026-02-22T22:57:52.322-05:00 level=INFO msg="Starting auto-import" mode=auto-import
time=2026-02-22T22:57:52.795-05:00 level=INFO msg="File change detected" path=/Users/matthew/s-proj/main/.git/beads-worktrees/beads-sync/.beads/issues.jsonl
time=2026-02-22T22:57:52.805-05:00 level=INFO msg="Pulled sync branch" branch=beads-sync fast_forward=false merged=false
time=2026-02-22T22:57:52.805-05:00 level=INFO msg="🔍 Checking JSONL content hash AFTER pull (fix: auto-pull-not-pulling)"
time=2026-02-22T22:57:52.807-05:00 level=INFO msg="JSONL content changed, proceeding with operation..." mode=auto-import
time=2026-02-22T22:57:52.884-05:00 level=INFO msg="Import failed" error="parent issue ac-4olo does not exist"
time=2026-02-22T22:57:53.797-05:00 level=INFO msg="Import triggered by file change"
time=2026-02-22T22:57:53.848-05:00 level=INFO msg="Starting auto-import" mode=auto-import
time=2026-02-22T22:57:54.326-05:00 level=INFO msg="File change detected" path=/Users/matthew/s-proj/main/.git/beads-worktrees/beads-sync/.beads/issues.jsonl
time=2026-02-22T22:57:54.342-05:00 level=INFO msg="Pulled sync branch" branch=beads-sync fast_forward=false merged=false
time=2026-02-22T22:57:54.342-05:00 level=INFO msg="🔍 Checking JSONL content hash AFTER pull (fix: auto-pull-not-pulling)"
time=2026-02-22T22:57:54.344-05:00 level=INFO msg="JSONL content changed, proceeding with operation..." mode=auto-import
time=2026-02-22T22:57:54.420-05:00 level=INFO msg="Import failed" error="parent issue ac-4olo does not exist"
time=2026-02-22T22:57:55.328-05:00 level=INFO msg="Import triggered by file change"
time=2026-02-22T22:57:55.394-05:00 level=INFO msg="Starting auto-import" mode=auto-import
time=2026-02-22T22:57:55.857-05:00 level=INFO msg="File change detected" path=/Users/matthew/s-proj/main/.git/beads-worktrees/beads-sync/.beads/issues.jsonl
time=2026-02-22T22:57:55.871-05:00 level=INFO msg="Pulled sync branch" branch=beads-sync fast_forward=false merged=false
time=2026-02-22T22:57:55.871-05:00 level=INFO msg="🔍 Checking JSONL content hash AFTER pull (fix: auto-pull-not-pulling)"
time=2026-02-22T22:57:55.872-05:00 level=INFO msg="JSONL content changed, proceeding with operation..." mode=auto-import
time=2026-02-22T22:57:55.950-05:00 level=INFO msg="Import failed" error="parent issue ac-4olo does not exist"
time=2026-02-22T22:57:56.861-05:00 level=INFO msg="Import triggered by file change"
time=2026-02-22T22:57:56.916-05:00 level=INFO msg="Starting auto-import" mode=auto-import
time=2026-02-22T22:57:57.443-05:00 level=INFO msg="File change detected" path=/Users/matthew/s-proj/main/.git/beads-worktrees/beads-sync/.beads/issues.jsonl
time=2026-02-22T22:57:57.459-05:00 level=INFO msg="Pulled sync branch" branch=beads-sync fast_forward=false merged=false
time=2026-02-22T22:57:57.459-05:00 level=INFO msg="🔍 Checking JSONL content hash AFTER pull (fix: auto-pull-not-pulling)"
time=2026-02-22T22:57:57.460-05:00 level=INFO msg="JSONL content changed, proceeding with operation..." mode=auto-import
time=2026-02-22T22:57:57.539-05:00 level=INFO msg="Import failed" error="parent issue ac-4olo does not exist"
time=2026-02-22T22:57:58.445-05:00 level=INFO msg="Import triggered by file change"
time=2026-02-22T22:57:58.504-05:00 level=INFO msg="Starting auto-import" mode=auto-import
time=2026-02-22T22:57:59.015-05:00 level=INFO msg="File change detected" path=/Users/matthew/s-proj/main/.git/beads-worktrees/beads-sync/.beads/issues.jsonl
time=2026-02-22T22:57:59.027-05:00 level=INFO msg="Pulled sync branch" branch=beads-sync fast_forward=false merged=false
time=2026-02-22T22:57:59.027-05:00 level=INFO msg="🔍 Checking JSONL content hash AFTER pull (fix: auto-pull-not-pulling)"
time=2026-02-22T22:57:59.029-05:00 level=INFO msg="JSONL content changed, proceeding with operation..." mode=auto-import
time=2026-02-22T22:57:59.108-05:00 level=INFO msg="Import failed" error="parent issue ac-4olo does not exist"
time=2026-02-22T22:58:00.016-05:00 level=INFO msg="Import triggered by file change"
time=2026-02-22T22:58:00.078-05:00 level=INFO msg="Starting auto-import" mode=auto-import
time=2026-02-22T22:58:00.576-05:00 level=INFO msg="File change detected" path=/Users/matthew/s-proj/main/.git/beads-worktrees/beads-sync/.beads/issues.jsonl
time=2026-02-22T22:58:00.591-05:00 level=INFO msg="Pulled sync branch" branch=beads-sync fast_forward=false merged=false
time=2026-02-22T22:58:00.591-05:00 level=INFO msg="🔍 Checking JSONL content hash AFTER pull (fix: auto-pull-not-pulling)"
time=2026-02-22T22:58:00.592-05:00 level=INFO msg="JSONL content changed, proceeding with operation..." mode=auto-import
time=2026-02-22T22:58:00.670-05:00 level=INFO msg="Import failed" error="parent issue ac-4olo does not exist"
time=2026-02-22T22:58:01.577-05:00 level=INFO msg="Import triggered by file change"
time=2026-02-22T22:58:01.636-05:00 level=INFO msg="Starting auto-import" mode=auto-import
time=2026-02-22T22:58:02.143-05:00 level=INFO msg="File change detected" path=/Users/matthew/s-proj/main/.git/beads-worktrees/beads-sync/.beads/issues.jsonl
time=2026-02-22T22:58:02.156-05:00 level=INFO msg="Pulled sync branch" branch=beads-sync fast_forward=false merged=false
time=2026-02-22T22:58:02.156-05:00 level=INFO msg="🔍 Checking JSONL content hash AFTER pull (fix: auto-pull-not-pulling)"
time=2026-02-22T22:58:02.157-05:00 level=INFO msg="JSONL content changed, proceeding with operation..." mode=auto-import
time=2026-02-22T22:58:02.235-05:00 level=INFO msg="Import failed" error="parent issue ac-4olo does not exist"
time=2026-02-22T22:58:03.145-05:00 level=INFO msg="Import triggered by file change"
time=2026-02-22T22:58:03.209-05:00 level=INFO msg="Starting auto-import" mode=auto-import
time=2026-02-22T22:58:03.748-05:00 level=INFO msg="File change detected" path=/Users/matthew/s-proj/main/.git/beads-worktrees/beads-sync/.beads/issues.jsonl
time=2026-02-22T22:58:03.764-05:00 level=INFO msg="Pulled sync branch" branch=beads-sync fast_forward=false merged=false
time=2026-02-22T22:58:03.764-05:00 level=INFO msg="🔍 Checking JSONL content hash AFTER pull (fix: auto-pull-not-pulling)"
time=2026-02-22T22:58:03.766-05:00 level=INFO msg="JSONL content changed, proceeding with operation..." mode=auto-import
time=2026-02-22T22:58:03.842-05:00 level=INFO msg="Import failed" error="parent issue ac-4olo does not exist"
time=2026-02-22T22:58:04.751-05:00 level=INFO msg="Import triggered by file change"
time=2026-02-22T22:58:04.812-05:00 level=INFO msg="Starting auto-import" mode=auto-import
time=2026-02-22T22:58:05.340-05:00 level=INFO msg="File change detected" path=/Users/matthew/s-proj/main/.git/beads-worktrees/beads-sync/.beads/issues.jsonl
time=2026-02-22T22:58:05.361-05:00 level=INFO msg="Pulled sync branch" branch=beads-sync fast_forward=false merged=false
time=2026-02-22T22:58:05.361-05:00 level=INFO msg="🔍 Checking JSONL content hash AFTER pull (fix: auto-pull-not-pulling)"
time=2026-02-22T22:58:05.367-05:00 level=INFO msg="JSONL content changed, proceeding with operation..." mode=auto-import
time=2026-02-22T22:58:05.445-05:00 level=INFO msg="Import failed" error="parent issue ac-4olo does not exist"
time=2026-02-22T22:58:06.344-05:00 level=INFO msg="Import triggered by file change"
time=2026-02-22T22:58:06.416-05:00 level=INFO msg="Starting auto-import" mode=auto-import
time=2026-02-22T22:58:06.915-05:00 level=INFO msg="File change detected" path=/Users/matthew/s-proj/main/.git/beads-worktrees/beads-sync/.beads/issues.jsonl
time=2026-02-22T22:58:06.928-05:00 level=INFO msg="Pulled sync branch" branch=beads-sync fast_forward=false merged=false
time=2026-02-22T22:58:06.928-05:00 level=INFO msg="🔍 Checking JSONL content hash AFTER pull (fix: auto-pull-not-pulling)"
time=2026-02-22T22:58:06.929-05:00 level=INFO msg="JSONL content changed, proceeding with operation..." mode=auto-import
time=2026-02-22T22:58:07.008-05:00 level=INFO msg="Import failed" error="parent issue ac-4olo does not exist"
time=2026-02-22T22:58:07.918-05:00 level=INFO msg="Import triggered by file change"
time=2026-02-22T22:58:07.975-05:00 level=INFO msg="Starting auto-import" mode=auto-import
time=2026-02-22T22:58:08.427-05:00 level=INFO msg="File change detected" path=/Users/matthew/s-proj/main/.git/beads-worktrees/beads-sync/.beads/issues.jsonl
time=2026-02-22T22:58:08.441-05:00 level=INFO msg="Pulled sync branch" branch=beads-sync fast_forward=false merged=false
time=2026-02-22T22:58:08.441-05:00 level=INFO msg="🔍 Checking JSONL content hash AFTER pull (fix: auto-pull-not-pulling)"
time=2026-02-22T22:58:08.443-05:00 level=INFO msg="JSONL content changed, proceeding with operation..." mode=auto-import
time=2026-02-22T22:58:08.518-05:00 level=INFO msg="Import failed" error="parent issue ac-4olo does not exist"
time=2026-02-22T22:58:09.429-05:00 level=INFO msg="Import triggered by file change"
time=2026-02-22T22:58:09.477-05:00 level=INFO msg="Starting auto-import" mode=auto-import
time=2026-02-22T22:58:09.963-05:00 level=INFO msg="File change detected" path=/Users/matthew/s-proj/main/.git/beads-worktrees/beads-sync/.beads/issues.jsonl
time=2026-02-22T22:58:09.981-05:00 level=INFO msg="Pulled sync branch" branch=beads-sync fast_forward=false merged=false
time=2026-02-22T22:58:09.981-05:00 level=INFO msg="🔍 Checking JSONL content hash AFTER pull (fix: auto-pull-not-pulling)"
time=2026-02-22T22:58:09.983-05:00 level=INFO msg="JSONL content changed, proceeding with operation..." mode=auto-import
time=2026-02-22T22:58:10.061-05:00 level=INFO msg="Import failed" error="parent issue ac-4olo does not exist"
time=2026-02-22T22:58:10.966-05:00 level=INFO msg="Import triggered by file change"
time=2026-02-22T22:58:11.000-05:00 level=INFO msg="Starting auto-import" mode=auto-import
time=2026-02-22T22:58:11.584-05:00 level=INFO msg="File change detected" path=/Users/matthew/s-proj/main/.git/beads-worktrees/beads-sync/.beads/issues.jsonl
time=2026-02-22T22:58:11.597-05:00 level=INFO msg="Pulled sync branch" branch=beads-sync fast_forward=false merged=false
time=2026-02-22T22:58:11.597-05:00 level=INFO msg="🔍 Checking JSONL content hash AFTER pull (fix: auto-pull-not-pulling)"
time=2026-02-22T22:58:11.598-05:00 level=INFO msg="JSONL content changed, proceeding with operation..." mode=auto-import
time=2026-02-22T22:58:11.676-05:00 level=INFO msg="Import failed" error="parent issue ac-4olo does not exist"
time=2026-02-22T22:58:12.586-05:00 level=INFO msg="Import triggered by file change"
time=2026-02-22T22:58:12.616-05:00 level=INFO msg="Starting auto-import" mode=auto-import
time=2026-02-22T22:58:13.181-05:00 level=INFO msg="File change detected" path=/Users/matthew/s-proj/main/.git/beads-worktrees/beads-sync/.beads/issues.jsonl
time=2026-02-22T22:58:13.194-05:00 level=INFO msg="Pulled sync branch" branch=beads-sync fast_forward=false merged=false
time=2026-02-22T22:58:13.194-05:00 level=INFO msg="🔍 Checking JSONL content hash AFTER pull (fix: auto-pull-not-pulling)"
time=2026-02-22T22:58:13.195-05:00 level=INFO msg="JSONL content changed, proceeding with operation..." mode=auto-import
time=2026-02-22T22:58:13.272-05:00 level=INFO msg="Import failed" error="parent issue ac-4olo does not exist"
time=2026-02-22T22:58:14.192-05:00 level=INFO msg="Import triggered by file change"
time=2026-02-22T22:58:14.253-05:00 level=INFO msg="Starting auto-import" mode=auto-import
time=2026-02-22T22:58:14.772-05:00 level=INFO msg="File change detected" path=/Users/matthew/s-proj/main/.git/beads-worktrees/beads-sync/.beads/issues.jsonl
time=2026-02-22T22:58:14.786-05:00 level=INFO msg="Pulled sync branch" branch=beads-sync fast_forward=false merged=false
time=2026-02-22T22:58:14.786-05:00 level=INFO msg="🔍 Checking JSONL content hash AFTER pull (fix: auto-pull-not-pulling)"
time=2026-02-22T22:58:14.788-05:00 level=INFO msg="JSONL content changed, proceeding with operation..." mode=auto-import
time=2026-02-22T22:58:14.868-05:00 level=INFO msg="Import failed" error="parent issue ac-4olo does not exist"
time=2026-02-22T22:58:15.773-05:00 level=INFO msg="Import triggered by file change"
time=2026-02-22T22:58:15.821-05:00 level=INFO msg="Starting auto-import" mode=auto-import
time=2026-02-22T22:58:16.388-05:00 level=INFO msg="File change detected" path=/Users/matthew/s-proj/main/.git/beads-worktrees/beads-sync/.beads/issues.jsonl
time=2026-02-22T22:58:16.405-05:00 level=INFO msg="Pulled sync branch" branch=beads-sync fast_forward=false merged=false
time=2026-02-22T22:58:16.405-05:00 level=INFO msg="🔍 Checking JSONL content hash AFTER pull (fix: auto-pull-not-pulling)"
time=2026-02-22T22:58:16.407-05:00 level=INFO msg="JSONL content changed, proceeding with operation..." mode=auto-import
time=2026-02-22T22:58:16.491-05:00 level=INFO msg="Import failed" error="parent issue ac-4olo does not exist"
time=2026-02-22T22:58:17.389-05:00 level=INFO msg="Import triggered by file change"
time=2026-02-22T22:58:17.457-05:00 level=INFO msg="Starting auto-import" mode=auto-import
time=2026-02-22T22:58:18.125-05:00 level=INFO msg="File change detected" path=/Users/matthew/s-proj/main/.git/beads-worktrees/beads-sync/.beads/issues.jsonl
time=2026-02-22T22:58:18.138-05:00 level=INFO msg="Pulled sync branch" branch=beads-sync fast_forward=false merged=false
time=2026-02-22T22:58:18.138-05:00 level=INFO msg="🔍 Checking JSONL content hash AFTER pull (fix: auto-pull-not-pulling)"
time=2026-02-22T22:58:18.139-05:00 level=INFO msg="JSONL content changed, proceeding with operation..." mode=auto-import
time=2026-02-22T22:58:18.216-05:00 level=INFO msg="Import failed" error="parent issue ac-4olo does not exist"
time=2026-02-22T22:58:19.127-05:00 level=INFO msg="Import triggered by file change"
time=2026-02-22T22:58:19.169-05:00 level=INFO msg="Starting auto-import" mode=auto-import
time=2026-02-22T22:58:19.642-05:00 level=INFO msg="File change detected" path=/Users/matthew/s-proj/main/.git/beads-worktrees/beads-sync/.beads/issues.jsonl
time=2026-02-22T22:58:19.656-05:00 level=INFO msg="Pulled sync branch" branch=beads-sync fast_forward=false merged=false
time=2026-02-22T22:58:19.656-05:00 level=INFO msg="🔍 Checking JSONL content hash AFTER pull (fix: auto-pull-not-pulling)"
time=2026-02-22T22:58:19.657-05:00 level=INFO msg="JSONL content changed, proceeding with operation..." mode=auto-import
time=2026-02-22T22:58:19.733-05:00 level=INFO msg="Import failed" error="parent issue ac-4olo does not exist"
time=2026-02-22T22:58:20.644-05:00 level=INFO msg="Import triggered by file change"
time=2026-02-22T22:58:20.701-05:00 level=INFO msg="Starting auto-import" mode=auto-import
time=2026-02-22T22:58:21.300-05:00 level=INFO msg="File change detected" path=/Users/matthew/s-proj/main/.git/beads-worktrees/beads-sync/.beads/issues.jsonl
time=2026-02-22T22:58:21.316-05:00 level=INFO msg="Pulled sync branch" branch=beads-sync fast_forward=false merged=false
time=2026-02-22T22:58:21.316-05:00 level=INFO msg="🔍 Checking JSONL content hash AFTER pull (fix: auto-pull-not-pulling)"
time=2026-02-22T22:58:21.318-05:00 level=INFO msg="JSONL content changed, proceeding with operation..." mode=auto-import
time=2026-02-22T22:58:21.404-05:00 level=INFO msg="Import failed" error="parent issue ac-4olo does not exist"
time=2026-02-22T22:58:22.302-05:00 level=INFO msg="Import triggered by file change"
time=2026-02-22T22:58:22.351-05:00 level=INFO msg="Starting auto-import" mode=auto-import
time=2026-02-22T22:58:22.832-05:00 level=INFO msg="File change detected" path=/Users/matthew/s-proj/main/.git/beads-worktrees/beads-sync/.beads/issues.jsonl
time=2026-02-22T22:58:22.850-05:00 level=INFO msg="Pulled sync branch" branch=beads-sync fast_forward=false merged=false
time=2026-02-22T22:58:22.850-05:00 level=INFO msg="🔍 Checking JSONL content hash AFTER pull (fix: auto-pull-not-pulling)"
time=2026-02-22T22:58:22.852-05:00 level=INFO msg="JSONL content changed, proceeding with operation..." mode=auto-import
time=2026-02-22T22:58:22.936-05:00 level=INFO msg="Import failed" error="parent issue ac-4olo does not exist"
time=2026-02-22T22:58:23.834-05:00 level=INFO msg="Import triggered by file change"
time=2026-02-22T22:58:23.870-05:00 level=INFO msg="Starting auto-import" mode=auto-import
time=2026-02-22T22:58:24.505-05:00 level=INFO msg="File change detected" path=/Users/matthew/s-proj/main/.git/beads-worktrees/beads-sync/.beads/issues.jsonl
time=2026-02-22T22:58:24.520-05:00 level=INFO msg="Pulled sync branch" branch=beads-sync fast_forward=false merged=false
time=2026-02-22T22:58:24.520-05:00 level=INFO msg="🔍 Checking JSONL content hash AFTER pull (fix: auto-pull-not-pulling)"
time=2026-02-22T22:58:24.522-05:00 level=INFO msg="JSONL content changed, proceeding with operation..." mode=auto-import
time=2026-02-22T22:58:24.599-05:00 level=INFO msg="Import failed" error="parent issue ac-4olo does not exist"
time=2026-02-22T22:58:25.507-05:00 level=INFO msg="Import triggered by file change"
time=2026-02-22T22:58:25.544-05:00 level=INFO msg="Starting auto-import" mode=auto-import
time=2026-02-22T22:58:26.229-05:00 level=INFO msg="File change detected" path=/Users/matthew/s-proj/main/.git/beads-worktrees/beads-sync/.beads/issues.jsonl
time=2026-02-22T22:58:26.244-05:00 level=INFO msg="Pulled sync branch" branch=beads-sync fast_forward=false merged=false
time=2026-02-22T22:58:26.244-05:00 level=INFO msg="🔍 Checking JSONL content hash AFTER pull (fix: auto-pull-not-pulling)"
time=2026-02-22T22:58:26.245-05:00 level=INFO msg="JSONL content changed, proceeding with operation..." mode=auto-import
time=2026-02-22T22:58:26.321-05:00 level=INFO msg="Import failed" error="parent issue ac-4olo does not exist"
time=2026-02-22T22:58:27.231-05:00 level=INFO msg="Import triggered by file change"
time=2026-02-22T22:58:27.279-05:00 level=INFO msg="Starting auto-import" mode=auto-import
time=2026-02-22T22:58:27.841-05:00 level=INFO msg="File change detected" path=/Users/matthew/s-proj/main/.git/beads-worktrees/beads-sync/.beads/issues.jsonl
time=2026-02-22T22:58:27.854-05:00 level=INFO msg="Pulled sync branch" branch=beads-sync fast_forward=false merged=false
time=2026-02-22T22:58:27.854-05:00 level=INFO msg="🔍 Checking JSONL content hash AFTER pull (fix: auto-pull-not-pulling)"
time=2026-02-22T22:58:27.855-05:00 level=INFO msg="JSONL content changed, proceeding with operation..." mode=auto-import
time=2026-02-22T22:58:27.933-05:00 level=INFO msg="Import failed" error="parent issue ac-4olo does not exist"
time=2026-02-22T22:58:28.843-05:00 level=INFO msg="Import triggered by file change"
time=2026-02-22T22:58:28.889-05:00 level=INFO msg="Starting auto-import" mode=auto-import
time=2026-02-22T22:58:29.395-05:00 level=INFO msg="File change detected" path=/Users/matthew/s-proj/main/.git/beads-worktrees/beads-sync/.beads/issues.jsonl
time=2026-02-22T22:58:29.408-05:00 level=INFO msg="Pulled sync branch" branch=beads-sync fast_forward=false merged=false
time=2026-02-22T22:58:29.408-05:00 level=INFO msg="🔍 Checking JSONL content hash AFTER pull (fix: auto-pull-not-pulling)"
time=2026-02-22T22:58:29.410-05:00 level=INFO msg="JSONL content changed, proceeding with operation..." mode=auto-import
time=2026-02-22T22:58:29.485-05:00 level=INFO msg="Import failed" error="parent issue ac-4olo does not exist"
time=2026-02-22T22:58:30.397-05:00 level=INFO msg="Import triggered by file change"
time=2026-02-22T22:58:30.441-05:00 level=INFO msg="Starting auto-import" mode=auto-import
time=2026-02-22T22:58:30.877-05:00 level=INFO msg="File change detected" path=/Users/matthew/s-proj/main/.git/beads-worktrees/beads-sync/.beads/issues.jsonl
time=2026-02-22T22:58:30.890-05:00 level=INFO msg="Pulled sync branch" branch=beads-sync fast_forward=false merged=false
time=2026-02-22T22:58:30.890-05:00 level=INFO msg="🔍 Checking JSONL content hash AFTER pull (fix: auto-pull-not-pulling)"
time=2026-02-22T22:58:30.892-05:00 level=INFO msg="JSONL content changed, proceeding with operation..." mode=auto-import
time=2026-02-22T22:58:30.968-05:00 level=INFO msg="Import failed" error="parent issue ac-4olo does not exist"
time=2026-02-22T22:58:31.880-05:00 level=INFO msg="Import triggered by file change"
time=2026-02-22T22:58:31.922-05:00 level=INFO msg="Starting auto-import" mode=auto-import
time=2026-02-22T22:58:32.387-05:00 level=INFO msg="File change detected" path=/Users/matthew/s-proj/main/.git/beads-worktrees/beads-sync/.beads/issues.jsonl
time=2026-02-22T22:58:32.398-05:00 level=INFO msg="Pulled sync branch" branch=beads-sync fast_forward=false merged=false
time=2026-02-22T22:58:32.398-05:00 level=INFO msg="🔍 Checking JSONL content hash AFTER pull (fix: auto-pull-not-pulling)"
time=2026-02-22T22:58:32.399-05:00 level=INFO msg="JSONL content changed, proceeding with operation..." mode=auto-import
time=2026-02-22T22:58:32.476-05:00 level=INFO msg="Import failed" error="parent issue ac-4olo does not exist"
time=2026-02-22T22:58:33.389-05:00 level=INFO msg="Import triggered by file change"
time=2026-02-22T22:58:33.433-05:00 level=INFO msg="Starting auto-import" mode=auto-import
time=2026-02-22T22:58:33.903-05:00 level=INFO msg="File change detected" path=/Users/matthew/s-proj/main/.git/beads-worktrees/beads-sync/.beads/issues.jsonl
time=2026-02-22T22:58:33.917-05:00 level=INFO msg="Pulled sync branch" branch=beads-sync fast_forward=false merged=false
time=2026-02-22T22:58:33.917-05:00 level=INFO msg="🔍 Checking JSONL content hash AFTER pull (fix: auto-pull-not-pulling)"
time=2026-02-22T22:58:33.918-05:00 level=INFO msg="JSONL content changed, proceeding with operation..." mode=auto-import
time=2026-02-22T22:58:33.995-05:00 level=INFO msg="Import failed" error="parent issue ac-4olo does not exist"
time=2026-02-22T22:58:34.907-05:00 level=INFO msg="Import triggered by file change"
time=2026-02-22T22:58:34.943-05:00 level=INFO msg="Starting auto-import" mode=auto-import
time=2026-02-22T22:58:35.357-05:00 level=INFO msg="File change detected" path=/Users/matthew/s-proj/main/.git/beads-worktrees/beads-sync/.beads/issues.jsonl
time=2026-02-22T22:58:35.371-05:00 level=INFO msg="Pulled sync branch" branch=beads-sync fast_forward=false merged=false
time=2026-02-22T22:58:35.371-05:00 level=INFO msg="🔍 Checking JSONL content hash AFTER pull (fix: auto-pull-not-pulling)"
time=2026-02-22T22:58:35.372-05:00 level=INFO msg="JSONL content changed, proceeding with operation..." mode=auto-import
time=2026-02-22T22:58:35.447-05:00 level=INFO msg="Import failed" error="parent issue ac-4olo does not exist"
time=2026-02-22T22:58:36.358-05:00 level=INFO msg="Import triggered by file change"
time=2026-02-22T22:58:36.409-05:00 level=INFO msg="Starting auto-import" mode=auto-import
time=2026-02-22T22:58:36.822-05:00 level=INFO msg="File change detected" path=/Users/matthew/s-proj/main/.git/beads-worktrees/beads-sync/.beads/issues.jsonl
time=2026-02-22T22:58:36.833-05:00 level=INFO msg="Pulled sync branch" branch=beads-sync fast_forward=false merged=false
time=2026-02-22T22:58:36.833-05:00 level=INFO msg="🔍 Checking JSONL content hash AFTER pull (fix: auto-pull-not-pulling)"
time=2026-02-22T22:58:36.834-05:00 level=INFO msg="JSONL content changed, proceeding with operation..." mode=auto-import
time=2026-02-22T22:58:36.909-05:00 level=INFO msg="Import failed" error="parent issue ac-4olo does not exist"
time=2026-02-22T22:58:37.824-05:00 level=INFO msg="Import triggered by file change"
time=2026-02-22T22:58:37.853-05:00 level=INFO msg="Starting auto-import" mode=auto-import
time=2026-02-22T22:58:38.290-05:00 level=INFO msg="File change detected" path=/Users/matthew/s-proj/main/.git/beads-worktrees/beads-sync/.beads/issues.jsonl
time=2026-02-22T22:58:38.306-05:00 level=INFO msg="Pulled sync branch" branch=beads-sync fast_forward=false merged=false
time=2026-02-22T22:58:38.306-05:00 level=INFO msg="🔍 Checking JSONL content hash AFTER pull (fix: auto-pull-not-pulling)"
time=2026-02-22T22:58:38.307-05:00 level=INFO msg="JSONL content changed, proceeding with operation..." mode=auto-import
time=2026-02-22T22:58:38.386-05:00 level=INFO msg="Import failed" error="parent issue ac-4olo does not exist"
time=2026-02-22T22:58:39.300-05:00 level=INFO msg="Import triggered by file change"
time=2026-02-22T22:58:39.342-05:00 level=INFO msg="Starting auto-import" mode=auto-import
time=2026-02-22T22:58:39.787-05:00 level=INFO msg="File change detected" path=/Users/matthew/s-proj/main/.git/beads-worktrees/beads-sync/.beads/issues.jsonl
time=2026-02-22T22:58:39.803-05:00 level=INFO msg="Pulled sync branch" branch=beads-sync fast_forward=false merged=false
time=2026-02-22T22:58:39.803-05:00 level=INFO msg="🔍 Checking JSONL content hash AFTER pull (fix: auto-pull-not-pulling)"
time=2026-02-22T22:58:39.804-05:00 level=INFO msg="JSONL content changed, proceeding with operation..." mode=auto-import
time=2026-02-22T22:58:39.879-05:00 level=INFO msg="Import failed" error="parent issue ac-4olo does not exist"
time=2026-02-22T22:58:40.790-05:00 level=INFO msg="Import triggered by file change"
time=2026-02-22T22:58:40.833-05:00 level=INFO msg="Starting auto-import" mode=auto-import
time=2026-02-22T22:58:41.251-05:00 level=INFO msg="File change detected" path=/Users/matthew/s-proj/main/.git/beads-worktrees/beads-sync/.beads/issues.jsonl
time=2026-02-22T22:58:41.264-05:00 level=INFO msg="Pulled sync branch" branch=beads-sync fast_forward=false merged=false
time=2026-02-22T22:58:41.264-05:00 level=INFO msg="🔍 Checking JSONL content hash AFTER pull (fix: auto-pull-not-pulling)"
time=2026-02-22T22:58:41.265-05:00 level=INFO msg="JSONL content changed, proceeding with operation..." mode=auto-import
time=2026-02-22T22:58:41.343-05:00 level=INFO msg="Import failed" error="parent issue ac-4olo does not exist"
time=2026-02-22T22:58:42.253-05:00 level=INFO msg="Import triggered by file change"
time=2026-02-22T22:58:42.302-05:00 level=INFO msg="Starting auto-import" mode=auto-import
time=2026-02-22T22:58:42.723-05:00 level=INFO msg="File change detected" path=/Users/matthew/s-proj/main/.git/beads-worktrees/beads-sync/.beads/issues.jsonl
time=2026-02-22T22:58:42.737-05:00 level=INFO msg="Pulled sync branch" branch=beads-sync fast_forward=false merged=false
time=2026-02-22T22:58:42.737-05:00 level=INFO msg="🔍 Checking JSONL content hash AFTER pull (fix: auto-pull-not-pulling)"
time=2026-02-22T22:58:42.738-05:00 level=INFO msg="JSONL content changed, proceeding with operation..." mode=auto-import
time=2026-02-22T22:58:42.817-05:00 level=INFO msg="Import failed" error="parent issue ac-4olo does not exist"
time=2026-02-22T22:58:43.726-05:00 level=INFO msg="Import triggered by file change"
time=2026-02-22T22:58:43.763-05:00 level=INFO msg="Starting auto-import" mode=auto-import
time=2026-02-22T22:58:44.199-05:00 level=INFO msg="File change detected" path=/Users/matthew/s-proj/main/.git/beads-worktrees/beads-sync/.beads/issues.jsonl
time=2026-02-22T22:58:44.211-05:00 level=INFO msg="Pulled sync branch" branch=beads-sync fast_forward=false merged=false
time=2026-02-22T22:58:44.211-05:00 level=INFO msg="🔍 Checking JSONL content hash AFTER pull (fix: auto-pull-not-pulling)"
time=2026-02-22T22:58:44.212-05:00 level=INFO msg="JSONL content changed, proceeding with operation..." mode=auto-import
time=2026-02-22T22:58:44.288-05:00 level=INFO msg="Import failed" error="parent issue ac-4olo does not exist"
time=2026-02-22T22:58:45.209-05:00 level=INFO msg="Import triggered by file change"
time=2026-02-22T22:58:45.253-05:00 level=INFO msg="Starting auto-import" mode=auto-import
time=2026-02-22T22:58:45.687-05:00 level=INFO msg="File change detected" path=/Users/matthew/s-proj/main/.git/beads-worktrees/beads-sync/.beads/issues.jsonl
time=2026-02-22T22:58:45.699-05:00 level=INFO msg="Pulled sync branch" branch=beads-sync fast_forward=false merged=false
time=2026-02-22T22:58:45.699-05:00 level=INFO msg="🔍 Checking JSONL content hash AFTER pull (fix: auto-pull-not-pulling)"
time=2026-02-22T22:58:45.700-05:00 level=INFO msg="JSONL content changed, proceeding with operation..." mode=auto-import
time=2026-02-22T22:58:45.776-05:00 level=INFO msg="Import failed" error="parent issue ac-4olo does not exist"
time=2026-02-22T22:58:46.689-05:00 level=INFO msg="Import triggered by file change"
time=2026-02-22T22:58:46.719-05:00 level=INFO msg="Starting auto-import" mode=auto-import
time=2026-02-22T22:58:47.181-05:00 level=INFO msg="File change detected" path=/Users/matthew/s-proj/main/.git/beads-worktrees/beads-sync/.beads/issues.jsonl
time=2026-02-22T22:58:47.191-05:00 level=INFO msg="Pulled sync branch" branch=beads-sync fast_forward=false merged=false
time=2026-02-22T22:58:47.191-05:00 level=INFO msg="🔍 Checking JSONL content hash AFTER pull (fix: auto-pull-not-pulling)"
time=2026-02-22T22:58:47.192-05:00 level=INFO msg="JSONL content changed, proceeding with operation..." mode=auto-import
time=2026-02-22T22:58:47.270-05:00 level=INFO msg="Import failed" error="parent issue ac-4olo does not exist"
time=2026-02-22T22:58:48.182-05:00 level=INFO msg="Import triggered by file change"
time=2026-02-22T22:58:48.223-05:00 level=INFO msg="Starting auto-import" mode=auto-import
time=2026-02-22T22:58:48.742-05:00 level=INFO msg="File change detected" path=/Users/matthew/s-proj/main/.git/beads-worktrees/beads-sync/.beads/issues.jsonl
time=2026-02-22T22:58:48.754-05:00 level=INFO msg="Pulled sync branch" branch=beads-sync fast_forward=false merged=false
time=2026-02-22T22:58:48.754-05:00 level=INFO msg="🔍 Checking JSONL content hash AFTER pull (fix: auto-pull-not-pulling)"
time=2026-02-22T22:58:48.755-05:00 level=INFO msg="JSONL content changed, proceeding with operation..." mode=auto-import
time=2026-02-22T22:58:48.841-05:00 level=INFO msg="Import failed" error="parent issue ac-4olo does not exist"
time=2026-02-22T22:58:49.743-05:00 level=INFO msg="Import triggered by file change"
time=2026-02-22T22:58:49.775-05:00 level=INFO msg="Starting auto-import" mode=auto-import
time=2026-02-22T22:58:50.203-05:00 level=INFO msg="File change detected" path=/Users/matthew/s-proj/main/.git/beads-worktrees/beads-sync/.beads/issues.jsonl
time=2026-02-22T22:58:50.225-05:00 level=INFO msg="Pulled sync branch" branch=beads-sync fast_forward=false merged=false
time=2026-02-22T22:58:50.225-05:00 level=INFO msg="🔍 Checking JSONL content hash AFTER pull (fix: auto-pull-not-pulling)"
time=2026-02-22T22:58:50.227-05:00 level=INFO msg="JSONL content changed, proceeding with operation..." mode=auto-import
time=2026-02-22T22:58:50.304-05:00 level=INFO msg="Import failed" error="parent issue ac-4olo does not exist"
time=2026-02-22T22:58:51.206-05:00 level=INFO msg="Import triggered by file change"
time=2026-02-22T22:58:51.249-05:00 level=INFO msg="Starting auto-import" mode=auto-import
time=2026-02-22T22:58:51.703-05:00 level=INFO msg="File change detected" path=/Users/matthew/s-proj/main/.git/beads-worktrees/beads-sync/.beads/issues.jsonl
time=2026-02-22T22:58:51.718-05:00 level=INFO msg="Pulled sync branch" branch=beads-sync fast_forward=false merged=false
time=2026-02-22T22:58:51.718-05:00 level=INFO msg="🔍 Checking JSONL content hash AFTER pull (fix: auto-pull-not-pulling)"
time=2026-02-22T22:58:51.718-05:00 level=INFO msg="JSONL content changed, proceeding with operation..." mode=auto-import
time=2026-02-22T22:58:51.796-05:00 level=INFO msg="Import failed" error="parent issue ac-4olo does not exist"
time=2026-02-22T22:58:52.705-05:00 level=INFO msg="Import triggered by file change"
time=2026-02-22T22:58:52.742-05:00 level=INFO msg="Starting auto-import" mode=auto-import
time=2026-02-22T22:58:53.302-05:00 level=INFO msg="File change detected" path=/Users/matthew/s-proj/main/.git/beads-worktrees/beads-sync/.beads/issues.jsonl
time=2026-02-22T22:58:53.315-05:00 level=INFO msg="Pulled sync branch" branch=beads-sync fast_forward=false merged=false
time=2026-02-22T22:58:53.315-05:00 level=INFO msg="🔍 Checking JSONL content hash AFTER pull (fix: auto-pull-not-pulling)"
time=2026-02-22T22:58:53.316-05:00 level=INFO msg="JSONL content changed, proceeding with operation..." mode=auto-import
time=2026-02-22T22:58:53.394-05:00 level=INFO msg="Import failed" error="parent issue ac-4olo does not exist"
time=2026-02-22T22:58:54.304-05:00 level=INFO msg="Import triggered by file change"
time=2026-02-22T22:58:54.339-05:00 level=INFO msg="Starting auto-import" mode=auto-import
time=2026-02-22T22:58:54.943-05:00 level=INFO msg="File change detected" path=/Users/matthew/s-proj/main/.git/beads-worktrees/beads-sync/.beads/issues.jsonl
time=2026-02-22T22:58:54.959-05:00 level=INFO msg="Pulled sync branch" branch=beads-sync fast_forward=false merged=false
time=2026-02-22T22:58:54.959-05:00 level=INFO msg="🔍 Checking JSONL content hash AFTER pull (fix: auto-pull-not-pulling)"
time=2026-02-22T22:58:54.960-05:00 level=INFO msg="JSONL content changed, proceeding with operation..." mode=auto-import
time=2026-02-22T22:58:55.037-05:00 level=INFO msg="Import failed" error="parent issue ac-4olo does not exist"
time=2026-02-22T22:58:55.951-05:00 level=INFO msg="Import triggered by file change"
time=2026-02-22T22:58:55.994-05:00 level=INFO msg="Starting auto-import" mode=auto-import
time=2026-02-22T22:58:56.756-05:00 level=INFO msg="File change detected" path=/Users/matthew/s-proj/main/.git/beads-worktrees/beads-sync/.beads/issues.jsonl
time=2026-02-22T22:58:56.773-05:00 level=INFO msg="Pulled sync branch" branch=beads-sync fast_forward=false merged=false
time=2026-02-22T22:58:56.773-05:00 level=INFO msg="🔍 Checking JSONL content hash AFTER pull (fix: auto-pull-not-pulling)"
time=2026-02-22T22:58:56.774-05:00 level=INFO msg="JSONL content changed, proceeding with operation..." mode=auto-import
time=2026-02-22T22:58:56.856-05:00 level=INFO msg="Import failed" error="parent issue ac-4olo does not exist"
time=2026-02-22T22:58:57.758-05:00 level=INFO msg="Import triggered by file change"
time=2026-02-22T22:58:57.790-05:00 level=INFO msg="Starting auto-import" mode=auto-import
time=2026-02-22T22:58:58.308-05:00 level=INFO msg="File change detected" path=/Users/matthew/s-proj/main/.git/beads-worktrees/beads-sync/.beads/issues.jsonl
time=2026-02-22T22:58:58.321-05:00 level=INFO msg="Pulled sync branch" branch=beads-sync fast_forward=false merged=false
time=2026-02-22T22:58:58.321-05:00 level=INFO msg="🔍 Checking JSONL content hash AFTER pull (fix: auto-pull-not-pulling)"
time=2026-02-22T22:58:58.322-05:00 level=INFO msg="JSONL content changed, proceeding with operation..." mode=auto-import
time=2026-02-22T22:58:58.400-05:00 level=INFO msg="Import failed" error="parent issue ac-4olo does not exist"
time=2026-02-22T22:58:59.311-05:00 level=INFO msg="Import triggered by file change"
time=2026-02-22T22:58:59.339-05:00 level=INFO msg="Starting auto-import" mode=auto-import
time=2026-02-22T22:58:59.932-05:00 level=INFO msg="File change detected" path=/Users/matthew/s-proj/main/.git/beads-worktrees/beads-sync/.beads/issues.jsonl
time=2026-02-22T22:58:59.944-05:00 level=INFO msg="Pulled sync branch" branch=beads-sync fast_forward=false merged=false
time=2026-02-22T22:58:59.944-05:00 level=INFO msg="🔍 Checking JSONL content hash AFTER pull (fix: auto-pull-not-pulling)"
time=2026-02-22T22:58:59.945-05:00 level=INFO msg="JSONL content changed, proceeding with operation..." mode=auto-import
time=2026-02-22T22:59:00.024-05:00 level=INFO msg="Import failed" error="parent issue ac-4olo does not exist"
time=2026-02-22T22:59:00.934-05:00 level=INFO msg="Import triggered by file change"
time=2026-02-22T22:59:00.981-05:00 level=INFO msg="Starting auto-import" mode=auto-import
time=2026-02-22T22:59:01.557-05:00 level=INFO msg="File change detected" path=/Users/matthew/s-proj/main/.git/beads-worktrees/beads-sync/.beads/issues.jsonl
time=2026-02-22T22:59:01.574-05:00 level=INFO msg="Pulled sync branch" branch=beads-sync fast_forward=false merged=false
time=2026-02-22T22:59:01.574-05:00 level=INFO msg="🔍 Checking JSONL content hash AFTER pull (fix: auto-pull-not-pulling)"
time=2026-02-22T22:59:01.575-05:00 level=INFO msg="JSONL content changed, proceeding with operation..." mode=auto-import
time=2026-02-22T22:59:01.657-05:00 level=INFO msg="Import failed" error="parent issue ac-4olo does not exist"
time=2026-02-22T22:59:02.560-05:00 level=INFO msg="Import triggered by file change"
time=2026-02-22T22:59:02.602-05:00 level=INFO msg="Starting auto-import" mode=auto-import
time=2026-02-22T22:59:03.195-05:00 level=INFO msg="File change detected" path=/Users/matthew/s-proj/main/.git/beads-worktrees/beads-sync/.beads/issues.jsonl
time=2026-02-22T22:59:03.207-05:00 level=INFO msg="Pulled sync branch" branch=beads-sync fast_forward=false merged=false
time=2026-02-22T22:59:03.207-05:00 level=INFO msg="🔍 Checking JSONL content hash AFTER pull (fix: auto-pull-not-pulling)"
time=2026-02-22T22:59:03.208-05:00 level=INFO msg="JSONL content changed, proceeding with operation..." mode=auto-import
time=2026-02-22T22:59:03.285-05:00 level=INFO msg="Import failed" error="parent issue ac-4olo does not exist"
time=2026-02-22T22:59:04.197-05:00 level=INFO msg="Import triggered by file change"
time=2026-02-22T22:59:04.229-05:00 level=INFO msg="Starting auto-import" mode=auto-import
time=2026-02-22T22:59:04.748-05:00 level=INFO msg="File change detected" path=/Users/matthew/s-proj/main/.git/beads-worktrees/beads-sync/.beads/issues.jsonl
time=2026-02-22T22:59:04.763-05:00 level=INFO msg="Pulled sync branch" branch=beads-sync fast_forward=false merged=false
time=2026-02-22T22:59:04.763-05:00 level=INFO msg="🔍 Checking JSONL content hash AFTER pull (fix: auto-pull-not-pulling)"
time=2026-02-22T22:59:04.765-05:00 level=INFO msg="JSONL content changed, proceeding with operation..." mode=auto-import
time=2026-02-22T22:59:04.845-05:00 level=INFO msg="Import failed" error="parent issue ac-4olo does not exist"
time=2026-02-22T22:59:05.750-05:00 level=INFO msg="Import triggered by file change"
time=2026-02-22T22:59:05.787-05:00 level=INFO msg="Starting auto-import" mode=auto-import
time=2026-02-22T22:59:06.359-05:00 level=INFO msg="File change detected" path=/Users/matthew/s-proj/main/.git/beads-worktrees/beads-sync/.beads/issues.jsonl
time=2026-02-22T22:59:06.376-05:00 level=INFO msg="Pulled sync branch" branch=beads-sync fast_forward=false merged=false
time=2026-02-22T22:59:06.376-05:00 level=INFO msg="🔍 Checking JSONL content hash AFTER pull (fix: auto-pull-not-pulling)"
time=2026-02-22T22:59:06.381-05:00 level=INFO msg="JSONL content changed, proceeding with operation..." mode=auto-import
time=2026-02-22T22:59:06.523-05:00 level=INFO msg="Import failed" error="parent issue ac-4olo does not exist"
time=2026-02-22T22:59:07.363-05:00 level=INFO msg="Import triggered by file change"
time=2026-02-22T22:59:07.397-05:00 level=INFO msg="Starting auto-import" mode=auto-import
time=2026-02-22T22:59:07.858-05:00 level=INFO msg="File change detected" path=/Users/matthew/s-proj/main/.git/beads-worktrees/beads-sync/.beads/issues.jsonl
time=2026-02-22T22:59:07.871-05:00 level=INFO msg="Pulled sync branch" branch=beads-sync fast_forward=false merged=false
time=2026-02-22T22:59:07.871-05:00 level=INFO msg="🔍 Checking JSONL content hash AFTER pull (fix: auto-pull-not-pulling)"
time=2026-02-22T22:59:07.873-05:00 level=INFO msg="JSONL content changed, proceeding with operation..." mode=auto-import
time=2026-02-22T22:59:07.950-05:00 level=INFO msg="Import failed" error="parent issue ac-4olo does not exist"
time=2026-02-22T22:59:08.860-05:00 level=INFO msg="Import triggered by file change"
time=2026-02-22T22:59:08.885-05:00 level=INFO msg="Starting auto-import" mode=auto-import
time=2026-02-22T22:59:09.469-05:00 level=INFO msg="File change detected" path=/Users/matthew/s-proj/main/.git/beads-worktrees/beads-sync/.beads/issues.jsonl
time=2026-02-22T22:59:09.482-05:00 level=INFO msg="Pulled sync branch" branch=beads-sync fast_forward=false merged=false
time=2026-02-22T22:59:09.482-05:00 level=INFO msg="🔍 Checking JSONL content hash AFTER pull (fix: auto-pull-not-pulling)"
time=2026-02-22T22:59:09.482-05:00 level=INFO msg="JSONL content changed, proceeding with operation..." mode=auto-import
time=2026-02-22T22:59:09.560-05:00 level=INFO msg="Import failed" error="parent issue ac-4olo does not exist"
time=2026-02-22T22:59:10.471-05:00 level=INFO msg="Import triggered by file change"
time=2026-02-22T22:59:10.495-05:00 level=INFO msg="Starting auto-import" mode=auto-import
time=2026-02-22T22:59:11.131-05:00 level=INFO msg="File change detected" path=/Users/matthew/s-proj/main/.git/beads-worktrees/beads-sync/.beads/issues.jsonl
time=2026-02-22T22:59:11.147-05:00 level=INFO msg="Pulled sync branch" branch=beads-sync fast_forward=false merged=false
time=2026-02-22T22:59:11.147-05:00 level=INFO msg="🔍 Checking JSONL content hash AFTER pull (fix: auto-pull-not-pulling)"
time=2026-02-22T22:59:11.149-05:00 level=INFO msg="JSONL content changed, proceeding with operation..." mode=auto-import
time=2026-02-22T22:59:11.227-05:00 level=INFO msg="Import failed" error="parent issue ac-4olo does not exist"
time=2026-02-22T22:59:12.133-05:00 level=INFO msg="Import triggered by file change"
time=2026-02-22T22:59:12.155-05:00 level=INFO msg="Starting auto-import" mode=auto-import
time=2026-02-22T22:59:12.783-05:00 level=INFO msg="File change detected" path=/Users/matthew/s-proj/main/.git/beads-worktrees/beads-sync/.beads/issues.jsonl
time=2026-02-22T22:59:12.795-05:00 level=INFO msg="Pulled sync branch" branch=beads-sync fast_forward=false merged=false
time=2026-02-22T22:59:12.795-05:00 level=INFO msg="🔍 Checking JSONL content hash AFTER pull (fix: auto-pull-not-pulling)"
time=2026-02-22T22:59:12.797-05:00 level=INFO msg="JSONL content changed, proceeding with operation..." mode=auto-import
time=2026-02-22T22:59:12.874-05:00 level=INFO msg="Import failed" error="parent issue ac-4olo does not exist"
time=2026-02-22T22:59:13.785-05:00 level=INFO msg="Import triggered by file change"
time=2026-02-22T22:59:13.816-05:00 level=INFO msg="Starting auto-import" mode=auto-import
time=2026-02-22T22:59:14.237-05:00 level=INFO msg="File change detected" path=/Users/matthew/s-proj/main/.git/beads-worktrees/beads-sync/.beads/issues.jsonl
time=2026-02-22T22:59:14.249-05:00 level=INFO msg="Pulled sync branch" branch=beads-sync fast_forward=false merged=false
time=2026-02-22T22:59:14.250-05:00 level=INFO msg="🔍 Checking JSONL content hash AFTER pull (fix: auto-pull-not-pulling)"
time=2026-02-22T22:59:14.251-05:00 level=INFO msg="JSONL content changed, proceeding with operation..." mode=auto-import
time=2026-02-22T22:59:14.326-05:00 level=INFO msg="Import failed" error="parent issue ac-4olo does not exist"
time=2026-02-22T22:59:15.239-05:00 level=INFO msg="Import triggered by file change"
time=2026-02-22T22:59:15.283-05:00 level=INFO msg="Starting auto-import" mode=auto-import
time=2026-02-22T22:59:15.742-05:00 level=INFO msg="File change detected" path=/Users/matthew/s-proj/main/.git/beads-worktrees/beads-sync/.beads/issues.jsonl
time=2026-02-22T22:59:15.756-05:00 level=INFO msg="Pulled sync branch" branch=beads-sync fast_forward=false merged=false
time=2026-02-22T22:59:15.756-05:00 level=INFO msg="🔍 Checking JSONL content hash AFTER pull (fix: auto-pull-not-pulling)"
time=2026-02-22T22:59:15.757-05:00 level=INFO msg="JSONL content changed, proceeding with operation..." mode=auto-import
time=2026-02-22T22:59:15.834-05:00 level=INFO msg="Import failed" error="parent issue ac-4olo does not exist"
time=2026-02-22T22:59:16.744-05:00 level=INFO msg="Import triggered by file change"
time=2026-02-22T22:59:16.788-05:00 level=INFO msg="Starting auto-import" mode=auto-import
time=2026-02-22T22:59:17.277-05:00 level=INFO msg="File change detected" path=/Users/matthew/s-proj/main/.git/beads-worktrees/beads-sync/.beads/issues.jsonl
time=2026-02-22T22:59:17.289-05:00 level=INFO msg="Pulled sync branch" branch=beads-sync fast_forward=false merged=false
time=2026-02-22T22:59:17.289-05:00 level=INFO msg="🔍 Checking JSONL content hash AFTER pull (fix: auto-pull-not-pulling)"
time=2026-02-22T22:59:17.291-05:00 level=INFO msg="JSONL content changed, proceeding with operation..." mode=auto-import
time=2026-02-22T22:59:17.368-05:00 level=INFO msg="Import failed" error="parent issue ac-4olo does not exist"
time=2026-02-22T22:59:18.279-05:00 level=INFO msg="Import triggered by file change"
time=2026-02-22T22:59:18.319-05:00 level=INFO msg="Starting auto-import" mode=auto-import
time=2026-02-22T22:59:18.754-05:00 level=INFO msg="File change detected" path=/Users/matthew/s-proj/main/.git/beads-worktrees/beads-sync/.beads/issues.jsonl
time=2026-02-22T22:59:18.766-05:00 level=INFO msg="Pulled sync branch" branch=beads-sync fast_forward=false merged=false
time=2026-02-22T22:59:18.766-05:00 level=INFO msg="🔍 Checking JSONL content hash AFTER pull (fix: auto-pull-not-pulling)"
time=2026-02-22T22:59:18.768-05:00 level=INFO msg="JSONL content changed, proceeding with operation..." mode=auto-import
time=2026-02-22T22:59:18.845-05:00 level=INFO msg="Import failed" error="parent issue ac-4olo does not exist"
time=2026-02-22T22:59:19.756-05:00 level=INFO msg="Import triggered by file change"
time=2026-02-22T22:59:19.786-05:00 level=INFO msg="Starting auto-import" mode=auto-import
time=2026-02-22T22:59:20.238-05:00 level=INFO msg="File change detected" path=/Users/matthew/s-proj/main/.git/beads-worktrees/beads-sync/.beads/issues.jsonl
time=2026-02-22T22:59:20.254-05:00 level=INFO msg="Pulled sync branch" branch=beads-sync fast_forward=false merged=false
time=2026-02-22T22:59:20.254-05:00 level=INFO msg="🔍 Checking JSONL content hash AFTER pull (fix: auto-pull-not-pulling)"
time=2026-02-22T22:59:20.255-05:00 level=INFO msg="JSONL content changed, proceeding with operation..." mode=auto-import
time=2026-02-22T22:59:20.331-05:00 level=INFO msg="Import failed" error="parent issue ac-4olo does not exist"
time=2026-02-22T22:59:21.241-05:00 level=INFO msg="Import triggered by file change"
time=2026-02-22T22:59:21.277-05:00 level=INFO msg="Starting auto-import" mode=auto-import
time=2026-02-22T22:59:21.809-05:00 level=INFO msg="File change detected" path=/Users/matthew/s-proj/main/.git/beads-worktrees/beads-sync/.beads/issues.jsonl
time=2026-02-22T22:59:21.827-05:00 level=INFO msg="Pulled sync branch" branch=beads-sync fast_forward=false merged=false
time=2026-02-22T22:59:21.827-05:00 level=INFO msg="🔍 Checking JSONL content hash AFTER pull (fix: auto-pull-not-pulling)"
time=2026-02-22T22:59:21.827-05:00 level=INFO msg="JSONL content changed, proceeding with operation..." mode=auto-import
time=2026-02-22T22:59:21.904-05:00 level=INFO msg="Import failed" error="parent issue ac-4olo does not exist"
time=2026-02-22T22:59:22.810-05:00 level=INFO msg="Import triggered by file change"
time=2026-02-22T22:59:22.849-05:00 level=INFO msg="Starting auto-import" mode=auto-import
time=2026-02-22T22:59:23.343-05:00 level=INFO msg="File change detected" path=/Users/matthew/s-proj/main/.git/beads-worktrees/beads-sync/.beads/issues.jsonl
time=2026-02-22T22:59:23.357-05:00 level=INFO msg="Pulled sync branch" branch=beads-sync fast_forward=false merged=false
time=2026-02-22T22:59:23.357-05:00 level=INFO msg="🔍 Checking JSONL content hash AFTER pull (fix: auto-pull-not-pulling)"
time=2026-02-22T22:59:23.358-05:00 level=INFO msg="JSONL content changed, proceeding with operation..." mode=auto-import
time=2026-02-22T22:59:23.437-05:00 level=INFO msg="Import failed" error="parent issue ac-4olo does not exist"
time=2026-02-22T22:59:24.348-05:00 level=INFO msg="Import triggered by file change"
time=2026-02-22T22:59:24.384-05:00 level=INFO msg="Starting auto-import" mode=auto-import
time=2026-02-22T22:59:24.849-05:00 level=INFO msg="File change detected" path=/Users/matthew/s-proj/main/.git/beads-worktrees/beads-sync/.beads/issues.jsonl
time=2026-02-22T22:59:24.863-05:00 level=INFO msg="Pulled sync branch" branch=beads-sync fast_forward=false merged=false
time=2026-02-22T22:59:24.863-05:00 level=INFO msg="🔍 Checking JSONL content hash AFTER pull (fix: auto-pull-not-pulling)"
time=2026-02-22T22:59:24.865-05:00 level=INFO msg="JSONL content changed, proceeding with operation..." mode=auto-import
time=2026-02-22T22:59:24.942-05:00 level=INFO msg="Import failed" error="parent issue ac-4olo does not exist"
time=2026-02-22T22:59:25.852-05:00 level=INFO msg="Import triggered by file change"
time=2026-02-22T22:59:25.892-05:00 level=INFO msg="Starting auto-import" mode=auto-import
time=2026-02-22T22:59:26.348-05:00 level=INFO msg="File change detected" path=/Users/matthew/s-proj/main/.git/beads-worktrees/beads-sync/.beads/issues.jsonl
time=2026-02-22T22:59:26.373-05:00 level=INFO msg="Pulled sync branch" branch=beads-sync fast_forward=false merged=false
time=2026-02-22T22:59:26.373-05:00 level=INFO msg="🔍 Checking JSONL content hash AFTER pull (fix: auto-pull-not-pulling)"
time=2026-02-22T22:59:26.374-05:00 level=INFO msg="JSONL content changed, proceeding with operation..." mode=auto-import
time=2026-02-22T22:59:26.456-05:00 level=INFO msg="Import failed" error="parent issue ac-4olo does not exist"
time=2026-02-22T22:59:27.349-05:00 level=INFO msg="Import triggered by file change"
time=2026-02-22T22:59:27.396-05:00 level=INFO msg="Starting auto-import" mode=auto-import
time=2026-02-22T22:59:27.843-05:00 level=INFO msg="File change detected" path=/Users/matthew/s-proj/main/.git/beads-worktrees/beads-sync/.beads/issues.jsonl
time=2026-02-22T22:59:27.856-05:00 level=INFO msg="Pulled sync branch" branch=beads-sync fast_forward=false merged=false
time=2026-02-22T22:59:27.856-05:00 level=INFO msg="🔍 Checking JSONL content hash AFTER pull (fix: auto-pull-not-pulling)"
time=2026-02-22T22:59:27.857-05:00 level=INFO msg="JSONL content changed, proceeding with operation..." mode=auto-import
time=2026-02-22T22:59:27.934-05:00 level=INFO msg="Import failed" error="parent issue ac-4olo does not exist"
time=2026-02-22T22:59:28.846-05:00 level=INFO msg="Import triggered by file change"
time=2026-02-22T22:59:28.894-05:00 level=INFO msg="Starting auto-import" mode=auto-import
time=2026-02-22T22:59:29.319-05:00 level=INFO msg="File change detected" path=/Users/matthew/s-proj/main/.git/beads-worktrees/beads-sync/.beads/issues.jsonl
time=2026-02-22T22:59:29.333-05:00 level=INFO msg="Pulled sync branch" branch=beads-sync fast_forward=false merged=false
time=2026-02-22T22:59:29.333-05:00 level=INFO msg="🔍 Checking JSONL content hash AFTER pull (fix: auto-pull-not-pulling)"
time=2026-02-22T22:59:29.334-05:00 level=INFO msg="JSONL content changed, proceeding with operation..." mode=auto-import
time=2026-02-22T22:59:29.413-05:00 level=INFO msg="Import failed" error="parent issue ac-4olo does not exist"
time=2026-02-22T22:59:30.322-05:00 level=INFO msg="Import triggered by file change"
time=2026-02-22T22:59:30.362-05:00 level=INFO msg="Starting auto-import" mode=auto-import
time=2026-02-22T22:59:30.834-05:00 level=INFO msg="File change detected" path=/Users/matthew/s-proj/main/.git/beads-worktrees/beads-sync/.beads/issues.jsonl
time=2026-02-22T22:59:30.844-05:00 level=INFO msg="Pulled sync branch" branch=beads-sync fast_forward=false merged=false
time=2026-02-22T22:59:30.844-05:00 level=INFO msg="🔍 Checking JSONL content hash AFTER pull (fix: auto-pull-not-pulling)"
time=2026-02-22T22:59:30.845-05:00 level=INFO msg="JSONL content changed, proceeding with operation..." mode=auto-import
time=2026-02-22T22:59:30.921-05:00 level=INFO msg="Import failed" error="parent issue ac-4olo does not exist"
time=2026-02-22T22:59:31.836-05:00 level=INFO msg="Import triggered by file change"
time=2026-02-22T22:59:31.870-05:00 level=INFO msg="Starting auto-import" mode=auto-import
time=2026-02-22T22:59:32.309-05:00 level=INFO msg="File change detected" path=/Users/matthew/s-proj/main/.git/beads-worktrees/beads-sync/.beads/issues.jsonl
time=2026-02-22T22:59:32.323-05:00 level=INFO msg="Pulled sync branch" branch=beads-sync fast_forward=false merged=false
time=2026-02-22T22:59:32.323-05:00 level=INFO msg="🔍 Checking JSONL content hash AFTER pull (fix: auto-pull-not-pulling)"
time=2026-02-22T22:59:32.324-05:00 level=INFO msg="JSONL content changed, proceeding with operation..." mode=auto-import
time=2026-02-22T22:59:32.403-05:00 level=INFO msg="Import failed" error="parent issue ac-4olo does not exist"
time=2026-02-22T22:59:33.312-05:00 level=INFO msg="Import triggered by file change"
time=2026-02-22T22:59:33.360-05:00 level=INFO msg="Starting auto-import" mode=auto-import
time=2026-02-22T22:59:33.826-05:00 level=INFO msg="File change detected" path=/Users/matthew/s-proj/main/.git/beads-worktrees/beads-sync/.beads/issues.jsonl
time=2026-02-22T22:59:33.838-05:00 level=INFO msg="Pulled sync branch" branch=beads-sync fast_forward=false merged=false
time=2026-02-22T22:59:33.838-05:00 level=INFO msg="🔍 Checking JSONL content hash AFTER pull (fix: auto-pull-not-pulling)"
time=2026-02-22T22:59:33.839-05:00 level=INFO msg="JSONL content changed, proceeding with operation..." mode=auto-import
time=2026-02-22T22:59:33.918-05:00 level=INFO msg="Import failed" error="parent issue ac-4olo does not exist"
time=2026-02-22T22:59:34.837-05:00 level=INFO msg="Import triggered by file change"
time=2026-02-22T22:59:34.879-05:00 level=INFO msg="Starting auto-import" mode=auto-import
time=2026-02-22T22:59:35.321-05:00 level=INFO msg="File change detected" path=/Users/matthew/s-proj/main/.git/beads-worktrees/beads-sync/.beads/issues.jsonl
time=2026-02-22T22:59:35.337-05:00 level=INFO msg="Pulled sync branch" branch=beads-sync fast_forward=false merged=false
time=2026-02-22T22:59:35.337-05:00 level=INFO msg="🔍 Checking JSONL content hash AFTER pull (fix: auto-pull-not-pulling)"
time=2026-02-22T22:59:35.338-05:00 level=INFO msg="JSONL content changed, proceeding with operation..." mode=auto-import
time=2026-02-22T22:59:35.416-05:00 level=INFO msg="Import failed" error="parent issue ac-4olo does not exist"
time=2026-02-22T22:59:36.322-05:00 level=INFO msg="Import triggered by file change"
time=2026-02-22T22:59:36.364-05:00 level=INFO msg="Starting auto-import" mode=auto-import
time=2026-02-22T22:59:36.824-05:00 level=INFO msg="File change detected" path=/Users/matthew/s-proj/main/.git/beads-worktrees/beads-sync/.beads/issues.jsonl
time=2026-02-22T22:59:36.836-05:00 level=INFO msg="Pulled sync branch" branch=beads-sync fast_forward=false merged=false
time=2026-02-22T22:59:36.836-05:00 level=INFO msg="🔍 Checking JSONL content hash AFTER pull (fix: auto-pull-not-pulling)"
time=2026-02-22T22:59:36.837-05:00 level=INFO msg="JSONL content changed, proceeding with operation..." mode=auto-import
time=2026-02-22T22:59:36.915-05:00 level=INFO msg="Import failed" error="parent issue ac-4olo does not exist"
time=2026-02-22T22:59:37.825-05:00 level=INFO msg="Import triggered by file change"
time=2026-02-22T22:59:37.867-05:00 level=INFO msg="Starting auto-import" mode=auto-import
time=2026-02-22T22:59:38.307-05:00 level=INFO msg="File change detected" path=/Users/matthew/s-proj/main/.git/beads-worktrees/beads-sync/.beads/issues.jsonl
time=2026-02-22T22:59:38.321-05:00 level=INFO msg="Pulled sync branch" branch=beads-sync fast_forward=false merged=false
time=2026-02-22T22:59:38.321-05:00 level=INFO msg="🔍 Checking JSONL content hash AFTER pull (fix: auto-pull-not-pulling)"
time=2026-02-22T22:59:38.322-05:00 level=INFO msg="JSONL content changed, proceeding with operation..." mode=auto-import
time=2026-02-22T22:59:38.398-05:00 level=INFO msg="Import failed" error="parent issue ac-4olo does not exist"
time=2026-02-22T22:59:39.308-05:00 level=INFO msg="Import triggered by file change"
time=2026-02-22T22:59:39.343-05:00 level=INFO msg="Starting auto-import" mode=auto-import
time=2026-02-22T22:59:39.783-05:00 level=INFO msg="File change detected" path=/Users/matthew/s-proj/main/.git/beads-worktrees/beads-sync/.beads/issues.jsonl
time=2026-02-22T22:59:39.796-05:00 level=INFO msg="Pulled sync branch" branch=beads-sync fast_forward=false merged=false
time=2026-02-22T22:59:39.796-05:00 level=INFO msg="🔍 Checking JSONL content hash AFTER pull (fix: auto-pull-not-pulling)"
time=2026-02-22T22:59:39.797-05:00 level=INFO msg="JSONL content changed, proceeding with operation..." mode=auto-import
time=2026-02-22T22:59:39.877-05:00 level=INFO msg="Import failed" error="parent issue ac-4olo does not exist"
time=2026-02-22T22:59:40.787-05:00 level=INFO msg="Import triggered by file change"
time=2026-02-22T22:59:40.870-05:00 level=INFO msg="Starting auto-import" mode=auto-import
time=2026-02-22T22:59:41.312-05:00 level=INFO msg="File change detected" path=/Users/matthew/s-proj/main/.git/beads-worktrees/beads-sync/.beads/issues.jsonl
time=2026-02-22T22:59:41.333-05:00 level=INFO msg="Pulled sync branch" branch=beads-sync fast_forward=false merged=false
time=2026-02-22T22:59:41.333-05:00 level=INFO msg="🔍 Checking JSONL content hash AFTER pull (fix: auto-pull-not-pulling)"
time=2026-02-22T22:59:41.334-05:00 level=INFO msg="JSONL content changed, proceeding with operation..." mode=auto-import
time=2026-02-22T22:59:41.417-05:00 level=INFO msg="Import failed" error="parent issue ac-4olo does not exist"
time=2026-02-22T22:59:42.313-05:00 level=INFO msg="Import triggered by file change"
time=2026-02-22T22:59:42.342-05:00 level=INFO msg="Starting auto-import" mode=auto-import
time=2026-02-22T22:59:42.786-05:00 level=INFO msg="File change detected" path=/Users/matthew/s-proj/main/.git/beads-worktrees/beads-sync/.beads/issues.jsonl
time=2026-02-22T22:59:42.798-05:00 level=INFO msg="Pulled sync branch" branch=beads-sync fast_forward=false merged=false
time=2026-02-22T22:59:42.798-05:00 level=INFO msg="🔍 Checking JSONL content hash AFTER pull (fix: auto-pull-not-pulling)"
time=2026-02-22T22:59:42.799-05:00 level=INFO msg="JSONL content changed, proceeding with operation..." mode=auto-import
time=2026-02-22T22:59:42.879-05:00 level=INFO msg="Import failed" error="parent issue ac-4olo does not exist"
time=2026-02-22T22:59:43.788-05:00 level=INFO msg="Import triggered by file change"
time=2026-02-22T22:59:43.819-05:00 level=INFO msg="Starting auto-import" mode=auto-import
time=2026-02-22T22:59:44.258-05:00 level=INFO msg="File change detected" path=/Users/matthew/s-proj/main/.git/beads-worktrees/beads-sync/.beads/issues.jsonl
time=2026-02-22T22:59:44.273-05:00 level=INFO msg="Pulled sync branch" branch=beads-sync fast_forward=false merged=false
time=2026-02-22T22:59:44.273-05:00 level=INFO msg="🔍 Checking JSONL content hash AFTER pull (fix: auto-pull-not-pulling)"
time=2026-02-22T22:59:44.274-05:00 level=INFO msg="JSONL content changed, proceeding with operation..." mode=auto-import
time=2026-02-22T22:59:44.353-05:00 level=INFO msg="Import failed" error="parent issue ac-4olo does not exist"
time=2026-02-22T22:59:45.261-05:00 level=INFO msg="Import triggered by file change"
time=2026-02-22T22:59:45.290-05:00 level=INFO msg="Starting auto-import" mode=auto-import
time=2026-02-22T22:59:45.741-05:00 level=INFO msg="File change detected" path=/Users/matthew/s-proj/main/.git/beads-worktrees/beads-sync/.beads/issues.jsonl
time=2026-02-22T22:59:45.756-05:00 level=INFO msg="Pulled sync branch" branch=beads-sync fast_forward=false merged=false
time=2026-02-22T22:59:45.756-05:00 level=INFO msg="🔍 Checking JSONL content hash AFTER pull (fix: auto-pull-not-pulling)"
time=2026-02-22T22:59:45.758-05:00 level=INFO msg="JSONL content changed, proceeding with operation..." mode=auto-import
time=2026-02-22T22:59:45.834-05:00 level=INFO msg="Import failed" error="parent issue ac-4olo does not exist"
time=2026-02-22T22:59:46.754-05:00 level=INFO msg="Import triggered by file change"
time=2026-02-22T22:59:46.789-05:00 level=INFO msg="Starting auto-import" mode=auto-import
time=2026-02-22T22:59:47.221-05:00 level=INFO msg="File change detected" path=/Users/matthew/s-proj/main/.git/beads-worktrees/beads-sync/.beads/issues.jsonl
time=2026-02-22T22:59:47.235-05:00 level=INFO msg="Pulled sync branch" branch=beads-sync fast_forward=false merged=false
time=2026-02-22T22:59:47.235-05:00 level=INFO msg="🔍 Checking JSONL content hash AFTER pull (fix: auto-pull-not-pulling)"
time=2026-02-22T22:59:47.237-05:00 level=INFO msg="JSONL content changed, proceeding with operation..." mode=auto-import
time=2026-02-22T22:59:47.313-05:00 level=INFO msg="Import failed" error="parent issue ac-4olo does not exist"
time=2026-02-22T22:59:48.222-05:00 level=INFO msg="Import triggered by file change"
time=2026-02-22T22:59:48.265-05:00 level=INFO msg="Starting auto-import" mode=auto-import
time=2026-02-22T22:59:48.694-05:00 level=INFO msg="File change detected" path=/Users/matthew/s-proj/main/.git/beads-worktrees/beads-sync/.beads/issues.jsonl
time=2026-02-22T22:59:48.706-05:00 level=INFO msg="Pulled sync branch" branch=beads-sync fast_forward=false merged=false
time=2026-02-22T22:59:48.706-05:00 level=INFO msg="🔍 Checking JSONL content hash AFTER pull (fix: auto-pull-not-pulling)"
time=2026-02-22T22:59:48.708-05:00 level=INFO msg="JSONL content changed, proceeding with operation..." mode=auto-import
time=2026-02-22T22:59:48.786-05:00 level=INFO msg="Import failed" error="parent issue ac-4olo does not exist"
time=2026-02-22T22:59:49.698-05:00 level=INFO msg="Import triggered by file change"
time=2026-02-22T22:59:49.730-05:00 level=INFO msg="Starting auto-import" mode=auto-import
time=2026-02-22T22:59:50.186-05:00 level=INFO msg="File change detected" path=/Users/matthew/s-proj/main/.git/beads-worktrees/beads-sync/.beads/issues.jsonl
time=2026-02-22T22:59:50.197-05:00 level=INFO msg="Pulled sync branch" branch=beads-sync fast_forward=false merged=false
time=2026-02-22T22:59:50.197-05:00 level=INFO msg="🔍 Checking JSONL content hash AFTER pull (fix: auto-pull-not-pulling)"
time=2026-02-22T22:59:50.198-05:00 level=INFO msg="JSONL content changed, proceeding with operation..." mode=auto-import
time=2026-02-22T22:59:50.274-05:00 level=INFO msg="Import failed" error="parent issue ac-4olo does not exist"
time=2026-02-22T22:59:51.188-05:00 level=INFO msg="Import triggered by file change"
time=2026-02-22T22:59:51.219-05:00 level=INFO msg="Starting auto-import" mode=auto-import
time=2026-02-22T22:59:51.652-05:00 level=INFO msg="File change detected" path=/Users/matthew/s-proj/main/.git/beads-worktrees/beads-sync/.beads/issues.jsonl
time=2026-02-22T22:59:51.665-05:00 level=INFO msg="Pulled sync branch" branch=beads-sync fast_forward=false merged=false
time=2026-02-22T22:59:51.665-05:00 level=INFO msg="🔍 Checking JSONL content hash AFTER pull (fix: auto-pull-not-pulling)"
time=2026-02-22T22:59:51.666-05:00 level=INFO msg="JSONL content changed, proceeding with operation..." mode=auto-import
time=2026-02-22T22:59:51.744-05:00 level=INFO msg="Import failed" error="parent issue ac-4olo does not exist"
time=2026-02-22T22:59:52.656-05:00 level=INFO msg="Import triggered by file change"
time=2026-02-22T22:59:52.689-05:00 level=INFO msg="Starting auto-import" mode=auto-import
time=2026-02-22T22:59:53.119-05:00 level=INFO msg="File change detected" path=/Users/matthew/s-proj/main/.git/beads-worktrees/beads-sync/.beads/issues.jsonl
time=2026-02-22T22:59:53.131-05:00 level=INFO msg="Pulled sync branch" branch=beads-sync fast_forward=false merged=false
time=2026-02-22T22:59:53.131-05:00 level=INFO msg="🔍 Checking JSONL content hash AFTER pull (fix: auto-pull-not-pulling)"
time=2026-02-22T22:59:53.132-05:00 level=INFO msg="JSONL content changed, proceeding with operation..." mode=auto-import
time=2026-02-22T22:59:53.209-05:00 level=INFO msg="Import failed" error="parent issue ac-4olo does not exist"
time=2026-02-22T22:59:54.125-05:00 level=INFO msg="Import triggered by file change"
time=2026-02-22T22:59:54.154-05:00 level=INFO msg="Starting auto-import" mode=auto-import
time=2026-02-22T22:59:54.595-05:00 level=INFO msg="File change detected" path=/Users/matthew/s-proj/main/.git/beads-worktrees/beads-sync/.beads/issues.jsonl
time=2026-02-22T22:59:54.607-05:00 level=INFO msg="Pulled sync branch" branch=beads-sync fast_forward=false merged=false
time=2026-02-22T22:59:54.607-05:00 level=INFO msg="🔍 Checking JSONL content hash AFTER pull (fix: auto-pull-not-pulling)"
time=2026-02-22T22:59:54.608-05:00 level=INFO msg="JSONL content changed, proceeding with operation..." mode=auto-import
time=2026-02-22T22:59:54.684-05:00 level=INFO msg="Import failed" error="parent issue ac-4olo does not exist"
time=2026-02-22T22:59:55.597-05:00 level=INFO msg="Import triggered by file change"
time=2026-02-22T22:59:55.639-05:00 level=INFO msg="Starting auto-import" mode=auto-import
time=2026-02-22T22:59:56.059-05:00 level=INFO msg="File change detected" path=/Users/matthew/s-proj/main/.git/beads-worktrees/beads-sync/.beads/issues.jsonl
time=2026-02-22T22:59:56.072-05:00 level=INFO msg="Pulled sync branch" branch=beads-sync fast_forward=false merged=false
time=2026-02-22T22:59:56.072-05:00 level=INFO msg="🔍 Checking JSONL content hash AFTER pull (fix: auto-pull-not-pulling)"
time=2026-02-22T22:59:56.073-05:00 level=INFO msg="JSONL content changed, proceeding with operation..." mode=auto-import
time=2026-02-22T22:59:56.149-05:00 level=INFO msg="Import failed" error="parent issue ac-4olo does not exist"
time=2026-02-22T22:59:57.061-05:00 level=INFO msg="Import triggered by file change"
time=2026-02-22T22:59:57.095-05:00 level=INFO msg="Starting auto-import" mode=auto-import
time=2026-02-22T22:59:57.563-05:00 level=INFO msg="File change detected" path=/Users/matthew/s-proj/main/.git/beads-worktrees/beads-sync/.beads/issues.jsonl
time=2026-02-22T22:59:57.576-05:00 level=INFO msg="Pulled sync branch" branch=beads-sync fast_forward=false merged=false
time=2026-02-22T22:59:57.576-05:00 level=INFO msg="🔍 Checking JSONL content hash AFTER pull (fix: auto-pull-not-pulling)"
time=2026-02-22T22:59:57.576-05:00 level=INFO msg="JSONL content changed, proceeding with operation..." mode=auto-import
time=2026-02-22T22:59:57.653-05:00 level=INFO msg="Import failed" error="parent issue ac-4olo does not exist"
time=2026-02-22T22:59:58.565-05:00 level=INFO msg="Import triggered by file change"
time=2026-02-22T22:59:58.599-05:00 level=INFO msg="Starting auto-import" mode=auto-import
time=2026-02-22T22:59:59.082-05:00 level=INFO msg="File change detected" path=/Users/matthew/s-proj/main/.git/beads-worktrees/beads-sync/.beads/issues.jsonl
time=2026-02-22T22:59:59.095-05:00 level=INFO msg="Pulled sync branch" branch=beads-sync fast_forward=false merged=false
time=2026-02-22T22:59:59.095-05:00 level=INFO msg="🔍 Checking JSONL content hash AFTER pull (fix: auto-pull-not-pulling)"
time=2026-02-22T22:59:59.096-05:00 level=INFO msg="JSONL content changed, proceeding with operation..." mode=auto-import
time=2026-02-22T22:59:59.173-05:00 level=INFO msg="Import failed" error="parent issue ac-4olo does not exist"
time=2026-02-22T23:00:00.085-05:00 level=INFO msg="Import triggered by file change"
time=2026-02-22T23:00:00.116-05:00 level=INFO msg="Starting auto-import" mode=auto-import
time=2026-02-22T23:00:00.576-05:00 level=INFO msg="File change detected" path=/Users/matthew/s-proj/main/.git/beads-worktrees/beads-sync/.beads/issues.jsonl
time=2026-02-22T23:00:00.590-05:00 level=INFO msg="Pulled sync branch" branch=beads-sync fast_forward=false merged=false
time=2026-02-22T23:00:00.590-05:00 level=INFO msg="🔍 Checking JSONL content hash AFTER pull (fix: auto-pull-not-pulling)"
time=2026-02-22T23:00:00.592-05:00 level=INFO msg="JSONL content changed, proceeding with operation..." mode=auto-import
time=2026-02-22T23:00:00.669-05:00 level=INFO msg="Import failed" error="parent issue ac-4olo does not exist"
time=2026-02-22T23:00:01.577-05:00 level=INFO msg="Import triggered by file change"
time=2026-02-22T23:00:01.624-05:00 level=INFO msg="Starting auto-import" mode=auto-import
time=2026-02-22T23:00:02.407-05:00 level=INFO msg="File change detected" path=/Users/matthew/s-proj/main/.git/beads-worktrees/beads-sync/.beads/issues.jsonl
time=2026-02-22T23:00:02.423-05:00 level=INFO msg="Pulled sync branch" branch=beads-sync fast_forward=false merged=false
time=2026-02-22T23:00:02.423-05:00 level=INFO msg="🔍 Checking JSONL content hash AFTER pull (fix: auto-pull-not-pulling)"
time=2026-02-22T23:00:02.424-05:00 level=INFO msg="JSONL content changed, proceeding with operation..." mode=auto-import
time=2026-02-22T23:00:02.499-05:00 level=INFO msg="Import failed" error="parent issue ac-4olo does not exist"
time=2026-02-22T23:00:03.408-05:00 level=INFO msg="Import triggered by file change"
time=2026-02-22T23:00:03.439-05:00 level=INFO msg="Starting auto-import" mode=auto-import
time=2026-02-22T23:00:03.916-05:00 level=INFO msg="File change detected" path=/Users/matthew/s-proj/main/.git/beads-worktrees/beads-sync/.beads/issues.jsonl
time=2026-02-22T23:00:03.926-05:00 level=INFO msg="Pulled sync branch" branch=beads-sync fast_forward=false merged=false
time=2026-02-22T23:00:03.926-05:00 level=INFO msg="🔍 Checking JSONL content hash AFTER pull (fix: auto-pull-not-pulling)"
time=2026-02-22T23:00:03.928-05:00 level=INFO msg="JSONL content changed, proceeding with operation..." mode=auto-import
time=2026-02-22T23:00:04.005-05:00 level=INFO msg="Import failed" error="parent issue ac-4olo does not exist"
time=2026-02-22T23:00:04.918-05:00 level=INFO msg="Import triggered by file change"
time=2026-02-22T23:00:04.951-05:00 level=INFO msg="Starting auto-import" mode=auto-import
time=2026-02-22T23:00:05.410-05:00 level=INFO msg="File change detected" path=/Users/matthew/s-proj/main/.git/beads-worktrees/beads-sync/.beads/issues.jsonl
time=2026-02-22T23:00:05.422-05:00 level=INFO msg="Pulled sync branch" branch=beads-sync fast_forward=false merged=false
time=2026-02-22T23:00:05.422-05:00 level=INFO msg="🔍 Checking JSONL content hash AFTER pull (fix: auto-pull-not-pulling)"
time=2026-02-22T23:00:05.424-05:00 level=INFO msg="JSONL content changed, proceeding with operation..." mode=auto-import
time=2026-02-22T23:00:05.503-05:00 level=INFO msg="Import failed" error="parent issue ac-4olo does not exist"
time=2026-02-22T23:00:06.410-05:00 level=INFO msg="Import triggered by file change"
time=2026-02-22T23:00:06.449-05:00 level=INFO msg="Starting auto-import" mode=auto-import
time=2026-02-22T23:00:06.918-05:00 level=INFO msg="File change detected" path=/Users/matthew/s-proj/main/.git/beads-worktrees/beads-sync/.beads/issues.jsonl
time=2026-02-22T23:00:06.941-05:00 level=INFO msg="Pulled sync branch" branch=beads-sync fast_forward=false merged=false
time=2026-02-22T23:00:06.941-05:00 level=INFO msg="🔍 Checking JSONL content hash AFTER pull (fix: auto-pull-not-pulling)"
time=2026-02-22T23:00:06.945-05:00 level=INFO msg="JSONL content changed, proceeding with operation..." mode=auto-import
time=2026-02-22T23:00:07.042-05:00 level=INFO msg="Import failed" error="parent issue ac-4olo does not exist"
time=2026-02-22T23:00:07.920-05:00 level=INFO msg="Import triggered by file change"
time=2026-02-22T23:00:07.949-05:00 level=INFO msg="Starting auto-import" mode=auto-import
time=2026-02-22T23:00:08.366-05:00 level=INFO msg="File change detected" path=/Users/matthew/s-proj/main/.git/beads-worktrees/beads-sync/.beads/issues.jsonl
time=2026-02-22T23:00:08.376-05:00 level=INFO msg="Pulled sync branch" branch=beads-sync fast_forward=false merged=false
time=2026-02-22T23:00:08.377-05:00 level=INFO msg="🔍 Checking JSONL content hash AFTER pull (fix: auto-pull-not-pulling)"
time=2026-02-22T23:00:08.379-05:00 level=INFO msg="JSONL content changed, proceeding with operation..." mode=auto-import
time=2026-02-22T23:00:08.462-05:00 level=INFO msg="Import failed" error="parent issue ac-4olo does not exist"
time=2026-02-22T23:00:09.369-05:00 level=INFO msg="Import triggered by file change"
time=2026-02-22T23:00:09.393-05:00 level=INFO msg="Starting auto-import" mode=auto-import
time=2026-02-22T23:00:09.850-05:00 level=INFO msg="File change detected" path=/Users/matthew/s-proj/main/.git/beads-worktrees/beads-sync/.beads/issues.jsonl
time=2026-02-22T23:00:09.864-05:00 level=INFO msg="Pulled sync branch" branch=beads-sync fast_forward=false merged=false
time=2026-02-22T23:00:09.864-05:00 level=INFO msg="🔍 Checking JSONL content hash AFTER pull (fix: auto-pull-not-pulling)"
time=2026-02-22T23:00:09.866-05:00 level=INFO msg="JSONL content changed, proceeding with operation..." mode=auto-import
time=2026-02-22T23:00:09.943-05:00 level=INFO msg="Import failed" error="parent issue ac-4olo does not exist"
time=2026-02-22T23:00:10.853-05:00 level=INFO msg="Import triggered by file change"
time=2026-02-22T23:00:10.886-05:00 level=INFO msg="Starting auto-import" mode=auto-import
time=2026-02-22T23:00:11.336-05:00 level=INFO msg="File change detected" path=/Users/matthew/s-proj/main/.git/beads-worktrees/beads-sync/.beads/issues.jsonl
time=2026-02-22T23:00:11.348-05:00 level=INFO msg="Pulled sync branch" branch=beads-sync fast_forward=false merged=false
time=2026-02-22T23:00:11.348-05:00 level=INFO msg="🔍 Checking JSONL content hash AFTER pull (fix: auto-pull-not-pulling)"
time=2026-02-22T23:00:11.350-05:00 level=INFO msg="JSONL content changed, proceeding with operation..." mode=auto-import
time=2026-02-22T23:00:11.428-05:00 level=INFO msg="Import failed" error="parent issue ac-4olo does not exist"
time=2026-02-22T23:00:12.338-05:00 level=INFO msg="Import triggered by file change"
time=2026-02-22T23:00:12.366-05:00 level=INFO msg="Starting auto-import" mode=auto-import
time=2026-02-22T23:00:12.770-05:00 level=INFO msg="File change detected" path=/Users/matthew/s-proj/main/.git/beads-worktrees/beads-sync/.beads/issues.jsonl
time=2026-02-22T23:00:12.782-05:00 level=INFO msg="Pulled sync branch" branch=beads-sync fast_forward=false merged=false
time=2026-02-22T23:00:12.782-05:00 level=INFO msg="🔍 Checking JSONL content hash AFTER pull (fix: auto-pull-not-pulling)"
time=2026-02-22T23:00:12.783-05:00 level=INFO msg="JSONL content changed, proceeding with operation..." mode=auto-import
time=2026-02-22T23:00:12.863-05:00 level=INFO msg="Import failed" error="parent issue ac-4olo does not exist"
time=2026-02-22T23:00:13.773-05:00 level=INFO msg="Import triggered by file change"
time=2026-02-22T23:00:13.818-05:00 level=INFO msg="Starting auto-import" mode=auto-import
time=2026-02-22T23:00:14.254-05:00 level=INFO msg="File change detected" path=/Users/matthew/s-proj/main/.git/beads-worktrees/beads-sync/.beads/issues.jsonl
time=2026-02-22T23:00:14.277-05:00 level=INFO msg="Pulled sync branch" branch=beads-sync fast_forward=false merged=false
time=2026-02-22T23:00:14.277-05:00 level=INFO msg="🔍 Checking JSONL content hash AFTER pull (fix: auto-pull-not-pulling)"
time=2026-02-22T23:00:14.280-05:00 level=INFO msg="JSONL content changed, proceeding with operation..." mode=auto-import
time=2026-02-22T23:00:14.417-05:00 level=INFO msg="Import failed" error="parent issue ac-4olo does not exist"
time=2026-02-22T23:00:15.256-05:00 level=INFO msg="Import triggered by file change"
time=2026-02-22T23:00:15.298-05:00 level=INFO msg="Starting auto-import" mode=auto-import
time=2026-02-22T23:00:15.725-05:00 level=INFO msg="File change detected" path=/Users/matthew/s-proj/main/.git/beads-worktrees/beads-sync/.beads/issues.jsonl
time=2026-02-22T23:00:15.738-05:00 level=INFO msg="Pulled sync branch" branch=beads-sync fast_forward=false merged=false
time=2026-02-22T23:00:15.738-05:00 level=INFO msg="🔍 Checking JSONL content hash AFTER pull (fix: auto-pull-not-pulling)"
time=2026-02-22T23:00:15.739-05:00 level=INFO msg="JSONL content changed, proceeding with operation..." mode=auto-import
time=2026-02-22T23:00:15.814-05:00 level=INFO msg="Import failed" error="parent issue ac-4olo does not exist"
time=2026-02-22T23:00:16.726-05:00 level=INFO msg="Import triggered by file change"
time=2026-02-22T23:00:16.748-05:00 level=INFO msg="Starting auto-import" mode=auto-import
time=2026-02-22T23:00:17.166-05:00 level=INFO msg="File change detected" path=/Users/matthew/s-proj/main/.git/beads-worktrees/beads-sync/.beads/issues.jsonl
time=2026-02-22T23:00:17.175-05:00 level=INFO msg="Pulled sync branch" branch=beads-sync fast_forward=false merged=false
time=2026-02-22T23:00:17.175-05:00 level=INFO msg="🔍 Checking JSONL content hash AFTER pull (fix: auto-pull-not-pulling)"
time=2026-02-22T23:00:17.176-05:00 level=INFO msg="JSONL content changed, proceeding with operation..." mode=auto-import
time=2026-02-22T23:00:17.254-05:00 level=INFO msg="Import failed" error="parent issue ac-4olo does not exist"
time=2026-02-22T23:00:18.168-05:00 level=INFO msg="Import triggered by file change"
time=2026-02-22T23:00:18.216-05:00 level=INFO msg="Starting auto-import" mode=auto-import
time=2026-02-22T23:00:18.643-05:00 level=INFO msg="File change detected" path=/Users/matthew/s-proj/main/.git/beads-worktrees/beads-sync/.beads/issues.jsonl
time=2026-02-22T23:00:18.660-05:00 level=INFO msg="Pulled sync branch" branch=beads-sync fast_forward=false merged=false
time=2026-02-22T23:00:18.660-05:00 level=INFO msg="🔍 Checking JSONL content hash AFTER pull (fix: auto-pull-not-pulling)"
time=2026-02-22T23:00:18.661-05:00 level=INFO msg="JSONL content changed, proceeding with operation..." mode=auto-import
time=2026-02-22T23:00:18.738-05:00 level=INFO msg="Import failed" error="parent issue ac-4olo does not exist"
time=2026-02-22T23:00:19.646-05:00 level=INFO msg="Import triggered by file change"
time=2026-02-22T23:00:19.693-05:00 level=INFO msg="Starting auto-import" mode=auto-import
time=2026-02-22T23:00:20.124-05:00 level=INFO msg="File change detected" path=/Users/matthew/s-proj/main/.git/beads-worktrees/beads-sync/.beads/issues.jsonl
time=2026-02-22T23:00:20.136-05:00 level=INFO msg="Pulled sync branch" branch=beads-sync fast_forward=false merged=false
time=2026-02-22T23:00:20.136-05:00 level=INFO msg="🔍 Checking JSONL content hash AFTER pull (fix: auto-pull-not-pulling)"
time=2026-02-22T23:00:20.136-05:00 level=INFO msg="JSONL content changed, proceeding with operation..." mode=auto-import
time=2026-02-22T23:00:20.214-05:00 level=INFO msg="Import failed" error="parent issue ac-4olo does not exist"
time=2026-02-22T23:00:21.125-05:00 level=INFO msg="Import triggered by file change"
time=2026-02-22T23:00:21.148-05:00 level=INFO msg="Starting auto-import" mode=auto-import
time=2026-02-22T23:00:21.599-05:00 level=INFO msg="File change detected" path=/Users/matthew/s-proj/main/.git/beads-worktrees/beads-sync/.beads/issues.jsonl
time=2026-02-22T23:00:21.612-05:00 level=INFO msg="Pulled sync branch" branch=beads-sync fast_forward=false merged=false
time=2026-02-22T23:00:21.612-05:00 level=INFO msg="🔍 Checking JSONL content hash AFTER pull (fix: auto-pull-not-pulling)"
time=2026-02-22T23:00:21.613-05:00 level=INFO msg="JSONL content changed, proceeding with operation..." mode=auto-import
time=2026-02-22T23:00:21.690-05:00 level=INFO msg="Import failed" error="parent issue ac-4olo does not exist"
time=2026-02-22T23:00:21.766-05:00 level=INFO msg="Health check: metadata read failed" error="get metadata: sqlite3: SQL logic error: no such table: metadata"
time=2026-02-22T23:00:22.602-05:00 level=INFO msg="Import triggered by file change"
time=2026-02-22T23:00:22.641-05:00 level=INFO msg="Starting auto-import" mode=auto-import
time=2026-02-22T23:00:23.068-05:00 level=INFO msg="File change detected" path=/Users/matthew/s-proj/main/.git/beads-worktrees/beads-sync/.beads/issues.jsonl
time=2026-02-22T23:00:23.081-05:00 level=INFO msg="Pulled sync branch" branch=beads-sync fast_forward=false merged=false
time=2026-02-22T23:00:23.081-05:00 level=INFO msg="🔍 Checking JSONL content hash AFTER pull (fix: auto-pull-not-pulling)"
time=2026-02-22T23:00:23.081-05:00 level=INFO msg="JSONL content changed, proceeding with operation..." mode=auto-import
time=2026-02-22T23:00:23.082-05:00 level=INFO msg="Failed to count issues before import" error="failed to count database issues: failed to search issues: sqlite3: SQL logic error: no such table: issues"
time=2026-02-22T23:00:24.070-05:00 level=INFO msg="Import triggered by file change"
time=2026-02-22T23:00:24.107-05:00 level=INFO msg="Starting auto-import" mode=auto-import
time=2026-02-22T23:00:24.533-05:00 level=INFO msg="File change detected" path=/Users/matthew/s-proj/main/.git/beads-worktrees/beads-sync/.beads/issues.jsonl
time=2026-02-22T23:00:24.546-05:00 level=INFO msg="Pulled sync branch" branch=beads-sync fast_forward=false merged=false
time=2026-02-22T23:00:24.546-05:00 level=INFO msg="🔍 Checking JSONL content hash AFTER pull (fix: auto-pull-not-pulling)"
time=2026-02-22T23:00:24.546-05:00 level=INFO msg="JSONL content changed, proceeding with operation..." mode=auto-import
time=2026-02-22T23:00:24.546-05:00 level=INFO msg="Failed to count issues before import" error="failed to count database issues: failed to search issues: sqlite3: SQL logic error: no such table: issues"
time=2026-02-22T23:00:25.535-05:00 level=INFO msg="Import triggered by file change"
time=2026-02-22T23:00:25.568-05:00 level=INFO msg="Starting auto-import" mode=auto-import
time=2026-02-22T23:00:25.995-05:00 level=INFO msg="File change detected" path=/Users/matthew/s-proj/main/.git/beads-worktrees/beads-sync/.beads/issues.jsonl
time=2026-02-22T23:00:26.008-05:00 level=INFO msg="Pulled sync branch" branch=beads-sync fast_forward=false merged=false
time=2026-02-22T23:00:26.008-05:00 level=INFO msg="🔍 Checking JSONL content hash AFTER pull (fix: auto-pull-not-pulling)"
time=2026-02-22T23:00:26.008-05:00 level=INFO msg="JSONL content changed, proceeding with operation..." mode=auto-import
time=2026-02-22T23:00:26.008-05:00 level=INFO msg="Failed to count issues before import" error="failed to count database issues: failed to search issues: sqlite3: SQL logic error: no such table: issues"
time=2026-02-22T23:00:26.997-05:00 level=INFO msg="Import triggered by file change"
time=2026-02-22T23:00:27.036-05:00 level=INFO msg="Starting auto-import" mode=auto-import
time=2026-02-22T23:00:27.495-05:00 level=INFO msg="File change detected" path=/Users/matthew/s-proj/main/.git/beads-worktrees/beads-sync/.beads/issues.jsonl
time=2026-02-22T23:00:27.505-05:00 level=INFO msg="Pulled sync branch" branch=beads-sync fast_forward=false merged=false
time=2026-02-22T23:00:27.505-05:00 level=INFO msg="🔍 Checking JSONL content hash AFTER pull (fix: auto-pull-not-pulling)"
time=2026-02-22T23:00:27.506-05:00 level=INFO msg="JSONL content changed, proceeding with operation..." mode=auto-import
time=2026-02-22T23:00:27.506-05:00 level=INFO msg="Failed to count issues before import" error="failed to count database issues: failed to search issues: sqlite3: SQL logic error: no such table: issues"
time=2026-02-22T23:00:28.497-05:00 level=INFO msg="Import triggered by file change"
time=2026-02-22T23:00:28.542-05:00 level=INFO msg="Starting auto-import" mode=auto-import
time=2026-02-22T23:00:29.015-05:00 level=INFO msg="File change detected" path=/Users/matthew/s-proj/main/.git/beads-worktrees/beads-sync/.beads/issues.jsonl
time=2026-02-22T23:00:29.032-05:00 level=INFO msg="Pulled sync branch" branch=beads-sync fast_forward=false merged=false
time=2026-02-22T23:00:29.032-05:00 level=INFO msg="🔍 Checking JSONL content hash AFTER pull (fix: auto-pull-not-pulling)"
time=2026-02-22T23:00:29.033-05:00 level=INFO msg="JSONL content changed, proceeding with operation..." mode=auto-import
time=2026-02-22T23:00:29.033-05:00 level=INFO msg="Failed to count issues before import" error="failed to count database issues: failed to search issues: sqlite3: SQL logic error: no such table: issues"
time=2026-02-22T23:00:30.018-05:00 level=INFO msg="Import triggered by file change"
time=2026-02-22T23:00:30.049-05:00 level=INFO msg="Starting auto-import" mode=auto-import
time=2026-02-22T23:00:30.463-05:00 level=INFO msg="File change detected" path=/Users/matthew/s-proj/main/.git/beads-worktrees/beads-sync/.beads/issues.jsonl
time=2026-02-22T23:00:30.478-05:00 level=INFO msg="Pulled sync branch" branch=beads-sync fast_forward=false merged=false
time=2026-02-22T23:00:30.478-05:00 level=INFO msg="🔍 Checking JSONL content hash AFTER pull (fix: auto-pull-not-pulling)"
time=2026-02-22T23:00:30.478-05:00 level=INFO msg="JSONL content changed, proceeding with operation..." mode=auto-import
time=2026-02-22T23:00:30.478-05:00 level=INFO msg="Failed to count issues before import" error="failed to count database issues: failed to search issues: sqlite3: SQL logic error: no such table: issues"
time=2026-02-22T23:00:31.466-05:00 level=INFO msg="Import triggered by file change"
time=2026-02-22T23:00:31.496-05:00 level=INFO msg="Starting auto-import" mode=auto-import
time=2026-02-22T23:00:31.942-05:00 level=INFO msg="File change detected" path=/Users/matthew/s-proj/main/.git/beads-worktrees/beads-sync/.beads/issues.jsonl
time=2026-02-22T23:00:31.954-05:00 level=INFO msg="Pulled sync branch" branch=beads-sync fast_forward=false merged=false
time=2026-02-22T23:00:31.954-05:00 level=INFO msg="🔍 Checking JSONL content hash AFTER pull (fix: auto-pull-not-pulling)"
time=2026-02-22T23:00:31.955-05:00 level=INFO msg="JSONL content changed, proceeding with operation..." mode=auto-import
time=2026-02-22T23:00:31.955-05:00 level=INFO msg="Failed to count issues before import" error="failed to count database issues: failed to search issues: sqlite3: SQL logic error: no such table: issues"
time=2026-02-22T23:00:32.943-05:00 level=INFO msg="Import triggered by file change"
time=2026-02-22T23:00:32.970-05:00 level=INFO msg="Starting auto-import" mode=auto-import
time=2026-02-22T23:00:33.421-05:00 level=INFO msg="File change detected" path=/Users/matthew/s-proj/main/.git/beads-worktrees/beads-sync/.beads/issues.jsonl
time=2026-02-22T23:00:33.434-05:00 level=INFO msg="Pulled sync branch" branch=beads-sync fast_forward=false merged=false
time=2026-02-22T23:00:33.434-05:00 level=INFO msg="🔍 Checking JSONL content hash AFTER pull (fix: auto-pull-not-pulling)"
time=2026-02-22T23:00:33.434-05:00 level=INFO msg="JSONL content changed, proceeding with operation..." mode=auto-import
time=2026-02-22T23:00:33.434-05:00 level=INFO msg="Failed to count issues before import" error="failed to count database issues: failed to search issues: sqlite3: SQL logic error: no such table: issues"
time=2026-02-22T23:00:34.423-05:00 level=INFO msg="Import triggered by file change"
time=2026-02-22T23:00:34.456-05:00 level=INFO msg="Starting auto-import" mode=auto-import
time=2026-02-22T23:00:34.905-05:00 level=INFO msg="File change detected" path=/Users/matthew/s-proj/main/.git/beads-worktrees/beads-sync/.beads/issues.jsonl
time=2026-02-22T23:00:34.921-05:00 level=INFO msg="Pulled sync branch" branch=beads-sync fast_forward=false merged=false
time=2026-02-22T23:00:34.921-05:00 level=INFO msg="🔍 Checking JSONL content hash AFTER pull (fix: auto-pull-not-pulling)"
time=2026-02-22T23:00:34.921-05:00 level=INFO msg="JSONL content changed, proceeding with operation..." mode=auto-import
time=2026-02-22T23:00:34.921-05:00 level=INFO msg="Failed to count issues before import" error="failed to count database issues: failed to search issues: sqlite3: SQL logic error: no such table: issues"
time=2026-02-22T23:00:35.907-05:00 level=INFO msg="Import triggered by file change"
time=2026-02-22T23:00:35.941-05:00 level=INFO msg="Starting auto-import" mode=auto-import
time=2026-02-22T23:00:36.374-05:00 level=INFO msg="File change detected" path=/Users/matthew/s-proj/main/.git/beads-worktrees/beads-sync/.beads/issues.jsonl
time=2026-02-22T23:00:36.388-05:00 level=INFO msg="Pulled sync branch" branch=beads-sync fast_forward=false merged=false
time=2026-02-22T23:00:36.388-05:00 level=INFO msg="🔍 Checking JSONL content hash AFTER pull (fix: auto-pull-not-pulling)"
time=2026-02-22T23:00:36.389-05:00 level=INFO msg="JSONL content changed, proceeding with operation..." mode=auto-import
time=2026-02-22T23:00:36.389-05:00 level=INFO msg="Failed to count issues before import" error="failed to count database issues: failed to search issues: sqlite3: SQL logic error: no such table: issues"
time=2026-02-22T23:00:37.377-05:00 level=INFO msg="Import triggered by file change"
time=2026-02-22T23:00:37.403-05:00 level=INFO msg="Starting auto-import" mode=auto-import
time=2026-02-22T23:00:37.857-05:00 level=INFO msg="File change detected" path=/Users/matthew/s-proj/main/.git/beads-worktrees/beads-sync/.beads/issues.jsonl
time=2026-02-22T23:00:37.871-05:00 level=INFO msg="Pulled sync branch" branch=beads-sync fast_forward=false merged=false
time=2026-02-22T23:00:37.871-05:00 level=INFO msg="🔍 Checking JSONL content hash AFTER pull (fix: auto-pull-not-pulling)"
time=2026-02-22T23:00:37.872-05:00 level=INFO msg="JSONL content changed, proceeding with operation..." mode=auto-import
time=2026-02-22T23:00:37.872-05:00 level=INFO msg="Failed to count issues before import" error="failed to count database issues: failed to search issues: sqlite3: SQL logic error: no such table: issues"
time=2026-02-22T23:00:38.859-05:00 level=INFO msg="Import triggered by file change"
time=2026-02-22T23:00:38.886-05:00 level=INFO msg="Starting auto-import" mode=auto-import
time=2026-02-22T23:00:39.333-05:00 level=INFO msg="File change detected" path=/Users/matthew/s-proj/main/.git/beads-worktrees/beads-sync/.beads/issues.jsonl
time=2026-02-22T23:00:39.347-05:00 level=INFO msg="Pulled sync branch" branch=beads-sync fast_forward=false merged=false
time=2026-02-22T23:00:39.347-05:00 level=INFO msg="🔍 Checking JSONL content hash AFTER pull (fix: auto-pull-not-pulling)"
time=2026-02-22T23:00:39.348-05:00 level=INFO msg="JSONL content changed, proceeding with operation..." mode=auto-import
time=2026-02-22T23:00:39.348-05:00 level=INFO msg="Failed to count issues before import" error="failed to count database issues: failed to search issues: sqlite3: SQL logic error: no such table: issues"
time=2026-02-22T23:00:40.340-05:00 level=INFO msg="Import triggered by file change"
time=2026-02-22T23:00:40.374-05:00 level=INFO msg="Starting auto-import" mode=auto-import
time=2026-02-22T23:00:40.812-05:00 level=INFO msg="File change detected" path=/Users/matthew/s-proj/main/.git/beads-worktrees/beads-sync/.beads/issues.jsonl
time=2026-02-22T23:00:40.826-05:00 level=INFO msg="Pulled sync branch" branch=beads-sync fast_forward=false merged=false
time=2026-02-22T23:00:40.826-05:00 level=INFO msg="🔍 Checking JSONL content hash AFTER pull (fix: auto-pull-not-pulling)"
time=2026-02-22T23:00:40.827-05:00 level=INFO msg="JSONL content changed, proceeding with operation..." mode=auto-import
time=2026-02-22T23:00:40.827-05:00 level=INFO msg="Failed to count issues before import" error="failed to count database issues: failed to search issues: sqlite3: SQL logic error: no such table: issues"
time=2026-02-22T23:00:41.820-05:00 level=INFO msg="Import triggered by file change"
time=2026-02-22T23:00:41.855-05:00 level=INFO msg="Starting auto-import" mode=auto-import
time=2026-02-22T23:00:42.313-05:00 level=INFO msg="File change detected" path=/Users/matthew/s-proj/main/.git/beads-worktrees/beads-sync/.beads/issues.jsonl
time=2026-02-22T23:00:42.328-05:00 level=INFO msg="Pulled sync branch" branch=beads-sync fast_forward=false merged=false
time=2026-02-22T23:00:42.328-05:00 level=INFO msg="🔍 Checking JSONL content hash AFTER pull (fix: auto-pull-not-pulling)"
time=2026-02-22T23:00:42.328-05:00 level=INFO msg="JSONL content changed, proceeding with operation..." mode=auto-import
time=2026-02-22T23:00:42.328-05:00 level=INFO msg="Failed to count issues before import" error="failed to count database issues: failed to search issues: sqlite3: SQL logic error: no such table: issues"
